,age,gender,yearsProgramming,yearsCPP,roleDeveloper,roleTeamManager,roleProjectManager,testing,other,otherText,projects,progSkillsGeneral,progSkillsCPP,survey,,,
195,30 - 34 years,Female,1,1,TRUE,FALSE,FALSE,FALSE,FALSE,NA,NA,1,1,S1,,,
229,30 - 34 years,Male,29,25,TRUE,TRUE,FALSE,TRUE,FALSE,NA,"CPython, git, Pike, uPython, and many many others. I also have a large number of personal or small-team projects which are open source.",4,4,S1,,,
240,30 - 34 years,Male,20,18,TRUE,FALSE,FALSE,FALSE,FALSE,NA,"cairo, Firefox, Linux Kernel, Binutils, WINE, MESA, X, sparse, Evince, qemu, ffmpeg",3,3,S1,,,
277,40 - 44 years,Male,38,36,TRUE,TRUE,TRUE,FALSE,TRUE,Faculty,"Wow.  gcc, the Linux kernel, ""my"" own (STINGER, osdbi, etc.), and others.  I tend to fling patches towards projects that need a fix.  Plus my own work is out there.",4,4,S1,,,
301,25 - 29 years,Male,10,3,TRUE,FALSE,FALSE,FALSE,FALSE,NA,"js2cpp
terser
and more",4,2,S1,,,
306,35 - 39 years,Male,23,10,TRUE,FALSE,FALSE,FALSE,FALSE,NA,"git, personal projects, Luarocks, others (cannot recall. Small patches)",4,2,S1,,,
320,30 - 34 years,Male,10,10,TRUE,FALSE,FALSE,FALSE,FALSE,NA,"- Linux kernel
- git
- buildroot
- dpdk",2,3,S1,,,
321,25 - 29 years,Male,10,10,TRUE,FALSE,FALSE,FALSE,FALSE,NA,"SDL2, Emscripten",3,3,S1,,,
341,30 - 34 years,Male,12,6,TRUE,FALSE,FALSE,FALSE,TRUE,architect,"C++/Qt projects
plain-C projects (typically: patches/contributions, sometimes just diving in the code to get a better understanding; examples: Varnish, fuse-based filesystems)
Linux kernel (one patch in the network stack, kept private at the moment)",3,2,S1,,,
346,30 - 34 years,Male,10,6,TRUE,FALSE,FALSE,FALSE,FALSE,NA,"Rust, Git, My own little projects (websocat, dive, tcpsocks, mkvparse, virtual_touchscreen and many others).",4,3,S1,,,
350,30 - 34 years,Prefer not to tell,24,5,TRUE,TRUE,TRUE,TRUE,TRUE,SRE,"You can scrape https://github.com/MostAwesomeDude contribution activity for the details. Overview:

* PGD, the Protein Geometry Database (I wasn't an author on the paper, just a maintainer)
* Twisted Python
* Linux
* Xorg/Mesa3D
* Bravo, Minecraft-compatible game server (https://github.com/bravoserver/bravo)
* Construct for Python, just maintained it for a couple years while the author took a break
* nixpkgs
* Monte, programming language (https://github.com/monte-language/, https://monte.rtfd.org/)

Piles of small libraries not widely adopted for Python, Haskell, and others; many drive-by contributions, many experiments not worth mentioning.
",4,3,S1,,,
366,30 - 34 years,Male,19,6,TRUE,TRUE,FALSE,FALSE,FALSE,NA,"Gentoo Linux, Git, Wicket, Maven, git-as-svn, lots of them.",4,3,S1,,,
378,20 - 24 years,Male,11,4,TRUE,TRUE,TRUE,TRUE,FALSE,NA,"Primarily jailbreaks/exploit chains targeting iOS, as well as various utilities to aid in reverse engineering.
In the past also Minecraft server plugins and a few niche JavaScript libraries.",4,4,S1,,,
389,30 - 34 years,Male,12,8,TRUE,FALSE,FALSE,TRUE,TRUE,LicensingCopyright,"Git, Red Eclipse (game), Liero (game), RTEMS, COSMOS (mission control sw), Debian",2,2,S1,,,
399,35 - 39 years,Male,20,19,TRUE,FALSE,FALSE,FALSE,FALSE,NA,Emacs,2,2,S1,,,
401,40 - 44 years,Male,25,20,TRUE,TRUE,TRUE,FALSE,FALSE,NA,"Apart from the ones I host on github myself I submit patches and bug reports as part of my daily work to Linux infrastructure projects (such as xorg, ModemManager, libnl etc.)",4,4,S1,,,
407,30 - 34 years,Male,25,13,TRUE,TRUE,TRUE,FALSE,FALSE,NA,"MoarVM (a virtual machine written in C)
Rakudo Perl 6
Numerous Perl 6 modules",4,3,S1,,,
410,30 - 34 years,Male,3,1,FALSE,FALSE,FALSE,FALSE,TRUE,Analyst,"- Innovative Hardwareplattform zur Akquise von Sensorsignalen in der Medizintechnik (OVGU).
- I gave small contributions to the Espressif esp8266 library and to softwares in the field of MRI (DPARSF, FSL).",2,2,S1,,,
415,15 - 19 years,Male,7,4,TRUE,FALSE,FALSE,FALSE,FALSE,NA,iSH (ios linux),3,4,S1,,,
422,50 - 54 years,Male,30,30,TRUE,FALSE,TRUE,FALSE,FALSE,NA,"groff, FreeType, ttfautohint",4,4,S1,,,
425,20 - 24 years,Male,6,4,TRUE,FALSE,FALSE,FALSE,FALSE,NA,LLVM,4,4,S1,,,
430,55 - 59 years,Prefer not to tell,30,25,TRUE,FALSE,FALSE,FALSE,FALSE,NA,"Apache, Git, sendmail, plus others.",3,4,S1,,,
437,25 - 29 years,Male,10,8,TRUE,FALSE,FALSE,FALSE,FALSE,NA,Chromium,3,3,S1,,,
461,40 - 44 years,Male,20,18,TRUE,FALSE,FALSE,FALSE,FALSE,NA,Git,3,2,S1,,,
463,50 - 54 years,Male,30,25,TRUE,TRUE,TRUE,TRUE,TRUE,devops,"emacs, inkscape, etc.",4,4,S1,,,
480,20 - 24 years,Prefer not to tell,10,9,TRUE,FALSE,FALSE,FALSE,FALSE,NA,"systemd, sway, meson",3,3,S1,,,
495,25 - 29 years,Male,11,4,TRUE,TRUE,TRUE,FALSE,FALSE,NA,"urwid, neovim, THREE.js, CPython, impress.js and some others",4,3,S1,,,
502,30 - 34 years,Male,30,19,TRUE,FALSE,FALSE,FALSE,FALSE,NA,"Minor contributions to Xine, Subsurface, Inkscape, Gnumeric, plus several projects of my own which are open source but rather obscure.",4,4,S1,,,
506,30 - 34 years,Male,22,8,TRUE,FALSE,FALSE,FALSE,TRUE,everything,"Not too much. Currently I release some of my own code as open source (edsdk4j, oscilloscope). Many years ago I contributed a bit to Processing. ",4,3,S1,,,
509,40 - 44 years,Male,24,17,TRUE,FALSE,FALSE,FALSE,TRUE,Research,"curl
Qt
vstgui
yajl-objc",3,3,S1,,,
518,30 - 34 years,Male,20,17,TRUE,FALSE,FALSE,FALSE,FALSE,NA,"GCC, Linux kernel, musl libc",3,4,S1,,,
531,30 - 34 years,Male,16,3,TRUE,TRUE,FALSE,FALSE,FALSE,NA,"curl, axtls, HockeyKit",3,2,S1,,,
539,60 - 64 years,Male,40,40,FALSE,FALSE,FALSE,FALSE,FALSE,Archtect/Project Mananager/Developer/QA,"Linux Kernel, OpenSSL",4,4,S1,,,
554,35 - 39 years,Male,20,10,TRUE,FALSE,FALSE,FALSE,FALSE,NA,"SDL, MoarVM, NQP, Perl, Perl 6, Rakudo, Parrot",4,2,S1,,,
559,30 - 34 years,Male,10,10,TRUE,FALSE,FALSE,FALSE,TRUE,sre,NA,4,3,S1,,,
564,30 - 34 years,Male,24,23,TRUE,FALSE,FALSE,FALSE,FALSE,NA,stb,3,3,S1,,,
590,25 - 29 years,Male,8,0,TRUE,FALSE,FALSE,FALSE,FALSE,NA,"If we talk about c/c++ then:

* libuv
* neovim
* weechat",3,1,S1,,,
592,30 - 34 years,Male,17,10,TRUE,FALSE,FALSE,FALSE,FALSE,NA,"OpenLayers, SBCL, SLIME, markdown-mode",4,2,S1,,,
593,55 - 59 years,Male,38,33,TRUE,FALSE,FALSE,TRUE,FALSE,NA,"Parrot, personal projects and minor patches on others.",3,4,S1,,,
598,30 - 34 years,Male,25,17,TRUE,FALSE,FALSE,FALSE,TRUE,Architect,"Valgrind, VirtualBox, GNU compiler, Perl, cURL, ...",4,4,S1,,,
601,30 - 34 years,Male,17,17,TRUE,TRUE,FALSE,FALSE,FALSE,NA,"Git, Linux, U-Boot",4,4,S1,,,
615,40 - 44 years,Male,25,10,TRUE,FALSE,FALSE,FALSE,FALSE,NA,VLC,3,3,S1,,,
626,35 - 39 years,Male,18,3,TRUE,FALSE,FALSE,FALSE,FALSE,NA,"pandoc, hslua",3,2,S1,,,
655,45 - 49 years,Male,35,25,TRUE,FALSE,TRUE,FALSE,FALSE,NA,"Linux, git, subsurface",4,4,S1,,,
661,35 - 39 years,Male,15,15,TRUE,TRUE,FALSE,FALSE,FALSE,NA,OBS,4,4,S1,,,
664,40 - 44 years,Male,30,25,TRUE,TRUE,TRUE,FALSE,FALSE,NA,"FreeBSD, django, python, git.",4,4,S1,,,
672,40 - 44 years,Male,12,12,TRUE,TRUE,TRUE,FALSE,FALSE,NA,"libcurl
pfq
Intel QuickAssist drivers
openbaton
",3,3,S1,,,
689,40 - 44 years,Male,25,20,TRUE,FALSE,FALSE,FALSE,FALSE,NA,"PostgreSQL, FreeBSD",3,3,S1,,,
690,30 - 34 years,Male,20,20,TRUE,FALSE,FALSE,FALSE,FALSE,NA,many very small contributions,4,2,S1,,,
696,35 - 39 years,Male,26,24,TRUE,TRUE,TRUE,TRUE,FALSE,NA,"TinyCC, Sigrok, Ultrastar Deluxe,  Ultratools, Linux Kernel, minor contributions to several other projects",3,3,S1,,,
699,30 - 34 years,Male,15,4,TRUE,TRUE,FALSE,FALSE,FALSE,NA,Emscripten,3,2,S1,,,
701,30 - 34 years,Male,19,17,TRUE,FALSE,FALSE,FALSE,FALSE,NA,"Syllable, LibreOffice, Inkscape, XQuartz, SANE",3,3,S1,,,
702,30 - 34 years,Male,20,5,TRUE,FALSE,FALSE,TRUE,FALSE,NA,too many to list,4,2,S1,,,
706,30 - 34 years,Male,20,15,TRUE,FALSE,FALSE,FALSE,FALSE,NA,"In terms of larger open source projects (distros), I have worked on Gentoo, CoreOS, and Fedora.  I don't tend to make significant contributions to individual projects since I usually work at the distro level, but if you count small fixes and features, then there are many dozens at this point: Linux, Hurd, GRUB, Git, systemd, GNOME components, X components, GNU projects, etc.",3,4,S1,,,
709,35 - 39 years,Male,20,18,TRUE,TRUE,FALSE,FALSE,FALSE,NA,NA,4,4,S1,,,
710,35 - 39 years,Male,24,22,TRUE,FALSE,FALSE,FALSE,FALSE,NA,"libopencm3
APBTeam robot",4,4,S1,,,
732,40 - 44 years,Male,20,20,TRUE,FALSE,FALSE,TRUE,FALSE,NA,"other than personal projects: Firefox, MXE",3,2,S1,,,
746,30 - 34 years,Male,25,21,TRUE,FALSE,TRUE,TRUE,FALSE,NA,"Gnome, Irssi",4,4,S1,,,
747,35 - 39 years,Male,31,22,TRUE,TRUE,TRUE,TRUE,FALSE,NA,"ec2drv, git, reqflow",4,4,S1,,,
748,30 - 34 years,Male,20,15,TRUE,TRUE,FALSE,FALSE,TRUE,securitycodereview,many small contributions,4,4,S1,,,
750,30 - 34 years,Male,12,5,TRUE,FALSE,TRUE,TRUE,FALSE,NA,NA,2,2,S1,,,
758,35 - 39 years,Male,30,20,TRUE,FALSE,TRUE,FALSE,FALSE,NA,"fresco, gnu arch, monotone, faac, openbios, coreboot, linux kernel, tianocore",4,4,S1,,,
770,25 - 29 years,Male,7,7,TRUE,FALSE,FALSE,FALSE,FALSE,NA,"Linux, Android, osquery, fboss, rocksdb, i3, ext4...",2,2,S1,,,
772,35 - 39 years,Male,20,15,TRUE,TRUE,TRUE,TRUE,FALSE,NA,NA,4,3,S1,,,
781,30 - 34 years,Male,25,17,TRUE,FALSE,FALSE,FALSE,FALSE,NA,NA,4,3,S1,,,
798,20 - 24 years,Male,5,1,TRUE,FALSE,FALSE,TRUE,FALSE,NA,QMK,2,1,S1,,,
800,20 - 24 years,Male,8,4,TRUE,FALSE,FALSE,FALSE,FALSE,NA,"Mumble
libsndfile
Runelite",3,2,S1,,,
805,35 - 39 years,Male,13,3,TRUE,FALSE,FALSE,TRUE,FALSE,NA,NA,3,3,S1,,,
820,20 - 24 years,Male,7,7,TRUE,FALSE,FALSE,FALSE,FALSE,NA,"wlroots
sway
weston",4,4,S1,,,
824,40 - 44 years,Male,32,25,TRUE,TRUE,TRUE,FALSE,FALSE,NA,"Arduino-esp32, Arduino-esp8266, genesys, awesome WM, ...",4,4,S1,,,
827,30 - 34 years,Male,18,14,TRUE,FALSE,FALSE,FALSE,FALSE,NA,"git, gentoo linux, nemerle compiler, offlineIMAP",3,3,S1,,,
829,20 - 24 years,Male,9,8,TRUE,FALSE,FALSE,FALSE,FALSE,NA,"mostly embedded projects, some are on my github, now I develop for Prague student formula eForce",3,3,S1,,,
842,25 - 29 years,Male,10,6,TRUE,FALSE,FALSE,FALSE,FALSE,NA,"git, curl",3,2,S1,,,
843,45 - 49 years,Male,30,15,TRUE,FALSE,FALSE,TRUE,FALSE,NA,"MPlayer, FFmpeg",3,3,S1,,,
848,30 - 34 years,Male,14,12,TRUE,TRUE,FALSE,FALSE,FALSE,NA,"I've made little contributions to several big projects like Linux kernel, Boost or Qt, but my main efforts are made for my free projects, floaxie (https://github.com/aclex/floaxie), peli (https://github.com/aclex/peli), Violin (https://gitlab.com/aclex/violin).",3,3,S1,,,
871,35 - 39 years,Male,12,12,TRUE,TRUE,FALSE,FALSE,TRUE,ApplicationSecurityArchitect,"Curl, openssl, hypriotOS, glusterfs",3,3,S1,,,
949,40 - 44 years,Male,18,5,TRUE,FALSE,FALSE,FALSE,FALSE,NA,gnu pdf and emacs,4,3,S1,,,
955,40 - 44 years,Male,36,24,TRUE,TRUE,FALSE,FALSE,FALSE,NA,"ircu2, srvx, very small contributions to the Linux kernel and gcc",4,4,S1,,,
975,35 - 39 years,Male,10,4,TRUE,FALSE,FALSE,FALSE,TRUE,SRE,"Nethack
Curl
pgsql
episcina
erlcloud",3,2,S1,,,
978,25 - 29 years,Male,6,6,TRUE,FALSE,FALSE,FALSE,FALSE,NA,"QEMU, EDKII, scrcpy, magisk, etc",3,3,S1,,,
981,35 - 39 years,Male,25,20,TRUE,FALSE,FALSE,FALSE,TRUE,Architect,"C-based: pulseaudio, ALSA, ImageMagick, dcaenc

Other: Linux From Scratch, noVNC",4,3,S1,,,
986,30 - 34 years,Male,24,18,TRUE,FALSE,FALSE,FALSE,FALSE,NA,I work for OpenSSL as a committer and I am also a team member of Tengine - a web server of Alibaba group.,4,4,S1,,,
990,25 - 29 years,Male,7,6,TRUE,FALSE,FALSE,FALSE,FALSE,NA,"ffmpeg
lmms (Linux MultiMedia Studio)
Some personal projects on Github",3,3,S1,,,
993,25 - 29 years,Male,10,10,TRUE,FALSE,FALSE,FALSE,FALSE,NA,"coreboot, radare2",2,2,S1,,,
998,30 - 34 years,Male,19,10,TRUE,FALSE,FALSE,FALSE,FALSE,NA,"ffmpeg
several small tools and interpreters (see http://arkanis.de/tags/c)",3,3,S1,,,
1020,40 - 44 years,Male,20,20,FALSE,TRUE,FALSE,FALSE,FALSE,NA,h2o,3,4,S1,,,
1022,25 - 29 years,Male,6,6,TRUE,FALSE,TRUE,FALSE,FALSE,NA,"Arduino libraries, face tracking system, cli reference manager.",4,3,S1,,,
1038,30 - 34 years,Male,10,4,TRUE,FALSE,FALSE,FALSE,FALSE,NA,"Quiet Modem (creator/owner)
Small patches made on Firefox, libwebrtc",3,2,S1,,,
1043,20 - 24 years,Male,10,9,TRUE,TRUE,FALSE,TRUE,FALSE,NA,"BZFlag, BZiON",4,3,S1,,,
1059,50 - 54 years,Male,35,26,TRUE,TRUE,TRUE,TRUE,FALSE,NA,"Linux FDDI driver. Contributed bug fixes to various projects over the years, including hostapd and wpa_supplicant.",3,3,S1,,,
1081,40 - 44 years,Male,35,25,TRUE,TRUE,TRUE,TRUE,FALSE,NA,Would not make this anonymous if I told you.,4,4,S1,,,
1090,45 - 49 years,Male,10,5,TRUE,FALSE,FALSE,FALSE,TRUE,Sysadmin,"Metalog, Linux kernel, Debops, homebrew, SGL, Lunar Linux, ",2,2,S1,,,
1100,30 - 34 years,Male,14,14,TRUE,FALSE,FALSE,FALSE,FALSE,NA,"linux, u-boot, yocto, rust",3,3,S1,,,
1101,35 - 39 years,Male,21,20,TRUE,FALSE,FALSE,FALSE,FALSE,NA,"FFmpeg, Libav",3,3,S1,,,
1110,30 - 34 years,Male,20,15,TRUE,FALSE,TRUE,FALSE,FALSE,NA,"I have made small contributions to far too many projects to mention, but I would not say I have made large contributions to any major open source projects.",3,3,S1,,,
1111,40 - 44 years,Male,27,12,TRUE,TRUE,FALSE,TRUE,FALSE,NA,"Too numerous to list fully. Here is a list of a few that I have worked on: noVNC, QEMU, libvncserver, mal/make-a-lisp, wac/wace, warpy, raft.js, Gentoo, gcc, emscripten, Servo, SimH, OpenOffice, instacheck,  miniMAL, OpenStack, ClojureScript, AdaptIt, wam, fooboot, lumo",4,4,S1,,,
1118,20 - 24 years,Male,12,4,TRUE,FALSE,FALSE,FALSE,FALSE,NA,"in C/C++: Git, Cinnamon, TensorFlow",4,2,S1,,,
1137,30 - 34 years,Male,10,10,TRUE,FALSE,FALSE,FALSE,FALSE,NA,"nginx, njs",3,3,S1,,,
1159,35 - 39 years,Male,25,15,TRUE,FALSE,FALSE,FALSE,FALSE,NA,Many small contributions to many projects,4,3,S1,,,
1169,40 - 44 years,Male,32,21,FALSE,FALSE,FALSE,FALSE,TRUE,CasualContributor,GNU Emacs,3,3,S1,,,
1171,35 - 39 years,Male,20,15,TRUE,TRUE,FALSE,FALSE,FALSE,NA,"ffmpeg, avconv",3,3,S1,,,
1173,40 - 44 years,Male,20,20,TRUE,FALSE,FALSE,FALSE,FALSE,NA,"Android OS, Linux kernel, U-Boot loader, scrcpy",3,4,S1,,,
1181,40 - 44 years,Male,30,25,TRUE,FALSE,FALSE,TRUE,TRUE,ScrumMaster,"OpenSSL, Tcl/Tk, tktreectrl, tDOM, others",3,3,S1,,,
1200,35 - 39 years,Male,20,15,TRUE,TRUE,FALSE,FALSE,FALSE,NA,"KPhotoAlbum, git, Shuup, django-oidc-provider, pip-tools, Tunnistamo, Respa, Parkkihubi, drf-jwt-2fa, Prequ, ...",4,3,S1,,,
1226,30 - 34 years,Female,20,15,TRUE,FALSE,FALSE,FALSE,FALSE,NA,"Emscripten, Urho3D, SpriteSheetPacker, Tiled",3,3,S1,,,
1227,25 - 29 years,Male,12,12,TRUE,FALSE,FALSE,FALSE,FALSE,NA,Too many to list,3,4,S1,,,
1234,20 - 24 years,Male,4,4,TRUE,FALSE,FALSE,FALSE,FALSE,NA,Linux Kernel,2,2,S1,,,
1240,45 - 49 years,Male,30,26,TRUE,FALSE,TRUE,FALSE,FALSE,NA,"wine
gphoto
libmtp",2,3,S1,,,
1242,45 - 49 years,Male,34,30,TRUE,TRUE,TRUE,TRUE,FALSE,NA,"openvpn
mgetty+sendfax
taylor uucp
NetBSD",4,4,S1,,,
1246,20 - 24 years,Male,1,1,TRUE,FALSE,FALSE,FALSE,FALSE,NA,radare2,2,2,S1,,,
1251,30 - 34 years,Male,20,20,TRUE,TRUE,FALSE,FALSE,FALSE,NA,"Linux, Arch Linux, GStreamer",4,4,S1,,,
1256,40 - 44 years,Male,20,20,TRUE,FALSE,FALSE,FALSE,FALSE,NA,libcurl,4,3,S1,,,
1261,25 - 29 years,Prefer not to tell,15,12,TRUE,FALSE,FALSE,FALSE,FALSE,NA,NA,4,4,S1,,,
1268,35 - 39 years,Male,20,20,TRUE,FALSE,FALSE,FALSE,FALSE,NA,"Linux kernel, VLC media player, Wireshark, FFmpeg",3,4,S1,,,
1270,45 - 49 years,Male,30,20,TRUE,FALSE,TRUE,FALSE,FALSE,NA,"OpenSSL, Linux Kernel (only privately)",2,2,S1,,,
1280,35 - 39 years,Male,-1,-1,TRUE,FALSE,FALSE,FALSE,FALSE,NA,Many of them,1,1,S1,,,
1285,35 - 39 years,Male,20,10,TRUE,TRUE,TRUE,TRUE,FALSE,NA,NA,4,3,S1,,,
1303,45 - 49 years,Male,35,28,TRUE,FALSE,FALSE,FALSE,FALSE,NA,Too many to remember. Currently HomeAutomation.,2,3,S1,,,
1309,35 - 39 years,Male,20,20,TRUE,FALSE,TRUE,FALSE,FALSE,NA,Git,4,4,S1,,,
1314,30 - 34 years,Male,10,8,TRUE,TRUE,FALSE,FALSE,FALSE,NA,"FreeBSD, DragonFlyBSD, pkgng, quirc, octopress, rouge",3,3,S1,,,
1322,40 - 44 years,Male,29,25,TRUE,FALSE,FALSE,FALSE,FALSE,NA,"Git, zlib, phpBB, PCem <https://pcem-emulator.co.uk/>, WDL <https://www.taletn.com/wdl/>, Tale's JSFX Pack <https://www.taletn.com/reaper/mono_synth/>, Perl HTML::Template::HTX",3,4,S1,,,
1324,30 - 34 years,Male,20,13,TRUE,TRUE,FALSE,FALSE,FALSE,NA,"- libuv
- dwm
- surf
- linux kernel
- VoidLinux",4,3,S1,,,
1335,35 - 39 years,Male,30,28,TRUE,FALSE,FALSE,TRUE,FALSE,NA,Mainly Radare2. See my Github page for others.,4,4,S1,,,
1345,25 - 29 years,Male,8,8,TRUE,FALSE,FALSE,FALSE,FALSE,NA,redis,3,3,S1,,,
1352,35 - 39 years,Male,12,12,TRUE,TRUE,FALSE,FALSE,FALSE,NA,curl,4,4,S1,,,
1355,35 - 39 years,Male,17,15,TRUE,FALSE,FALSE,FALSE,FALSE,NA,"Qt Project, Assimp, Unreal Engine 4, KDE, premake, Qt Creator",4,4,S1,,,
1357,35 - 39 years,Male,28,18,TRUE,FALSE,TRUE,FALSE,FALSE,NA,"- many own projects
- kkapture
- GNU Rocket
- Framefield Tooll²",4,4,S1,,,
1373,35 - 39 years,Male,30,20,TRUE,FALSE,TRUE,FALSE,FALSE,NA,"LibreOffice
Debian
capi4hylafax",3,3,S1,,,
1385,45 - 49 years,Male,20,20,TRUE,TRUE,FALSE,FALSE,FALSE,NA,"small contribution to ocilib, emoncms, monit, arduino esp8266",4,3,S1,,,
1390,40 - 44 years,Prefer not to tell,20,1,TRUE,TRUE,FALSE,FALSE,FALSE,NA,"A bunch of Common Lisp stuff, a few Clojure libraries, and sometimes a bug fix for other libraries.",4,1,S1,,,
1406,20 - 24 years,Male,8,1,TRUE,FALSE,FALSE,FALSE,FALSE,NA,"LMMS, Audacity, VLC",4,2,S1,,,
1415,35 - 39 years,Male,18,18,TRUE,TRUE,FALSE,FALSE,FALSE,NA,none,3,3,S1,,,
1421,50 - 54 years,Male,35,23,TRUE,FALSE,FALSE,FALSE,TRUE,architect,"gcc, git, emacs, GNU make, Linux kernel",4,4,S1,,,
1422,25 - 29 years,Male,10,10,TRUE,FALSE,FALSE,FALSE,TRUE,Scrummaster,NA,3,2,S1,,,
1459,30 - 34 years,Male,13,13,TRUE,TRUE,FALSE,FALSE,FALSE,NA,NA,3,3,S1,,,
1512,20 - 24 years,Male,6,4,TRUE,FALSE,FALSE,TRUE,FALSE,NA,"Personal projects, friends' Personal projects, translations in Git & Fish, made packages for Debian, work on Odoo community modules, and some stuff here and there. ",3,3,S1,,,
1542,20 - 24 years,Male,9,4,TRUE,TRUE,TRUE,FALSE,FALSE,NA,gentoo, ffmpeg, vlc, opencv,3,3,S1
1547,40 - 44 years,Male,25,25,FALSE,TRUE,FALSE,FALSE,FALSE,NA,"Apache HTTP Server, Apache APR, Rapidjson, ..",3,4,S1,,,
1560,40 - 44 years,Male,23,23,TRUE,FALSE,FALSE,TRUE,TRUE,documentation,"NetBSD
libzip
libreoffice
many others.
",3,3,S1,,,
1588,35 - 39 years,Male,30,27,TRUE,FALSE,FALSE,FALSE,FALSE,NA,NA,4,4,S1,,,
1595,30 - 34 years,Male,16,3,TRUE,FALSE,FALSE,FALSE,FALSE,NA,ffmpeg,3,2,S1,,,
1597,30 - 34 years,Male,16,12,TRUE,FALSE,TRUE,FALSE,FALSE,NA,"Linux Kernel, MAME",3,3,S1,,,
1665,35 - 39 years,Male,25,25,TRUE,TRUE,FALSE,FALSE,FALSE,NA,"The Linux kernel, ffmpeg, hostapd, Fedora, Debian, User Mode Linux, ivykis.",4,4,S1,,,
1675,45 - 49 years,Male,25,22,TRUE,TRUE,FALSE,FALSE,FALSE,NA,"linux kernel, cscsope, glibc, irqbalance, rng-tools, dmidecode, redfish-finder, freight-container, dropwatchm lksctp-tools",3,4,S1,,,
1679,55 - 59 years,Male,30,30,TRUE,FALSE,FALSE,FALSE,FALSE,NA,"openSUSE, Fedora, MeeGo, glibc, freetype, fontconfig, ibus, ibus-typing-booster, ibus-table, ibus-m17n, qt",3,3,S1,,,
1687,30 - 34 years,Male,13,13,TRUE,FALSE,FALSE,FALSE,FALSE,NA,"Clementine Music Player
Mozilla Firefox
Qt
TagLib
ffmpeg
clang",4,4,S1,,,
1688,25 - 29 years,Other,10,3,TRUE,FALSE,FALSE,FALSE,FALSE,NA,x-moto and qmk_firmware,4,2,S1,,,
1704,45 - 49 years,Male,35,25,TRUE,TRUE,FALSE,FALSE,FALSE,NA,"Git, Infinispan",4,4,S1,,,
1723,35 - 39 years,Male,20,20,TRUE,FALSE,TRUE,FALSE,TRUE,SoftwareSecurity,"Linux, Mono, Radare2",3,3,S1,,,
1726,35 - 39 years,Male,20,10,TRUE,FALSE,TRUE,TRUE,FALSE,NA,"eisfair, fli4l, ptxdist, libcgi, buildroot, linux kernel, and more",2,3,S1,,,
1758,35 - 39 years,Male,25,20,TRUE,FALSE,FALSE,FALSE,FALSE,NA,NA,3,3,S1,,,
1767,35 - 39 years,Male,22,18,TRUE,TRUE,FALSE,FALSE,TRUE,DatabaseArchitect,Various small contributions,3,3,S1,,,
1771,35 - 39 years,Male,21,19,TRUE,TRUE,TRUE,FALSE,FALSE,NA,Various: https://github.com/aras-p,3,3,S1,,,
1775,55 - 59 years,Male,38,37,TRUE,FALSE,TRUE,TRUE,FALSE,NA,"perl5, several perl5 core/cpan modules, git, claws-mail, grep, perl6, tcsh, xterm, hexchat, elvis, tar",4,4,S1,,,
1787,35 - 39 years,Male,20,20,TRUE,FALSE,TRUE,FALSE,FALSE,NA,"Linux kernel, GNU Emacs, GCC, Firefox",4,4,S1,,,
1792,20 - 24 years,Male,10,10,TRUE,TRUE,TRUE,TRUE,FALSE,NA,"Magnum, Corrade, Assimp, vcpkg, imglib2, scijava, KNIME, Irrlicht, m.css, poco, emscripten, glfw",4,4,S1,,,
1797,40 - 44 years,Male,30,18,TRUE,TRUE,TRUE,FALSE,FALSE,NA,"Perl, Harfbuzz, SILE",4,2,S1,,,
1824,25 - 29 years,Male,15,5,TRUE,FALSE,FALSE,FALSE,FALSE,NA,"ffmpeg, openh264, gstreamer plugins (bad, good), libmxf, libmxf++, libbmx",3,3,S1,,,
1833,50 - 54 years,Male,39,27,TRUE,FALSE,FALSE,FALSE,FALSE,NA,"Rosegarden, acpid, acpid2",4,4,S1,,,
1844,45 - 49 years,Male,35,33,TRUE,TRUE,TRUE,TRUE,FALSE,NA,"FreeS/WAN, Openswan, tcpdump/libpcap, *BSD, sendmail, unstrung, minerva, dozens of custom extensions to BSD-licensed code,",3,4,S1,,,
1861,25 - 29 years,Male,11,10,TRUE,TRUE,FALSE,FALSE,FALSE,NA,"Data Plane Development Kit (https://www.dpdk.org/), Buildroot (https://buildroot.org/), Linux Kernel, Poco (https://pocoproject.org/), BeeeOn (https://github.com/BeeeOn).",3,3,S1,,,
1864,45 - 49 years,Prefer not to tell,30,25,TRUE,TRUE,TRUE,TRUE,FALSE,NA,"http://squid-cache.org/
http://web-polygraph.org/
http://e-cap.org/
http://curl.haxx.se/
http://www.isc.org/downloads/bind/",4,4,S1,,,
1866,45 - 49 years,Male,30,25,TRUE,TRUE,TRUE,FALSE,FALSE,NA,"ffmpeg, ESPAsyncWiFiManager, donkey, and others",4,3,S1,,,
1868,20 - 24 years,Male,6,5,TRUE,FALSE,FALSE,FALSE,FALSE,NA,"GNU Emacs (C/Elisp), numerous Emacs packages (Elisp), cmus (C), pamixer (C++), various small personal projects (Elisp, Haskell, C, C++, Python, Java).",3,2,S1,,,
1878,25 - 29 years,Male,10,10,TRUE,FALSE,TRUE,FALSE,FALSE,NA,OBS,3,2,S1,,,
1883,35 - 39 years,Male,15,15,TRUE,FALSE,FALSE,TRUE,FALSE,NA,"linux kernel, Debian, liquidsoap",3,3,S1,,,
1911,40 - 44 years,Male,25,25,TRUE,FALSE,FALSE,TRUE,TRUE,Hobbyist,"A few, in a few languages, but nothing big.",3,2,S1,,,
1923,40 - 44 years,Male,25,20,TRUE,FALSE,FALSE,FALSE,FALSE,NA,Emacs and some others,3,4,S1,,,
1944,45 - 49 years,Male,35,20,TRUE,TRUE,FALSE,TRUE,TRUE,CTO,"Linux Kernel
Log4cxx
ASIO
sshlib
quartz .net
openpgpjs
flow.js
wixtoolset
aws-sdk-cpp
poco
spdlog++
openssl
",3,4,S1,,,
1962,45 - 49 years,Male,29,26,TRUE,FALSE,TRUE,TRUE,FALSE,NA,"Natron
openfx-misc
openfx-io
cminpack",4,4,S1,,,
1976,30 - 34 years,Male,10,5,TRUE,TRUE,FALSE,FALSE,FALSE,NA,mostly my own,3,3,S1,,,
1995,60 - 64 years,Male,50,40,TRUE,FALSE,FALSE,FALSE,TRUE,Engineering,Git,2,2,S1,,,
2032,20 - 24 years,Prefer not to tell,10,10,TRUE,FALSE,FALSE,FALSE,FALSE,NA,"I technically have a couple cleanup patches in LibreOffice and Linux, but I mostly work on smaller open-source projects (many of them, my own!).",3,3,S1,,,
2034,40 - 44 years,Prefer not to tell,25,25,TRUE,TRUE,FALSE,FALSE,FALSE,NA,"emscripten and UE4
",3,3,S1,,,
2051,45 - 49 years,Male,33,31,FALSE,TRUE,FALSE,FALSE,FALSE,NA,"GCJ, Jython, Stackless Python, nssldap, many Python projects, and many more over the years",4,3,S1,,,
2052,40 - 44 years,Male,30,10,TRUE,FALSE,TRUE,FALSE,FALSE,NA,"gnuplot, TeXnicCenter, Microsoft.Data.SQLite",4,2,S1,,,
2053,20 - 24 years,Male,6,6,TRUE,FALSE,FALSE,FALSE,FALSE,NA,"(Most of my own projects are open-source but that's probably missing the point, so... Most of these are small contributions)
- Emscripten's OpenAL implementation;
- https://github.com/kornelski/imgref
- https://github.com/rust-num/num-traits
- https://github.com/tomaka/android-rs-glue

",4,4,S1,,,
2058,30 - 34 years,Male,20,15,TRUE,FALSE,FALSE,FALSE,FALSE,NA,"OpenTTD, Debian, Arduino, LLVM, CλaSH
Small contributions to Git, UWSGI, backupninja, gitk, Linux kernel, pulsaudio, moinmoin, lxc, and various other projects.",4,4,S1,,,
2061,30 - 34 years,Male,18,16,TRUE,FALSE,FALSE,FALSE,FALSE,NA,linux kernel,3,3,S1,,,
2062,45 - 49 years,Male,35,30,TRUE,FALSE,TRUE,FALSE,FALSE,NA,NA,3,3,S1,,,
2076,35 - 39 years,Male,29,22,FALSE,FALSE,FALSE,TRUE,FALSE,NA,linux kernel,3,3,S1,,,
2079,35 - 39 years,Male,16,16,TRUE,TRUE,FALSE,FALSE,FALSE,NA,"Linux kernel, FFMPEG",4,3,S1,,,
2080,25 - 29 years,Prefer not to tell,15,10,TRUE,FALSE,FALSE,FALSE,FALSE,NA,"Firefox
https://github.com/KhronosGroup/WebGL
https://github.com/google/angle",4,4,S1,,,
2082,55 - 59 years,Male,38,32,TRUE,FALSE,FALSE,FALSE,FALSE,NA,So many ...,3,3,S1,,,
2083,25 - 29 years,Male,8,4,TRUE,FALSE,FALSE,FALSE,FALSE,NA,NA,3,3,S1,,,
2087,35 - 39 years,Male,20,20,TRUE,TRUE,FALSE,FALSE,FALSE,NA,"Linux kernel
Requality",4,4,S1,,,
2113,25 - 29 years,Male,10,10,FALSE,FALSE,FALSE,FALSE,FALSE,NA,"Hashcat, OpenWrt and it's various dependencies, and other miscellaneous",1,2,S1,,,
2124,25 - 29 years,Male,9,9,TRUE,FALSE,FALSE,FALSE,FALSE,NA,"ACL2, Linux, git",4,3,S1,,,
2129,30 - 34 years,Male,16,16,TRUE,FALSE,FALSE,FALSE,FALSE,NA,"LuaEvent, LuaJSON,  LuaBz2, optparse, Moai, openssl",4,4,S1,,,
2132,30 - 34 years,Female,17,15,TRUE,FALSE,TRUE,FALSE,FALSE,NA,"VileVN
DarkstarProject/darkstar
Several Open Source plugins for Ashita (Closed Source)
OBS Studio (minor compilation fixes)
Several Open Source plugins and scripts for OBS Studio",3,4,S1,,,
2134,45 - 49 years,Male,35,27,TRUE,TRUE,FALSE,FALSE,FALSE,NA,NetBSD. elm. flex. git. gzip. php. python. samba. ssh. tcsh. wireshark. xfree86. ,4,4,S1,,,
2145,65 + years,Prefer not to tell,50,38,TRUE,TRUE,TRUE,FALSE,TRUE,PI,"raster3d
moria
ccp4
Pymmlib
tlsmd
gnuplot
",3,4,S1,,,
2152,30 - 34 years,Male,15,13,TRUE,FALSE,FALSE,FALSE,TRUE,Devops,"OWFS, Agocontrol as large contributor.
Multiple minor ones.",4,3,S1,,,
2157,25 - 29 years,Male,10,6,TRUE,FALSE,FALSE,FALSE,FALSE,NA,Personal projects,3,3,S1,,,
2158,25 - 29 years,Male,12,6,TRUE,FALSE,FALSE,FALSE,FALSE,NA,"libuv, cycles",4,3,S1,,,
2176,35 - 39 years,Male,15,15,TRUE,FALSE,FALSE,FALSE,FALSE,NA,"git, stgit, webrtc, chromium",3,4,S1,,,
2183,35 - 39 years,Male,20,18,TRUE,FALSE,TRUE,FALSE,FALSE,NA,"xine (free video player), libdvdnav (library for DVD playback)",3,3,S1,,,
2186,35 - 39 years,Male,27,20,TRUE,FALSE,FALSE,FALSE,FALSE,NA,"Firefox, Linux kernel, glibc, QEMU, GHC, Rust, OpenJDK, LLVM, gcc, GRUB, libgit2, GNU parted, Radare, Debian, openSUSE, ZFS, LibreOffice, systemd. jemalloc, Firebird, PulseAudio, kcemu",3,4,S1,,,
2188,25 - 29 years,Male,7,7,TRUE,FALSE,FALSE,FALSE,FALSE,NA,"cURL, Freetype",2,2,S1,,,
2189,35 - 39 years,Male,20,15,TRUE,TRUE,TRUE,FALSE,FALSE,NA,"GLIBC, OpenSSL, Boost
",4,4,S1,,,
2197,30 - 34 years,Male,11,11,TRUE,FALSE,FALSE,FALSE,FALSE,NA,NA,2,2,S1,,,
2205,25 - 29 years,Male,16,15,TRUE,TRUE,TRUE,TRUE,FALSE,NA,"libopencm3, coreboot, apertus axoim beta, litex",4,4,S1,,,
2251,35 - 39 years,Male,23,20,TRUE,FALSE,FALSE,FALSE,FALSE,NA,mainly openwrt but contributed with many more,4,3,S1,,,
2254,35 - 39 years,Male,17,13,TRUE,FALSE,FALSE,FALSE,FALSE,NA,"ChkTeX, SageMath, Emacs, various Emacs modules",3,3,S1,,,
2255,35 - 39 years,Male,15,5,FALSE,TRUE,FALSE,FALSE,FALSE,NA,none,3,3,S1,,,
2261,30 - 34 years,Male,15,5,TRUE,FALSE,FALSE,FALSE,FALSE,NA,"https://github.com/tmk/tmk_keyboard
https://github.com/abcminiuser/lufa
https://github.com/dfu-programmer/dfu-programmer
",4,3,S1,,,
2263,40 - 44 years,Male,27,25,TRUE,FALSE,FALSE,FALSE,FALSE,NA,"Heimdal, MIT Kerberos, jq, PostgreSQL, OpenJDK, and many others.",3,3,S1,,,
2265,25 - 29 years,Male,15,10,TRUE,FALSE,FALSE,FALSE,FALSE,NA,"Linux Kernel
Jenkins (Jenkins Core, the Jenkins git-plugin)
Git
stgit
Gerrit
JGit
Gnome (gnome-keyring-daemon)
L0G-101086
FrozenCookies
cpputest
aiaiai

(probably others I've forgotten about)",3,4,S1,,,
2273,25 - 29 years,Male,3,3,TRUE,FALSE,FALSE,FALSE,FALSE,NA,painless MESH,2,2,S1,,,
2275,35 - 39 years,Male,29,25,TRUE,FALSE,FALSE,FALSE,FALSE,NA,"Radare (I've contributed a few bug fixes to it). Also, most of my personal projects are freely available on github, but since I'm the only contributor they probably don't count :)",4,4,S1,,,
2285,35 - 39 years,Male,15,15,TRUE,FALSE,FALSE,FALSE,FALSE,NA,NA,3,3,S1,,,
2295,25 - 29 years,Male,4,4,TRUE,FALSE,FALSE,FALSE,FALSE,NA,"openssl
tengine",3,3,S1,,,
2296,20 - 24 years,Prefer not to tell,7,3,TRUE,FALSE,FALSE,TRUE,FALSE,NA,"Linux, qutebrowser, alda, riot-android",3,2,S1,,,
2299,30 - 34 years,Male,23,13,TRUE,TRUE,FALSE,FALSE,FALSE,NA,NA,4,4,S1,,,
2302,35 - 39 years,Male,30,20,TRUE,FALSE,FALSE,FALSE,TRUE,consultantORdesignerORarchitect,"The Linux kernel, Wayland, Weston, GNOME/Mutter, Mesa (the OpenGL implementing library), Xorg xserver, Pixman",3,4,S1,,,
2309,30 - 34 years,Male,12,6,TRUE,FALSE,FALSE,FALSE,FALSE,NA,"git, Go",4,3,S1,,,
2310,35 - 39 years,Male,25,20,TRUE,TRUE,TRUE,FALSE,FALSE,NA,"OpenBMC, Yosys, Linux kernel, Yocto, prjxray",4,3,S1,,,
2311,30 - 34 years,Male,14,11,TRUE,FALSE,FALSE,FALSE,FALSE,NA,"https://github.com/google/benchmark
https://github.com/baoboa/pyqt5
https://github.com/robinst/taglib-ruby
https://github.com/swig/swig
https://github.com/Sigill/OggAlbumTagger
ITK
https://github.com/ggreer/the_silver_searcher
http://tulip.labri.fr/TulipDrupal/",3,3,S1,,,
2312,50 - 54 years,Male,35,25,FALSE,FALSE,FALSE,FALSE,TRUE,SoftwareArchitect,"Emacs, tree, Kylix (dead)",4,4,S1,,,
2316,40 - 44 years,Male,18,9,TRUE,FALSE,FALSE,FALSE,FALSE,NA,Too many to list,2,3,S1,,,
2320,25 - 29 years,Male,10,10,TRUE,FALSE,FALSE,FALSE,FALSE,NA,"BOINC, Clang, KDevelop, OpenCL bindings for R, PROJ.4",3,3,S1,,,
2323,30 - 34 years,Male,12,12,TRUE,FALSE,FALSE,FALSE,FALSE,NA,Linux,4,4,S1,,,
2332,40 - 44 years,Male,20,20,TRUE,FALSE,TRUE,FALSE,FALSE,NA,"OpenBSD, Apache SpamAssassin",3,2,S1,,,
2354,25 - 29 years,Male,14,10,TRUE,FALSE,TRUE,FALSE,FALSE,NA,"Linux
SDL
git
dwb
mypy
buildroot
glogg",3,4,S1,,,
2359,40 - 44 years,Male,25,20,TRUE,FALSE,FALSE,FALSE,FALSE,NA,"kde
qt
isync
minor contributions to numerous other",4,4,S1,,,
2365,25 - 29 years,Male,14,1,TRUE,FALSE,FALSE,FALSE,FALSE,NA,"Git, PhpMyAdmin, deck.js, MyFtPhp, Bazaar, Mono, Performous, Girocco, xkeyboard-config, ",3,1,S1,,,
2372,35 - 39 years,Male,15,15,TRUE,FALSE,FALSE,FALSE,FALSE,NA,"GNU backgammon, Yocto Linux, Emacs",4,4,S1,,,
2377,45 - 49 years,Male,30,25,TRUE,TRUE,TRUE,FALSE,FALSE,NA,"Emacs, U-Boot, Linux kernel, Nextcloud",4,4,S1,,,
2379,35 - 39 years,Male,15,15,TRUE,FALSE,FALSE,FALSE,FALSE,NA,FreeBSD,3,3,S1,,,
2386,25 - 29 years,Male,3,6,TRUE,FALSE,FALSE,FALSE,FALSE,NA,"arduino
deauthenticator
esp8266
",2,3,S1,,,
2411,35 - 39 years,Male,29,19,TRUE,FALSE,FALSE,FALSE,FALSE,NA,"About a hundred, give or take; note that I *really* *hate* people who write “C/C++” as these two languages have nothing to do with each other; I only do C (except in one Qt project where I occasionally contribute a bit)",4,4,S1,,,
2412,30 - 34 years,Male,9,1,TRUE,TRUE,TRUE,FALSE,FALSE,NA,"https://github.com/lighttpd/lighttpd1.4
https://github.com/bdclark/awsenv
https://github.com/miyucy/handlersocket
https://github.com/zachinglis/crummy",3,1,S1,,,
2426,15 - 19 years,Male,5,4,TRUE,FALSE,FALSE,FALSE,FALSE,NA,Multimedia software (video players) or video games,3,3,S1,,,
2428,55 - 59 years,Male,40,15,TRUE,FALSE,FALSE,FALSE,TRUE,Mentor,"gpsd, Git, OpenSSL",3,3,S1,,,
2429,40 - 44 years,Male,25,20,TRUE,FALSE,FALSE,FALSE,FALSE,NA,Smaller contributions here and there,4,4,S1,,,
2433,35 - 39 years,Male,25,18,TRUE,FALSE,FALSE,FALSE,FALSE,NA,"FFmpeg, MPlayer, dozens more",4,3,S1,,,
2446,35 - 39 years,Prefer not to tell,19,18,TRUE,TRUE,FALSE,FALSE,FALSE,NA,"WebKit, Epiphany (GNOME Web browser), V8, and my own small toy projects.",3,4,S1,,,
2449,35 - 39 years,Male,33,23,TRUE,TRUE,FALSE,FALSE,FALSE,NA,"I only contribute ""drive-by"" patches when there a problem I can address with a simple patch.",3,3,S1,,,
2477,30 - 34 years,Male,20,15,TRUE,FALSE,FALSE,FALSE,FALSE,NA,"Cairo, Pixman, Mono, LLVM, Linux (kernel)",4,4,S1,,,
2480,45 - 49 years,Male,28,25,TRUE,FALSE,FALSE,FALSE,FALSE,NA,"ffmpeg, qemu",3,3,S1,,,
2502,30 - 34 years,Male,14,14,TRUE,FALSE,FALSE,TRUE,FALSE,NA,"Lots of.
Most notably: NetworkManager, linux (kernel)",3,3,S1,,,
2503,40 - 44 years,Male,30,25,TRUE,FALSE,FALSE,FALSE,FALSE,NA,"GIMP, Gnumeric, LADSPA, PassFF, Linux and many others",3,4,S1,,,
2521,30 - 34 years,Male,3,3,TRUE,FALSE,FALSE,FALSE,FALSE,NA,Linux / U-Boot,2,2,S1,,,
2533,60 - 64 years,Male,45,30,TRUE,FALSE,TRUE,FALSE,FALSE,NA,"Astade, etherboot, libftdi, Linux Kernel, OpenOpcUa, U-Boot, wxWidgets",4,3,S1,,,
2535,35 - 39 years,Male,23,21,TRUE,FALSE,TRUE,TRUE,FALSE,NA,"c-ares, flex, libsml, yaep, …",3,3,S1,,,
2541,35 - 39 years,Male,31,21,TRUE,TRUE,TRUE,FALSE,FALSE,NA,"RECOIL, ASAP, image-ci, cc65, Atari800, xasm, Sooda, Ć Programming Language, zlib6502, , DataMatrix.ci",4,3,S1,,,
2544,30 - 34 years,Male,3,1,TRUE,TRUE,TRUE,FALSE,FALSE,NA,NA,2,1,S1,,,
2552,30 - 34 years,Male,12,8,TRUE,TRUE,FALSE,FALSE,FALSE,NA,Ubuntu (various subprojects in the desktop and not including the whole Unity stack) GNOME and lots more.,4,4,S1,,,
2563,20 - 24 years,Male,12,6,TRUE,FALSE,FALSE,TRUE,FALSE,NA,"Minecraft-Overviewer, nyaa, mpv, Tungsten, Pillow, small patches to FFmpeg",3,1,S1,,,
2591,25 - 29 years,Male,7,7,TRUE,FALSE,FALSE,FALSE,FALSE,NA,I have submitted a patch to radare2 once and I created a free software library for genetic algorithms in C.,4,3,S1,,,
2599,35 - 39 years,Male,20,20,TRUE,TRUE,TRUE,FALSE,FALSE,NA,"PETSc (and many related libraries and applications), CEED, PISM, various Python and Haskell numerical tools.",3,3,S1,,,
2609,25 - 29 years,Male,17,12,TRUE,FALSE,FALSE,FALSE,FALSE,NA,libwebsockets,4,4,S1,,,
2610,30 - 34 years,Male,11,11,TRUE,FALSE,TRUE,FALSE,FALSE,NA,Opensource Game Studio,4,3,S1,,,
2631,35 - 39 years,Male,20,20,TRUE,FALSE,FALSE,FALSE,FALSE,NA,"libav, mplayer, ffmpeg and small patches for a dozen other projects",3,3,S1,,,
2643,25 - 29 years,Male,4,1,TRUE,FALSE,FALSE,FALSE,FALSE,NA,"Rust, Servo, npm2deb",3,1,S1,,,
2645,25 - 29 years,Male,15,10,TRUE,FALSE,FALSE,FALSE,FALSE,NA,"JuliaLang, libuv",4,3,S1,,,
2654,30 - 34 years,Male,9,7,TRUE,FALSE,FALSE,FALSE,FALSE,NA,"Curl, minor one-off contributions to random projects",3,3,S1,,,
2662,40 - 44 years,Male,32,28,TRUE,TRUE,FALSE,FALSE,FALSE,NA,NA,4,4,S1,,,
2664,30 - 34 years,Male,18,16,TRUE,FALSE,FALSE,FALSE,FALSE,NA,"Linux kernel
yocto/openembedded
OpenOBEX
bluez
git
",3,3,S1,,,
2666,20 - 24 years,Prefer not to tell,11,8,TRUE,FALSE,TRUE,FALSE,FALSE,NA,"Game engine written in C++
Multiple games written in C/C++/Java/Python
Small contributions to various tools I use in JS/C/Ruby/Python",3,3,S1,,,
194,25 - 29 years,Female,1,1,TRUE,FALSE,FALSE,FALSE,FALSE,NA,1,1,1,S2,,,
196,20 - 24 years,Female,1,1,TRUE,FALSE,FALSE,FALSE,FALSE,NA,1,1,1,S2,,,
201,30 - 34 years,Male,11,11,TRUE,TRUE,FALSE,FALSE,FALSE,NA,"https://github.com/zserge
https://github.com/naivesound
https://github.com/cesanta",3,3,S2,,,
212,30 - 34 years,Male,20,15,TRUE,FALSE,FALSE,FALSE,FALSE,NA,"I've done small contributions to several projects, but no one is considerably big, but I'll try to enumerate some of them:

buildroot (a tool for creating root filesystems based on linux)
Linux kernel
Klog (a ham radio logging software)
Yappari (an unofficial WhatsApp client intended for use on Nokia N900)
QT4 version of Nokia N900's maemo
icewm (a window manager)
libconfuse (a configuration file library)

And maybe a couple more and also a couple things I maintain myself but that do not have any users that I know of ;-)
",4,3,S2,,,
226,20 - 24 years,Male,8,5,TRUE,FALSE,FALSE,FALSE,FALSE,NA,"Linux, Zstandard compression library, SquashFS
https://github.com/google/GAPID
https://github.com/chaoticbob/SPIRV-Reflect
https://github.com/libarchive/libarchive",3,3,S2,,,
234,60 - 64 years,Male,43,35,TRUE,TRUE,FALSE,FALSE,FALSE,NA,"GnuCash, Gtk+, gtk-osx, gtk-mac-integration, gtk-mac-bundler, Gramps, plus some drive-by contributions to others.",4,4,S2,,,
254,40 - 44 years,Male,35,32,TRUE,TRUE,TRUE,TRUE,FALSE,NA,"GCC, KDE, Linux, Git, SVN, GHDL, many others, ...",4,4,S2,,,
255,30 - 34 years,Male,11,6,TRUE,FALSE,FALSE,FALSE,FALSE,NA,"Quilt
Wayland",4,4,S2,,,
265,20 - 24 years,Other,7,4,TRUE,FALSE,FALSE,FALSE,FALSE,NA,"HHVM, Git, GHC",2,2,S2,,,
279,40 - 44 years,Male,34,21,TRUE,FALSE,FALSE,FALSE,FALSE,NA,NA,4,4,S2,,,
280,30 - 34 years,Male,15,14,TRUE,TRUE,TRUE,FALSE,FALSE,NA,"openSuSe Linux
Arch Linux
XWiki
Pentadactyl
Notion (windowmanager)
ranger (filemanger)
QMK",4,3,S2,,,
293,25 - 29 years,Male,4,3,TRUE,FALSE,FALSE,FALSE,FALSE,NA,"https://github.com/FrUh/BitPunch
https://github.com/disig/TimeStampClient
https://github.com/openssl/openssl",2,2,S2,,,
295,40 - 44 years,Male,30,20,TRUE,FALSE,FALSE,FALSE,FALSE,NA,"libsodium, libhydrogen, pure-ftpd, dnscrypt-proxy, openbsd, and many more.",4,4,S2,,,
300,25 - 29 years,Male,5,3,TRUE,FALSE,FALSE,FALSE,FALSE,NA,"a trivial patch to redis
tomb
my own projects",2,2,S2,,,
304,25 - 29 years,Male,16,16,TRUE,FALSE,FALSE,FALSE,FALSE,NA,"KDE, Git, Linux kernel",4,3,S2,,,
307,40 - 44 years,Male,25,12,TRUE,TRUE,TRUE,TRUE,FALSE,NA,NA,4,4,S2,,,
309,30 - 34 years,Male,17,14,TRUE,TRUE,FALSE,FALSE,FALSE,NA,"illumos, pkgsrc, kde, qt, marble, libvirt",3,3,S2,,,
311,20 - 24 years,Male,8,3,TRUE,FALSE,FALSE,FALSE,TRUE,DevOps,"TLS Inspector
OpenSSL
libUSBMUX",3,2,S2,,,
314,35 - 39 years,Male,25,18,TRUE,TRUE,FALSE,FALSE,FALSE,NA,NA,4,4,S2,,,
322,30 - 34 years,Male,22,20,FALSE,FALSE,FALSE,TRUE,FALSE,NA,"My focus is on finding software vulnerabilities, not development.
I've found vulnerabilities in OpenSSL, OpenVPN, OpenSSH, Apache HTTPD, GNU libc, mbed TLS, Ripple, Stellar, EOS, Python, Ruby, etc..",3,3,S2,,,
348,40 - 44 years,Male,36,28,TRUE,FALSE,FALSE,FALSE,FALSE,NA,"Honestly, too many to remember.",4,4,S2,,,
352,30 - 34 years,Male,15,15,TRUE,FALSE,FALSE,FALSE,FALSE,NA,"The biggest C/C++ project was Yelp (the GNOME help reader), but that was a long time ago. More recently, I've written Lisp for Maxima.",4,3,S2,,,
361,35 - 39 years,Male,25,16,TRUE,FALSE,FALSE,FALSE,FALSE,NA,"GDAL, MapServer, libtiff, libgeotiff, PROJ, shapelib, QGIS, openjpeg",3,4,S2,,,
371,35 - 39 years,Male,30,20,TRUE,FALSE,FALSE,FALSE,FALSE,NA,"Gnokii, Sass, YUI3, Mac Homebrew, Git, LLVM
",3,3,S2,,,
373,40 - 44 years,Male,25,25,TRUE,FALSE,TRUE,FALSE,FALSE,NA,GNU emacs,3,2,S2,,,
388,25 - 29 years,Male,12,1,TRUE,FALSE,FALSE,FALSE,FALSE,NA,Qubes OS,3,2,S2,,,
404,30 - 34 years,Male,18,18,TRUE,TRUE,FALSE,FALSE,FALSE,NA,NA,4,4,S2,,,
405,30 - 34 years,Male,25,18,TRUE,TRUE,TRUE,FALSE,FALSE,NA,"FFmpeg
ScummVM
Wine
vkd3d",4,4,S2,,,
413,25 - 29 years,Male,15,15,TRUE,FALSE,FALSE,FALSE,FALSE,NA,"My own projects (see https://github.com/fbbdev); most relevant/known ones are:
plot - terminal plotting library (https://github.com/fbbdev/plot)
rendirt - software renderer for STL models (https://github.com/fbbdev/rendirt)

Minor (really, really minor) contributions:
h2o http server (https://h2o.examp1e.net)
KFR DSP Framework (https://www.kfrlib.com)
Inkscape (https://inkscape.org)
",3,4,S2,,,
418,25 - 29 years,Male,10,6,TRUE,FALSE,FALSE,TRUE,TRUE,HWtesting,"Linux kernel, Yocto project",4,4,S2,,,
424,20 - 24 years,Male,8,8,TRUE,TRUE,TRUE,FALSE,FALSE,NA,NA,2,2,S2,,,
427,35 - 39 years,Male,20,15,TRUE,TRUE,FALSE,FALSE,FALSE,NA,"mesa, nouveau",4,3,S2,,,
435,20 - 24 years,Male,11,8,TRUE,TRUE,TRUE,FALSE,FALSE,NA,"dmd
phobos
emscripten",3,3,S2,,,
438,40 - 44 years,Male,10,5,TRUE,FALSE,FALSE,FALSE,TRUE,hobbiest,"PainlessMesh, IoTFridgeSaver. Several Arduino libraries",2,2,S2,,,
450,30 - 34 years,Male,14,13,TRUE,FALSE,FALSE,FALSE,FALSE,NA,"connman,kernel,wpa_supplicant",3,3,S2,,,
459,45 - 49 years,Male,30,25,TRUE,FALSE,FALSE,FALSE,FALSE,NA,"Linux kernel, LinuxCNC, STLport",3,3,S2,,,
465,30 - 34 years,Male,16,11,TRUE,FALSE,TRUE,FALSE,FALSE,NA,"Linux (kernel), systemd, wpa_supplicant, netctl",4,3,S2,,,
467,45 - 49 years,Male,42,23,TRUE,FALSE,FALSE,FALSE,FALSE,NA,"OpenBSD.org (4300 commits), mandoc.bsd.lv (2200 commits), and smaller contributions to many other projects; in addition to that, analysis software for the CERN NA48 experiment",4,4,S2,,,
486,40 - 44 years,Male,20,18,TRUE,FALSE,FALSE,FALSE,FALSE,NA,"Linux kernel
U-Boot bootloader
",2,2,S2,,,
487,25 - 29 years,Male,6,2,FALSE,FALSE,FALSE,FALSE,TRUE,Sysadmin,"radare2
",2,2,S2,,,
492,25 - 29 years,Male,10,10,TRUE,FALSE,FALSE,FALSE,FALSE,NA,Cassandra,4,3,S2,,,
493,30 - 34 years,Male,17,16,TRUE,TRUE,FALSE,FALSE,FALSE,NA,"Linux Kernel, U-Boot, ..",4,4,S2,,,
494,25 - 29 years,Male,10,10,TRUE,TRUE,TRUE,FALSE,FALSE,NA,"Linux Kernel, X.org, KDevelop, ROS",3,4,S2,,,
504,30 - 34 years,Male,12,3,TRUE,FALSE,FALSE,FALSE,FALSE,NA,NA,2,2,S2,,,
537,30 - 34 years,Male,15,15,TRUE,FALSE,TRUE,TRUE,FALSE,NA,"KDE (kdevelop mainly), libWexpr, assimp, lnd, btcwallet, pulseaudio, libuv, glslang, various other small patches here and there
",4,4,S2,,,
538,35 - 39 years,Male,25,20,TRUE,TRUE,TRUE,FALSE,TRUE,Architect,"DMPonline/DMPRoadmap, PostgreSQL, Ubuntu",4,2,S2,,,
545,30 - 34 years,Male,26,21,TRUE,FALSE,TRUE,FALSE,FALSE,NA,"Audacious, Linux kernel, mbuffer, MediaWiki, uIP, XMMS2, plus own open source projects",4,4,S2,,,
546,40 - 44 years,Prefer not to tell,35,30,TRUE,TRUE,FALSE,TRUE,FALSE,NA,"apache (httpd), git, linux",3,3,S2,,,
550,40 - 44 years,Male,22,10,TRUE,FALSE,FALSE,FALSE,FALSE,NA,NA,3,3,S2,,,
572,20 - 24 years,Male,15,10,TRUE,FALSE,FALSE,FALSE,FALSE,NA,https://github.com/bjornbytes/lovr,3,3,S2,,,
574,45 - 49 years,Male,21,21,TRUE,TRUE,FALSE,FALSE,FALSE,NA,OpenSSL,4,4,S2,,,
586,55 - 59 years,Prefer not to tell,41,33,TRUE,FALSE,FALSE,FALSE,FALSE,NA,gcc / linux kernel / bsd / X11 lots of things,4,4,S2,,,
588,35 - 39 years,Male,20,20,TRUE,TRUE,FALSE,TRUE,FALSE,NA,"Many. Lots of Apache Java projects, Python gevent, Python zope.interface, etc. (https://pypi.org/user/jamadden/)",4,3,S2,,,
599,35 - 39 years,Other,22,20,TRUE,TRUE,TRUE,FALSE,FALSE,NA,"phpMyAdmin
diradm
localshell
chpasswd
readahead-list
Gentoo Linux
genflags
MogileFS
Ceph
Ruby On Rails - ActiveRecord
OpenSSH: HPN
OpenSSH: LPK
Ccache
CVS
udev
Amanda
LVM2
OpenSC
Perlbal
Rbot
Ufed
Genflags
Linux Kernel
Ksymoops
Qpsmtpd
GPSD
mlmmj
ALSA
Wordpress-MU
Dokuwiki
PulseAudio
Puppet LVM module
dokuwiki-plugin-gitbacked
Git.php
Vrrpd
DokuWiki2Git
Drupal AmazonS3 fixes to support non-Amazon S3
Pwstore
ElasticSearch
notify-webhook
Puppet-BIND
Puppet-unbound
Gitolite
puppet-r10k
Boto",4,3,S2,,,
619,35 - 39 years,Male,22,20,TRUE,TRUE,TRUE,TRUE,FALSE,NA,"audiere, sphere, emscripten, mozilla, corona, sajson, passdrop, is it snappy, buffer-builder, really tons of things.",4,4,S2,,,
624,25 - 29 years,Prefer not to tell,15,15,TRUE,FALSE,FALSE,FALSE,FALSE,NA,NA,3,3,S2,,,
631,30 - 34 years,Male,20,15,TRUE,FALSE,FALSE,FALSE,FALSE,NA,"Linux, U-Boot, QEMU",3,4,S2,,,
633,20 - 24 years,Male,3,1,TRUE,FALSE,FALSE,FALSE,FALSE,NA,Marlin firmware,3,3,S2,,,
645,35 - 39 years,Male,28,20,TRUE,TRUE,TRUE,FALSE,TRUE,Executive,"PHP
OBS Studio
OBS Browser Source
",4,3,S2,,,
648,25 - 29 years,Male,10,10,TRUE,FALSE,FALSE,FALSE,FALSE,NA,"HLSL2GLSL
Xpad driver in the Linux Kernel
Open Broadcaster System
Streamlabs OBS
libusb (though no contributes made it)",3,3,S2,,,
651,25 - 29 years,Male,10,5,TRUE,FALSE,FALSE,FALSE,FALSE,NA,neovim,3,2,S2,,,
656,40 - 44 years,Male,32,30,TRUE,TRUE,FALSE,FALSE,FALSE,NA,NA,3,3,S2,,,
658,35 - 39 years,Male,16,16,TRUE,FALSE,FALSE,FALSE,FALSE,NA,radare2,4,4,S2,,,
684,50 - 54 years,Male,38,36,TRUE,FALSE,FALSE,FALSE,FALSE,NA,"OpenSSL, libcurl, Circle, cc65, OpenJPEG, jbig2enc",3,3,S2,,,
693,35 - 39 years,Male,20,20,TRUE,FALSE,TRUE,FALSE,FALSE,NA,"Pandas, Coffeescript, Apache Arrow, PostgreSQL",4,4,S2,,,
721,40 - 44 years,Male,30,25,TRUE,TRUE,TRUE,TRUE,FALSE,NA,"NSIS, NINJAM, OSCII-Bot, LICEcap, Git (minor patches), various others",4,4,S2,,,
729,20 - 24 years,Male,6,6,TRUE,FALSE,FALSE,FALSE,TRUE,ScrumMaster,NA,3,2,S2,,,
735,25 - 29 years,Male,13,9,TRUE,FALSE,FALSE,FALSE,FALSE,NA,"Xorg, firefox, thunderbird, sympy, GNU tar",2,3,S2,,,
741,25 - 29 years,Male,13,13,TRUE,FALSE,FALSE,FALSE,FALSE,NA,libuv,2,2,S2,,,
751,50 - 54 years,Female,30,20,TRUE,FALSE,FALSE,FALSE,FALSE,NA,"GIMP, eqxmms, PDFwriterformac",4,4,S2,,,
753,45 - 49 years,Male,20,10,TRUE,FALSE,FALSE,TRUE,FALSE,NA,"IFMapper, fltk, mrViewer, mrClasses, rubyMEL,etc.",3,2,S2,,,
754,20 - 24 years,Male,6,6,TRUE,TRUE,TRUE,FALSE,FALSE,NA,"Notably:
https://github.com/chocolate-doom/chocolate-doom
https://github.com/AXDOOMER/MeshGlide
https://github.com/AXDOOMER/doom-vanille
https://github.com/AXDOOMER/VoxelSpace
https://github.com/AXDOOMER/mochadoom
https://github.com/AXDOOMER/KillBox
and the Linux kernel",3,4,S2,,,
757,30 - 34 years,Male,10,10,TRUE,FALSE,FALSE,FALSE,FALSE,NA,OpenSSL and minor contributions elsewhere,3,3,S2,,,
762,40 - 44 years,Male,30,27,TRUE,TRUE,FALSE,FALSE,FALSE,NA,FFMpeg,4,3,S2,,,
774,35 - 39 years,Male,17,17,TRUE,TRUE,TRUE,TRUE,FALSE,NA,"Autoconf; bisonc++; file, flexc++; GCC; Gnome-Applets; GNU Multiple Precision Floating-Point Reliably; Insight; libav; libcairo; Nicotine+; Pidgin; Pistache; Seahorse; STandalone REproducible FLOating-Point; Subversion; Umbrello; and many others.",3,3,S2,,,
780,35 - 39 years,Male,14,14,TRUE,FALSE,FALSE,FALSE,FALSE,NA,"radvd, git",3,4,S2,,,
785,15 - 19 years,Male,5,0,TRUE,FALSE,FALSE,FALSE,FALSE,NA,No C/C++ projects.,3,1,S2,,,
789,40 - 44 years,Male,20,20,TRUE,FALSE,FALSE,FALSE,FALSE,NA,"Linux, QEMU",3,3,S2,,,
791,20 - 24 years,Male,4,4,TRUE,FALSE,FALSE,FALSE,FALSE,NA,"Chromium, V8, Bazel, Tensorflow, Emscripten",3,3,S2,,,
808,55 - 59 years,Male,30,25,TRUE,FALSE,FALSE,FALSE,FALSE,NA,"openvpn
openvpn-gui",4,4,S2,,,
819,40 - 44 years,Male,20,8,TRUE,TRUE,FALSE,FALSE,FALSE,NA,Leema,4,2,S2,,,
831,25 - 29 years,Male,15,13,TRUE,TRUE,TRUE,TRUE,FALSE,NA,"QMK, Sigrok, Openflight, Wireshark, Linux",3,4,S2,,,
838,35 - 39 years,Male,20,20,TRUE,TRUE,FALSE,FALSE,FALSE,NA,"webkit, chromium, skia, llvm, clang, lld, firefox, angle, ...",3,3,S2,,,
839,25 - 29 years,Male,18,15,TRUE,FALSE,FALSE,FALSE,FALSE,NA,"CuteNews (PHP CMS aimed mostly at news, used to be popular before Wordpress)
Tiberian Technologies scripts.dll (game mod for anti-cheat and engine enhancements)
Small contributions to wkhtmltopdf and minko and maybe others.",4,4,S2,,,
859,25 - 29 years,Male,18,7,TRUE,FALSE,FALSE,FALSE,FALSE,NA,"(the list is too long to enumerate so I'll list the relevant ones and then the ones I focus most of my time on)

(relevant)

sass/libsass-python: maintainer (libsass binding for cpython)
sass/libsass: infrequent contributor (c++ implementation of sass compiler)
Yelp/dumb-init: frequent contributor (minimal init system written in C for docker)
python/cpython: infrequent contributor (canonical implementation of python)
deadsnakes/*: maintainer (backports/forwardports of cpython to ubuntu releases)
asottile/setuptools-golang: creator (interop between cpython and go)
asottile/pyterminalsize, asottile/future-breakpoint: creator (cpython extensions)

(maintain / frequent / popular)
pre-commit/*: creator (multi language git hooks framework)
pytest-dev/pytest: maintainer (python testing framework)
tox-dev/tox: maintainer (python environment management framework)
pycqa/flake8: maintainer (python linting tool)",4,3,S2,,,
868,40 - 44 years,Male,32,2,TRUE,FALSE,FALSE,TRUE,FALSE,NA,NA,4,2,S2,,,
936,50 - 54 years,Male,40,35,TRUE,TRUE,FALSE,FALSE,FALSE,NA,"Apache HTTPd, APR, Subversion, Python (core), ViewVC, Expat, Apache Serf, and more
",4,4,S2,,,
938,20 - 24 years,Male,10,10,TRUE,TRUE,FALSE,FALSE,FALSE,NA,"Radare2, pwntools, qira",4,4,S2,,,
941,20 - 24 years,Female,4,1,FALSE,FALSE,FALSE,FALSE,TRUE,LinuxSysadmin,"GIMP, MyPaint, mpv, Salt Stack",3,1,S2,,,
943,45 - 49 years,Male,20,10,TRUE,FALSE,FALSE,FALSE,FALSE,NA,"Ghostscript, FreeType, poppler, cairo, librsvg",1,1,S2,,,
944,30 - 34 years,Male,20,15,TRUE,FALSE,FALSE,FALSE,FALSE,NA,obs-studio,2,3,S2,,,
966,25 - 29 years,Male,10,9,TRUE,FALSE,TRUE,FALSE,FALSE,NA,Lots,3,4,S2,,,
979,65 + years,Male,40,30,TRUE,FALSE,TRUE,FALSE,TRUE,EscalationEngineer,"SQLite3,  Apache Web Server",3,4,S2,,,
987,20 - 24 years,Male,5,2,TRUE,FALSE,FALSE,FALSE,FALSE,NA,Personal projects,3,2,S2,,,
1006,50 - 54 years,Male,38,35,TRUE,TRUE,TRUE,FALSE,FALSE,NA,Too many to list.,4,4,S2,,,
1037,25 - 29 years,Prefer not to tell,20,15,TRUE,FALSE,FALSE,FALSE,FALSE,NA,"Vim, Git",3,3,S2,,,
1050,35 - 39 years,Male,25,15,TRUE,FALSE,FALSE,FALSE,TRUE,TeamLead,NA,3,3,S2,,,
1067,40 - 44 years,Male,20,20,FALSE,FALSE,FALSE,FALSE,TRUE,teamlead,"Plan 9, Linux, NetBSD, OpenBSD, more recently ClamAV, Go (the programming language), etc.",3,3,S2,,,
1070,25 - 29 years,Male,7,3,TRUE,FALSE,TRUE,FALSE,FALSE,NA,I have experience with Linux kernel development and I developed some system level programs like FAT file system with C.,3,4,S2,,,
1072,20 - 24 years,Male,3,1,TRUE,FALSE,FALSE,FALSE,FALSE,NA,"https://github.com/oguzhaninan/Stacer
https://github.com/oguzhaninan/Buka
https://github.com/oguzhaninan/korkut",3,2,S2,,,
1080,30 - 34 years,Male,16,14,TRUE,FALSE,TRUE,FALSE,FALSE,NA,"Shedskin, zsh, vim, htop, MediaWiki, Regovar and lots of personal projects.",4,4,S2,,,
1092,40 - 44 years,Male,20,20,TRUE,FALSE,FALSE,FALSE,FALSE,NA,"ffmpeg, openstack components, project fn, rclone",3,2,S2,,,
1094,30 - 34 years,Male,20,15,TRUE,TRUE,FALSE,TRUE,FALSE,NA,"FreeBSD
LLVM",4,4,S2,,,
1095,15 - 19 years,Male,5,2,TRUE,FALSE,FALSE,FALSE,FALSE,NA,Too many to count. Most are listed under my GitHub profile.,4,3,S2,,,
1140,40 - 44 years,Male,25,20,TRUE,FALSE,FALSE,FALSE,FALSE,NA,-,4,4,S2,,,
1155,35 - 39 years,Prefer not to tell,28,25,TRUE,FALSE,FALSE,FALSE,FALSE,NA,NA,3,3,S2,,,
1165,40 - 44 years,Male,30,23,FALSE,FALSE,FALSE,FALSE,FALSE,NA,"Git, Mbed OS, Linux kernel, pyocd, RISC OS",4,4,S2,,,
1172,45 - 49 years,Male,30,30,FALSE,FALSE,FALSE,FALSE,TRUE,occasionalcontributorhobbiest,"small contributions to matplotlib, gnuplot, intel linux graphics driver, gtk+",2,2,S2,,,
1176,25 - 29 years,Male,15,5,TRUE,FALSE,TRUE,FALSE,FALSE,NA,"Emscripten, Google Earth Engine API, etc.",4,3,S2,,,
1215,35 - 39 years,Male,32,20,TRUE,FALSE,FALSE,TRUE,FALSE,NA,"FFmpeg
DVDStyler
wxSVG",3,3,S2,,,
1217,30 - 34 years,Male,25,8,TRUE,FALSE,TRUE,TRUE,FALSE,NA,"TortoiseGit, TortoiseSVN, Git, Perl, ...",3,3,S2,,,
1230,30 - 34 years,Male,15,10,TRUE,FALSE,FALSE,FALSE,FALSE,NA,"mstpd
linux kernel
openwrt
libiio
json-c",3,3,S2,,,
1232,50 - 54 years,Male,36,34,TRUE,FALSE,FALSE,FALSE,TRUE,IoTstartup,ESP32 and ESP8266 library extensions,4,4,S2,,,
1239,35 - 39 years,Male,30,10,TRUE,FALSE,FALSE,FALSE,FALSE,NA,none,4,2,S2,,,
1241,30 - 34 years,Male,10,10,TRUE,FALSE,FALSE,FALSE,FALSE,NA,MoarVM,3,3,S2,,,
1252,45 - 49 years,Male,25,25,TRUE,FALSE,FALSE,TRUE,FALSE,NA,ffmpeg,3,3,S2,,,
1255,55 - 59 years,Male,41,20,TRUE,TRUE,FALSE,FALSE,FALSE,NA,"Most of my C and C++ was done before 2000 and pre-dates open source. My open source projects have been: capistrano (Ruby), git (C), mruby (C)",4,3,S2,,,
1272,45 - 49 years,Male,25,20,TRUE,FALSE,FALSE,FALSE,FALSE,NA,NA,3,3,S2,,,
1300,50 - 54 years,Male,37,32,TRUE,TRUE,TRUE,FALSE,FALSE,NA,"vlc, ffmpeg, node-red, openwrt/lede, ++",3,3,S2,,,
1301,40 - 44 years,Male,15,15,TRUE,FALSE,FALSE,FALSE,FALSE,NA,"FFMpeg, Linux Kernel",4,4,S2,,,
1306,30 - 34 years,Male,13,13,TRUE,FALSE,FALSE,FALSE,FALSE,NA,"Libvirt, qemu, libvirt-* projects (like libvirt-snmp, libvirt-python, libvirt-designer, etc.)",3,4,S2,,,
1320,45 - 49 years,Male,20,20,TRUE,TRUE,FALSE,FALSE,FALSE,NA,"VDK, PlantUML QEditor,  ibocator,  gimpsketchbook,  isohexengine,  PyChecksum,  PyComicsViewer,  langdrill,  avijoin",3,3,S2,,,
1325,25 - 29 years,Male,15,15,TRUE,TRUE,FALSE,FALSE,FALSE,NA,"curl, openssl, honggfuzz, gn, chromium; various rust libraries
mostly small fixes only",4,4,S2,,,
1326,30 - 34 years,Male,15,15,TRUE,FALSE,TRUE,FALSE,FALSE,NA,"My own, OpenBSD & FreeBSD",3,3,S2,,,
1329,30 - 34 years,Male,10,10,TRUE,FALSE,FALSE,FALSE,TRUE,PackageSlashSoftwareMaintainer,"systemd, emacs, isync, openlmi, ...",3,3,S2,,,
1330,55 - 59 years,Male,35,32,TRUE,FALSE,FALSE,FALSE,FALSE,NA,NA,3,3,S2,,,
1334,35 - 39 years,Male,17,5,TRUE,TRUE,FALSE,FALSE,FALSE,NA,"libgpkg
asciidoctor-diagram
misc. small contributions",4,2,S2,,,
1342,30 - 34 years,Male,15,12,TRUE,FALSE,FALSE,FALSE,TRUE,SolutionArchitect,NA,3,3,S2,,,
1343,40 - 44 years,Male,20,1,TRUE,FALSE,FALSE,FALSE,FALSE,NA,"Numerous. 2 or 3 digit.

Some examples: cmake, .net core, omnisharp, emacs, html-agility-pack +++
",4,1,S2,,,
1344,25 - 29 years,Male,6,4,TRUE,FALSE,FALSE,TRUE,FALSE,NA,"zstd, spring, mit-krb5, DSpace",3,2,S2,,,
1359,45 - 49 years,Male,35,28,TRUE,FALSE,TRUE,TRUE,FALSE,NA,"mtools, udpcast, zlibc",3,3,S2,,,
1360,40 - 44 years,Male,25,20,FALSE,FALSE,FALSE,FALSE,TRUE,hacker,"my own + bug fixes here and there (linux kernel, x window, whatever fails when I need it)",4,4,S2,,,
1365,30 - 34 years,Male,18,18,TRUE,FALSE,FALSE,FALSE,FALSE,NA,"curl
Crypto++
Boost
probably many more",3,3,S2,,,
1367,50 - 54 years,Male,35,30,TRUE,TRUE,TRUE,TRUE,TRUE,Keyaccounter,"GNU Wget/Wget2, GnuTLS, libidn, libidn2, libpsl, libhsts, libmicrohttpd, gnulib, (many more as bug reporter or occasional committer)",3,4,S2,,,
1369,35 - 39 years,Male,15,15,FALSE,TRUE,FALSE,FALSE,FALSE,NA,"FFmpeg
Linux kernel
TVheadend
Sigrok
rtl_433
+ more of my own",2,4,S2,,,
1376,40 - 44 years,Male,16,2,TRUE,FALSE,FALSE,FALSE,FALSE,NA,"Gnome, git, bash, ....",4,1,S2,,,
1380,35 - 39 years,Male,15,15,TRUE,FALSE,FALSE,FALSE,FALSE,NA,"linux kernel, gpsd, can-utils
patches here and there.",4,4,S2,,,
1387,30 - 34 years,Male,14,14,TRUE,FALSE,FALSE,TRUE,FALSE,NA,LLVM,3,3,S2,,,
1391,25 - 29 years,Male,8,3,TRUE,FALSE,FALSE,FALSE,FALSE,NA,NA,3,3,S2,,,
1393,35 - 39 years,Male,33,20,TRUE,TRUE,FALSE,TRUE,TRUE,Architect,"So many it's daft, but the more well known ones might be Debian, NetSurf Browser, Cherokee Webserver, Gitano.",3,3,S2,,,
1395,25 - 29 years,Male,6,4,TRUE,FALSE,FALSE,FALSE,FALSE,NA,"WebOS, ZephyrOS",3,3,S2,,,
1401,20 - 24 years,Male,10,10,TRUE,FALSE,FALSE,FALSE,FALSE,NA,"Linux, Docker / runc, and numerous other smaller projects.",4,4,S2,,,
1417,25 - 29 years,Male,11,9,TRUE,FALSE,FALSE,FALSE,FALSE,NA,"Zip
UnZip
Git
Preupgrade Assistant
Leapp",3,3,S2,,,
1430,45 - 49 years,Male,30,30,TRUE,FALSE,FALSE,FALSE,FALSE,NA,"Rockbox, Curl",3,3,S2,,,
1448,35 - 39 years,Male,24,20,TRUE,TRUE,TRUE,TRUE,FALSE,NA,"MySQL, memcached",3,3,S2,,,
1455,35 - 39 years,Female,16,16,TRUE,FALSE,FALSE,FALSE,FALSE,NA,"Samba, OpenLDAP",3,3,S2,,,
1507,30 - 34 years,Male,19,18,TRUE,FALSE,TRUE,FALSE,FALSE,NA,many open source projects,4,3,S2,,,
1510,25 - 29 years,Male,12,8,TRUE,FALSE,FALSE,FALSE,FALSE,NA,"MXE.cc
Many C modules for Lua (e.g. https://github.com/starius/luahs )
Wt C++ library
Many Go packages (e.g. Sia)",4,4,S2,,,
1537,45 - 49 years,Male,25,25,TRUE,FALSE,TRUE,FALSE,FALSE,NA,PostgreSQL,3,3,S2,,,
1631,25 - 29 years,Male,8,3,TRUE,FALSE,FALSE,TRUE,FALSE,NA,QMK Firmware,3,2,S2,,,
1651,40 - 44 years,Male,16,16,TRUE,FALSE,TRUE,FALSE,FALSE,CTO,"PortAudio, OpenSSL, curl, libusb",3,4,S2,,,
1670,35 - 39 years,Male,22,20,TRUE,FALSE,FALSE,FALSE,FALSE,NA,linux systemd opal-voip buildroot,4,3,S2,,,
1694,35 - 39 years,Male,22,17,TRUE,FALSE,FALSE,FALSE,FALSE,NA,"SANE, DolphinEmu, small contributions to the Linux X11 graphics stack",3,3,S2,,,
1711,30 - 34 years,Male,18,13,TRUE,FALSE,FALSE,FALSE,TRUE,PackageMaintainer,That would be a long list.,3,3,S2,,,
1715,35 - 39 years,Male,23,23,TRUE,FALSE,FALSE,FALSE,FALSE,NA,NA,4,3,S2,,,
1717,30 - 34 years,Male,7,7,TRUE,FALSE,FALSE,FALSE,FALSE,NA,"qemu, git",3,3,S2,,,
1720,50 - 54 years,Male,35,32,TRUE,TRUE,FALSE,FALSE,FALSE,NA,"I not contributed much to open source projects other than my own: 
https://github.com/larryaasen/LAWalkthrough
https://github.com/larryaasen/SportsFrames
https://github.com/larryaasen/LaneKit
https://github.com/larryaasen/treasury_direct",3,3,S2,,,
1721,35 - 39 years,Male,15,15,TRUE,TRUE,FALSE,TRUE,FALSE,NA,"Actually, none. The politics and forking never appealed to me.",4,4,S2,,,
1731,45 - 49 years,Male,33,29,FALSE,TRUE,TRUE,FALSE,FALSE,NA,the silver searcher,4,4,S2,,,
1745,25 - 29 years,Male,8,6,TRUE,FALSE,FALSE,FALSE,FALSE,NA,"Linux, GCC, GDB, Emacs, various elisp packages.",2,3,S2,,,
1772,50 - 54 years,Male,37,33,TRUE,TRUE,TRUE,TRUE,FALSE,NA,"NetBSD, gcc, binutils, Firefox, gimp, rust, cairo, u-boot, z-lib (probably various others for short times/single bug fixes)",4,4,S2,,,
1788,50 - 54 years,Male,41,33,TRUE,TRUE,TRUE,TRUE,FALSE,NA,"gcc, gdb, binutils, gmake, autoconf, libtool, texinfo, glibc, minix, linux kernel, OpenSSL, OpenLDAP, MIT Kerberos, Heimdal Kerberos, Cyrus SASL, ekiga, GNU screen, kde, rtmpdump, ffmpeg, mplayer, xbmc/kodi, vlc, pidgin, finch, OTR, arc, LMDB, BerkeleyDB, Android OS, llvm, Mozilla browser, Mozilla mailnews, Mozilla NSS, GnuTLS, curl, Monero, levelDB, MGR, InfluxDB, HyperDex, OpenSSH, bash, X11, postfix, sendmail, tcp_wrapper, networkmanager, crosstools-ng, msys, cygwin, mleak, FunctionCheck, C-Kermit, NetHack, Xtrek, ... more that I can't recall now",4,4,S2,,,
1796,45 - 49 years,Male,42,28,TRUE,FALSE,FALSE,FALSE,FALSE,NA,"Chez Scheme, libuv, Swish",4,2,S2,,,
1802,45 - 49 years,Male,30,25,TRUE,FALSE,FALSE,FALSE,FALSE,NA,mainly contributed in bugfixing,3,3,S2,,,
1815,30 - 34 years,Male,20,20,TRUE,FALSE,FALSE,FALSE,FALSE,NA,NA,4,3,S2,,,
1816,40 - 44 years,Male,25,10,TRUE,TRUE,TRUE,FALSE,TRUE,Productmanager,"Git, Go, Python",4,2,S2,,,
1818,65 + years,Male,35,20,TRUE,TRUE,FALSE,FALSE,FALSE,NA,gretl,4,4,S2,,,
1836,45 - 49 years,Male,38,18,TRUE,TRUE,TRUE,FALSE,FALSE,NA,"boost, gecode, git",3,3,S2,,,
1843,40 - 44 years,Male,25,20,TRUE,FALSE,FALSE,FALSE,FALSE,NA,Git,3,3,S2,,,
1869,20 - 24 years,Other,4,3,TRUE,FALSE,FALSE,FALSE,FALSE,NA,"aseprite, the most participated one
firefox, godot, servo, only contribute a little",3,3,S2,,,
1877,45 - 49 years,Other,36,25,TRUE,FALSE,FALSE,FALSE,FALSE,NA,"pianod (lead developer), mserv (modest contributions), ffmpeg (small contributions), Python ics library (small contributions), Korn shell (small bug fixes).",3,3,S2,,,
1886,40 - 44 years,Male,20,20,TRUE,FALSE,FALSE,FALSE,FALSE,NA,"jikes, classpath, m4, coreutils, autoconf, libvirt, qemu, nbdkit",3,4,S2,,,
1913,40 - 44 years,Male,20,18,TRUE,TRUE,FALSE,FALSE,FALSE,NA,"OpenSSL
gost-engine
XMLSec
Some Perl modules
PostgreSQL (contribs)",3,3,S2,,,
1919,35 - 39 years,Male,25,20,TRUE,TRUE,TRUE,TRUE,FALSE,NA,"darktable, GIMP, Inkscape and a few small ones.",4,4,S2,,,
1930,40 - 44 years,Male,22,22,TRUE,FALSE,FALSE,FALSE,FALSE,NA,CppUTest,3,3,S2,,,
1938,35 - 39 years,Male,20,20,TRUE,TRUE,FALSE,FALSE,FALSE,NA,"QEMU, Linux, GCC, ...",4,4,S2,,,
1950,20 - 24 years,Male,6,4,TRUE,FALSE,FALSE,FALSE,FALSE,NA,"A bit of Linux kernel (not contributed), radare2 (analysis and maintenance of their GitHub repository)",3,2,S2,,,
1953,40 - 44 years,Male,32,28,TRUE,FALSE,FALSE,FALSE,FALSE,NA,"in C:

Apache httpd
FreeBSD
unifdef
Exim
BIND9
Knot DNS

And several other smaller contributions",3,3,S2,,,
1969,50 - 54 years,Male,40,40,TRUE,FALSE,FALSE,FALSE,FALSE,NA,"BZlag, Org-mode",4,4,S2,,,
1977,40 - 44 years,Male,9,0,TRUE,TRUE,FALSE,FALSE,TRUE,Technology,"emacs
org-mode (emacs)
python",3,1,S2,,,
1979,35 - 39 years,Male,20,0,TRUE,FALSE,FALSE,FALSE,FALSE,NA,Zope application server,4,2,S2,,,
2005,20 - 24 years,Male,14,3,TRUE,FALSE,FALSE,FALSE,FALSE,NA,"Vim / Neovim
Bash
Linux
Kitty (terminal)",4,2,S2,,,
2007,25 - 29 years,Prefer not to tell,15,13,TRUE,FALSE,FALSE,FALSE,FALSE,NA,i cannot remember all of them,4,4,S2,,,
2011,30 - 34 years,Male,12,8,FALSE,FALSE,FALSE,FALSE,TRUE,LeadDevOfOwnProject,"Some work on Xorg, but mostly writing my own programming language (Lily).",2,2,S2,,,
2056,45 - 49 years,Male,35,23,TRUE,FALSE,FALSE,FALSE,FALSE,NA,"Linux kernel, busybox, NetBSD, and maybe a dozen of others with minor contributions.",4,4,S2,,,
2074,35 - 39 years,Male,20,5,TRUE,FALSE,FALSE,FALSE,FALSE,NA,NA,4,3,S2,,,
2081,45 - 49 years,Male,20,15,TRUE,FALSE,FALSE,FALSE,FALSE,NA,"Tcl, Apache httpd, various others",4,2,S2,,,
2086,35 - 39 years,Male,20,10,TRUE,FALSE,FALSE,FALSE,FALSE,NA,"ffmpeg
mp4v2
OTIO",3,2,S2,,,
2091,25 - 29 years,Male,12,9,TRUE,FALSE,FALSE,FALSE,FALSE,NA,Only minor contributions ,3,3,S2,,,
2093,40 - 44 years,Male,32,23,TRUE,FALSE,FALSE,TRUE,FALSE,NA,"- Linux kernel
- mimk build system",4,4,S2,,,
2094,40 - 44 years,Male,18,18,TRUE,FALSE,FALSE,FALSE,FALSE,NA,"Erlang/OTP
GNU Emacs",4,3,S2,,,
2111,40 - 44 years,Male,25,25,TRUE,FALSE,FALSE,FALSE,FALSE,NA,NA,3,3,S2,,,
2133,45 - 49 years,Male,35,25,TRUE,TRUE,TRUE,FALSE,FALSE,NA,"That's a long list, but a short summary can be seen at

https://www.openhub.net/accounts/henson",3,3,S2,,,
2156,50 - 54 years,Male,38,30,TRUE,TRUE,TRUE,FALSE,FALSE,NA,"I have contributed Tcl/Tk, FreeBSD, GCC, LLVM, NodeJS, and RIOT-OS.  I have tried to contribute to Linux (the kernel) and Android, but my patches were not accepted in the end.  In addition to those, I have contributed to a few tens of smaller projects, e.g. various NPM modules, a few projects I've published myself but which never became anything, etc.",4,4,S2,,,
2185,35 - 39 years,Male,9,5,TRUE,TRUE,TRUE,FALSE,FALSE,NA,"TCPDump, Libpcap, OpenSSL, CPython, Swift",3,2,S2,,,
2190,35 - 39 years,Male,18,18,TRUE,FALSE,FALSE,FALSE,FALSE,NA,"radare2
linux
freebsd
haiku",4,4,S2,,,
2195,25 - 29 years,Male,8,4,TRUE,TRUE,FALSE,FALSE,FALSE,NA,"https://github.com/tokio-rs/tokio
https://github.com/irungentoo/toxcore
https://github.com/Geal/nom
https://github.com/BurntSushi/ripgrep
https://github.com/OpenMW/openmw
https://github.com/ytakano/radix_tree
",4,4,S2,,,
2198,30 - 34 years,Male,15,15,TRUE,FALSE,FALSE,FALSE,FALSE,NA,"mt-words, gnome-settings",2,2,S2,,,
2215,50 - 54 years,Male,34,30,TRUE,TRUE,FALSE,TRUE,FALSE,NA,"llvm clang gcc compiler-rt binutils git
",4,4,S2,,,
2219,60 - 64 years,Male,15,15,TRUE,FALSE,FALSE,TRUE,FALSE,NA,Open Watcom,3,3,S2,,,
2220,25 - 29 years,Male,14,0,FALSE,FALSE,FALSE,TRUE,TRUE,ImplementationConsultant,"ArangoDB.com (employed for almost 3 years)
Blender.org (two tiny paid projects, otherwise as hobby)
Materialdesignicons.com (team member, unpaid)",3,1,S2,,,
2226,30 - 34 years,Male,22,19,TRUE,FALSE,TRUE,TRUE,FALSE,NA,NA,4,3,S2,,,
2232,35 - 39 years,Male,17,14,TRUE,FALSE,FALSE,FALSE,FALSE,NA,"Vim, Git, Scintilla, Notepad++, Buildroot; various bug fixes in other projects.",3,3,S2,,,
2235,35 - 39 years,Male,25,7,TRUE,FALSE,FALSE,FALSE,FALSE,NA,SimGrid,3,3,S2,,,
2248,30 - 34 years,Male,15,11,TRUE,FALSE,FALSE,FALSE,FALSE,NA,Libcurl,3,3,S2,,,
2249,25 - 29 years,Male,6,4,TRUE,FALSE,FALSE,FALSE,FALSE,NA,"Radare2, RIOT-OS",3,3,S2,,,
2252,25 - 29 years,Male,11,5,TRUE,FALSE,FALSE,FALSE,FALSE,NA,"FFmpeg some small own open-source projects, mostly multimedia or network related.",2,2,S2,,,
2272,25 - 29 years,Male,10,10,TRUE,FALSE,FALSE,FALSE,FALSE,NA,"LLVM
Chrome
Firefox
OpenSSH",3,3,S2,,,
2278,30 - 34 years,Male,15,15,TRUE,FALSE,FALSE,FALSE,FALSE,NA,"Firefox, Firefox OS, Deep Speech, Linux",3,3,S2,,,
2279,20 - 24 years,Male,10,3,TRUE,FALSE,FALSE,FALSE,FALSE,NA,"Jackson
smali
netty
mumudvb
lots of others",3,2,S2,,,
2282,35 - 39 years,Male,25,20,TRUE,FALSE,TRUE,FALSE,FALSE,NA,"MPlayer, Linux Kernel. I also made small contributions to many other projects and have a few small projects of my own.
",3,4,S2,,,
2283,35 - 39 years,Male,10,5,TRUE,FALSE,FALSE,FALSE,FALSE,NA,"libuv, h2o, rust",3,2,S2,,,
2290,30 - 34 years,Male,15,3,TRUE,FALSE,FALSE,FALSE,TRUE,Researcher,NA,3,2,S2,,,
2298,25 - 29 years,Male,15,12,TRUE,FALSE,TRUE,TRUE,FALSE,NA,Various parts of the GNOME stack,3,3,S2,,,
2300,25 - 29 years,Male,5,4,TRUE,FALSE,FALSE,FALSE,FALSE,NA,"Chromium, Silver Searcher",3,2,S2,,,
2301,40 - 44 years,Male,35,25,TRUE,FALSE,FALSE,FALSE,FALSE,NA,"OpenBSD, Wine",4,4,S2,,,
2304,45 - 49 years,Male,30,25,TRUE,FALSE,FALSE,FALSE,FALSE,NA,Arduino/EPS8266 core,3,3,S2,,,
2305,35 - 39 years,Male,25,5,TRUE,TRUE,TRUE,FALSE,FALSE,NA,"GNOME, Linux",4,3,S2,,,
2307,40 - 44 years,Male,25,20,TRUE,TRUE,TRUE,FALSE,FALSE,NA,gnucash,3,4,S2,,,
2313,25 - 29 years,Female,9,3,TRUE,FALSE,FALSE,FALSE,FALSE,NA,"Calibre, ansible, ansible-role-tester, issmirnov/zap, and a plethora of random contributions ",4,1,S2,,,
2314,20 - 24 years,Male,13,11,TRUE,FALSE,FALSE,FALSE,FALSE,NA,NA,3,2,S2,,,
2321,45 - 49 years,Male,25,25,TRUE,FALSE,FALSE,FALSE,FALSE,NA,"ffmpeg
libCZI",4,3,S2,,,
2326,30 - 34 years,Male,24,18,TRUE,FALSE,FALSE,FALSE,FALSE,NA,"ELinks, Emacs and various Emacs packages, Kubernetes, OpenShift, brightnessctl, and various toy projects or minor contributions to other projects.",4,3,S2,,,
2334,40 - 44 years,Male,26,22,TRUE,FALSE,FALSE,FALSE,TRUE,ConfigurationManagerAndThisScriptIsAnnoying,"Most recent: Linux Kernel, Git. Others, too. Don't remember",4,4,S2,,,
2341,45 - 49 years,Male,26,26,TRUE,FALSE,FALSE,FALSE,FALSE,NA,"Many, nothing famous other than patches.",4,4,S2,,,
2345,25 - 29 years,Male,10,8,TRUE,FALSE,FALSE,FALSE,FALSE,NA,"opensc
openssh
libssh
libcacard
gnome-keyring
cyrus-sasl
openssl",3,3,S2,,,
2349,30 - 34 years,Male,22,18,TRUE,FALSE,FALSE,FALSE,FALSE,NA,Mercurial,3,3,S2,,,
2351,55 - 59 years,Male,34,34,TRUE,FALSE,FALSE,FALSE,FALSE,NA,"X.Org Server
Mesa 3D",3,4,S2,,,
2364,30 - 34 years,Male,15,13,TRUE,FALSE,TRUE,FALSE,FALSE,NA,"https://github.com/malamanteau/HandyCpp
https://github.com/malamanteau/VectorAntics
https://github.com/kripken/emscripten",4,4,S2,,,
2384,25 - 29 years,Male,15,10,TRUE,FALSE,FALSE,FALSE,FALSE,NA,"curl, ostree, libp11, openembedded/bitbake, rust, aktualizr, meta-updater, sway, rofi...",3,3,S2,,,
2395,45 - 49 years,Male,22,22,TRUE,FALSE,FALSE,FALSE,FALSE,NA,"Midnight Commander, GRUB, Autoconf, Automake, Libtool, Lilypond, Frescobaldi",3,3,S2,,,
2407,50 - 54 years,Male,40,26,TRUE,FALSE,FALSE,FALSE,FALSE,NA,"So much for anonymity lol. Anyway, countless. Some really well known.",4,4,S2,,,
2432,35 - 39 years,Male,15,15,TRUE,FALSE,FALSE,FALSE,FALSE,NA,"Vim, Supybot, subversion, devscripts, libvterm, pangoterm, neovim, vim-gnupg, Debian, lintian, fish",3,3,S2,,,
2437,35 - 39 years,Prefer not to tell,25,25,TRUE,FALSE,FALSE,FALSE,FALSE,NA,OBS Studio,4,4,S2,,,
2447,45 - 49 years,Male,26,20,TRUE,FALSE,FALSE,FALSE,TRUE,Leaddeveloper,"Cocos2d
Linedrawing - related to cocos2d (an extension module)",3,3,S2,,,
2455,30 - 34 years,Male,10,2,TRUE,FALSE,FALSE,FALSE,FALSE,NA,"Ubuntu (multiple packages), Linux Kernel (minor drivers work)",3,2,S2,,,
2475,40 - 44 years,Male,22,16,TRUE,FALSE,FALSE,TRUE,FALSE,NA,"Various Freedesktop, FreeBSD, tinkered with various others",3,3,S2,,,
2481,20 - 24 years,Male,3,3,TRUE,FALSE,FALSE,FALSE,FALSE,NA,"curl, wolfssl, aosp",3,3,S2,,,
2500,45 - 49 years,Male,28,26,TRUE,TRUE,TRUE,FALSE,TRUE,Supportengineer,"vim
curl
small contributions (fixes) to projects on github",3,3,S2,,,
2510,30 - 34 years,Male,6,4,TRUE,FALSE,FALSE,FALSE,FALSE,NA,"Open Broadcasting Software
",2,3,S2,,,
2519,25 - 29 years,Male,10,8,FALSE,FALSE,FALSE,FALSE,TRUE,reverseengineer,"radare2, angr/cle",2,2,S2,,,
2522,40 - 44 years,Male,25,20,TRUE,FALSE,TRUE,TRUE,FALSE,NA,"openQA, Qt and 200 others",4,3,S2,,,
2523,30 - 34 years,Male,10,10,TRUE,FALSE,FALSE,FALSE,FALSE,NA,"wesnoth
chromium",4,4,S2,,,
2527,30 - 34 years,Male,13,13,TRUE,TRUE,FALSE,FALSE,FALSE,NA,"openssl, firebreath, opensc",3,3,S2,,,
2536,30 - 34 years,Male,5,3,TRUE,FALSE,FALSE,FALSE,FALSE,NA,Linux kernel,3,4,S2,,,
2537,45 - 49 years,Male,35,30,TRUE,FALSE,FALSE,FALSE,FALSE,NA,NA,2,3,S2,,,
2551,50 - 54 years,Male,38,30,TRUE,TRUE,TRUE,FALSE,FALSE,NA," X Window System, Kerberos, Zephyr, Hesiod, Linux, Emacs, small contributions to many others",4,4,S2,,,
2562,30 - 34 years,Male,12,3,TRUE,FALSE,FALSE,FALSE,FALSE,NA,"qmk, react native",3,3,S2,,,
2566,40 - 44 years,Female,30,15,TRUE,FALSE,FALSE,TRUE,FALSE,NA,cURL,4,2,S2,,,
2574,30 - 34 years,Male,21,10,TRUE,TRUE,FALSE,TRUE,FALSE,NA,Git (though not in C yet),3,3,S2,,,
2578,25 - 29 years,Male,10,2,TRUE,TRUE,TRUE,FALSE,FALSE,NA,NA,3,2,S2,,,
2580,40 - 44 years,Male,20,20,TRUE,FALSE,FALSE,FALSE,FALSE,NA,"ProFTPD mostly; I contribute small patches to various other projects/tools as I run across issues, in a variety of languages.",3,4,S2,,,
2587,40 - 44 years,Male,30,15,TRUE,FALSE,FALSE,FALSE,FALSE,NA,"picamera, gpiozero, micropython, and a pile of others (see github.com/waveform80 for a more comprehensive list)",4,3,S2,,,
2589,20 - 24 years,Female,12,8,TRUE,FALSE,FALSE,FALSE,FALSE,NA,Tox,3,2,S2,,,
2592,30 - 34 years,Male,15,9,TRUE,FALSE,FALSE,FALSE,FALSE,NA,libwebsockets,3,3,S2,,,
2597,25 - 29 years,Prefer not to tell,14,14,TRUE,FALSE,FALSE,TRUE,FALSE,NA,"radare2, several own projects, qemu",3,3,S2,,,
2614,30 - 34 years,Male,16,1,TRUE,TRUE,TRUE,TRUE,FALSE,NA,"Currently mostly just maintaining my own PHP-based hobby projects. Have committed to various C/C++ open source projects in the past, but usually just small typo fixes, bug reporting, suggestions, etc. Haven't adopted any major roles in C/C++ open source projects before. Have written a few closed source apps before which used C/C++, though nothing particularly noteworthy. I can write basic programs/apps/etc using C/C++, but C/C++ aren't my primary languages.",2,1,S2,,,
2617,25 - 29 years,Male,10,1,TRUE,FALSE,FALSE,FALSE,FALSE,NA,"pybee/voc
qmk/qmk_firmware",2,1,S2,,,
2619,30 - 34 years,Male,12,12,TRUE,TRUE,TRUE,FALSE,FALSE,NA,"Qemu, Xorg, Xen, Linux",4,4,S2,,,
2635,40 - 44 years,Male,30,10,TRUE,FALSE,FALSE,FALSE,FALSE,NA,ffmpeg,4,3,S2,,,
2636,30 - 34 years,Male,19,12,TRUE,TRUE,TRUE,FALSE,FALSE,NA,"I've contributed to Eigen, Homebrew, Atom, many Sublime Text plugins, etc.",4,3,S2,,,
