,system,example,example.position,hardLine,appropriate.yn,understand,maintain,extend,detectBugs,refactored,comprehend1.idk,comprehend1.correct,comprehend2.idk,comprehend2.correct,survey,
195,Vim,vim15,2,1,Yes,1,1,1,1,FALSE,FALSE,FALSE,FALSE,FALSE,S1,
229,Vim,vim15,2,1-34,"No, because",1,1,1,1,FALSE,FALSE,TRUE,FALSE,TRUE,S1,
240,Vim,vim15,2,NA,"No, because",2,2,2,2,FALSE,FALSE,TRUE,FALSE,FALSE,S1,
277,Vim,vim15,2,"Really, none of them.  But it's a poorly constructed ""function"" with unspecified side effects.","No, because",4,3,1,1,FALSE,FALSE,TRUE,FALSE,FALSE,S1,
301,Vim,vim15,2,"22,23","No, because",2,2,2,3,FALSE,FALSE,TRUE,FALSE,FALSE,S1,
306,Vim,vim15,2,NA,"No, because",3,3,3,3,FALSE,FALSE,TRUE,FALSE,TRUE,S1,
320,Vim,vim15,2,NA,Yes,2,3,2,3,FALSE,FALSE,TRUE,FALSE,TRUE,S1,
321,Vim,vim15,2,NA,Yes,2,2,2,2,FALSE,FALSE,TRUE,FALSE,TRUE,S1,
341,Vim,vim15,2,NA,Yes,2,3,2,3,FALSE,FALSE,TRUE,FALSE,TRUE,S1,
346,Vim,vim15,2,"8,24",Yes,2,1,1,2,FALSE,FALSE,TRUE,FALSE,TRUE,S1,
350,Vim,vim15,2,8,"No, because",2,1,1,1,FALSE,FALSE,TRUE,FALSE,TRUE,S1,
366,Vim,vim15,2,NA,Yes,2,2,2,2,FALSE,FALSE,TRUE,FALSE,FALSE,S1,
378,Vim,vim15,2,22-30,Yes,2,2,2,3,FALSE,FALSE,TRUE,FALSE,FALSE,S1,
389,Vim,vim15,2,"8-10,12,15",Yes,4,2,2,3,FALSE,FALSE,TRUE,FALSE,TRUE,S1,
399,Vim,vim15,2,8-15,Yes,2,3,2,3,FALSE,FALSE,TRUE,FALSE,TRUE,S1,
401,Vim,vim15,2,9-16,"No, because",1,1,1,1,FALSE,FALSE,TRUE,FALSE,TRUE,S1,
407,Vim,vim15,2,8-16,"No, because",2,2,2,2,FALSE,FALSE,TRUE,FALSE,TRUE,S1,
410,Vim,vim15,2,NA,Yes,3,3,3,3,FALSE,FALSE,TRUE,FALSE,FALSE,S1,
415,Vim,vim15,2,"22-25,11-16","No, because",2,3,1,3,FALSE,FALSE,TRUE,FALSE,TRUE,S1,
422,Vim,vim15,2,NA,Yes,3,3,3,3,FALSE,FALSE,TRUE,FALSE,TRUE,S1,
425,Vim,vim15,2,NA,Yes,2,2,2,2,FALSE,FALSE,TRUE,FALSE,FALSE,S1,
430,Vim,vim15,2,NA,Yes,3,3,3,3,FALSE,FALSE,TRUE,FALSE,FALSE,S1,
437,Vim,vim15,2,8-17,Yes,2,2,2,2,FALSE,FALSE,TRUE,FALSE,TRUE,S1,
461,Vim,vim15,2,22-30,"No, because",3,3,3,2,FALSE,FALSE,TRUE,FALSE,TRUE,S1,
463,Vim,vim15,2,NA,"No, because",2,2,2,2,FALSE,FALSE,TRUE,FALSE,TRUE,S1,
480,Vim,vim15,2,11-16,"No, because",3,2,2,4,FALSE,FALSE,TRUE,FALSE,TRUE,S1,
495,Vim,vim15,2,11-16,"No, because",3,1,3,2,FALSE,FALSE,TRUE,FALSE,FALSE,S1,
502,Vim,vim15,2,NA,"No, because",3,3,2,3,FALSE,FALSE,TRUE,FALSE,TRUE,S1,
506,Vim,vim15,2,NA,"No, because",1,2,4,3,FALSE,FALSE,FALSE,FALSE,FALSE,S1,
509,Vim,vim15,2,NA,"No, because",3,3,2,2,FALSE,FALSE,TRUE,FALSE,FALSE,S1,
518,Vim,vim15,2,NA,"No, because",3,3,2,3,FALSE,FALSE,TRUE,FALSE,TRUE,S1,
531,Vim,vim15,2,8-17,"No, because",2,1,1,1,FALSE,FALSE,TRUE,FALSE,TRUE,S1,
539,Vim,vim15,2,8-31,"No, because",2,2,2,2,FALSE,FALSE,TRUE,FALSE,FALSE,S1,
554,Vim,vim15,2,NA,Yes,3,3,3,3,FALSE,FALSE,TRUE,FALSE,TRUE,S1,
559,Vim,vim15,2,NA,Yes,2,1,1,2,FALSE,FALSE,TRUE,FALSE,FALSE,S1,
564,Vim,vim15,2,18,"No, because",3,3,2,3,FALSE,FALSE,TRUE,FALSE,TRUE,S1,
590,Vim,vim15,2,NA,"No, because",3,2,1,2,FALSE,FALSE,TRUE,FALSE,FALSE,S1,
592,Vim,vim15,2,"20, 28",Yes,2,3,3,3,FALSE,FALSE,TRUE,FALSE,FALSE,S1,
593,Vim,vim15,2,NA,Yes,2,2,2,2,FALSE,FALSE,TRUE,FALSE,TRUE,S1,
598,Vim,vim15,2,NA,"No, because",3,2,2,3,FALSE,FALSE,TRUE,FALSE,TRUE,S1,
601,Vim,vim15,2,NA,"No, because",2,2,2,2,FALSE,FALSE,TRUE,FALSE,FALSE,S1,
615,Vim,vim15,2,24,"No, because",3,2,2,2,FALSE,FALSE,TRUE,FALSE,TRUE,S1,
626,Vim,vim15,2,23-25,"No, because",2,2,2,3,FALSE,FALSE,TRUE,FALSE,TRUE,S1,
655,Vim,vim15,2,5-33,"No, because",2,2,2,2,FALSE,FALSE,TRUE,FALSE,TRUE,S1,
661,Vim,vim15,2,NA,Yes,3,3,3,3,FALSE,FALSE,TRUE,FALSE,TRUE,S1,
664,Vim,vim15,2,8-30,"No, because",2,2,1,1,FALSE,FALSE,TRUE,FALSE,FALSE,S1,
672,Vim,vim15,2,8-18,"No, because",2,2,2,2,FALSE,FALSE,TRUE,FALSE,FALSE,S1,
689,Vim,vim15,2,NA,Yes,3,3,3,3,FALSE,FALSE,TRUE,FALSE,TRUE,S1,
690,Vim,vim15,2,"9,24","No, because",2,2,2,2,FALSE,FALSE,TRUE,FALSE,TRUE,S1,
696,Vim,vim15,2,NA,Yes,4,4,4,4,FALSE,FALSE,TRUE,FALSE,TRUE,S1,
699,Vim,vim15,2,NA,"No, because",2,1,1,1,FALSE,FALSE,TRUE,FALSE,FALSE,S1,
701,Vim,vim15,2,"12,23,24","No, because",2,1,2,2,FALSE,FALSE,TRUE,FALSE,TRUE,S1,
702,Vim,vim15,2,"8-20, 23-24",Yes,2,2,1,2,FALSE,FALSE,TRUE,FALSE,FALSE,S1,
706,Vim,vim15,2,NA,Yes,4,4,4,4,FALSE,FALSE,TRUE,FALSE,FALSE,S1,
709,Vim,vim15,2,8,"No, because",2,2,1,1,FALSE,FALSE,TRUE,FALSE,TRUE,S1,
710,Vim,vim15,2,NA,Yes,3,2,2,2,FALSE,FALSE,TRUE,FALSE,TRUE,S1,
732,Vim,vim15,2,NA,Yes,3,3,3,3,FALSE,FALSE,TRUE,FALSE,FALSE,S1,
746,Vim,vim15,2,NA,Yes,4,2,3,3,FALSE,FALSE,TRUE,FALSE,TRUE,S1,
747,Vim,vim15,2,NA,"No, because",2,1,1,1,FALSE,FALSE,TRUE,FALSE,TRUE,S1,
748,Vim,vim15,2,NA,"No, because",3,2,2,2,FALSE,FALSE,TRUE,FALSE,TRUE,S1,
750,Vim,vim15,2,NA,Yes,2,3,2,2,FALSE,FALSE,TRUE,FALSE,TRUE,S1,
758,Vim,vim15,2,8-15,Yes,2,3,2,3,FALSE,FALSE,TRUE,FALSE,FALSE,S1,
770,Vim,vim15,2,18,"No, because",2,2,2,3,FALSE,FALSE,TRUE,FALSE,TRUE,S1,
772,Vim,vim15,2,24,"No, because",2,3,3,3,FALSE,FALSE,TRUE,FALSE,FALSE,S1,
781,Vim,vim15,2,NA,Yes,3,2,2,2,FALSE,FALSE,TRUE,FALSE,FALSE,S1,
798,Vim,vim15,2,NA,Yes,3,1,3,1,FALSE,FALSE,TRUE,FALSE,FALSE,S1,
800,Vim,vim15,2,NA,Yes,3,2,3,2,FALSE,FALSE,TRUE,FALSE,TRUE,S1,
805,Vim,vim15,2,"8-16,23-25","No, because",2,2,2,2,FALSE,FALSE,TRUE,FALSE,TRUE,S1,
820,Vim,vim15,2,NA,"No, because",2,1,1,1,FALSE,FALSE,TRUE,FALSE,TRUE,S1,
824,Vim,vim15,2,NA,Yes,3,3,2,3,FALSE,FALSE,TRUE,FALSE,FALSE,S1,
827,Vim,vim15,2,11-16,Yes,2,2,2,3,FALSE,FALSE,TRUE,FALSE,FALSE,S1,
829,Vim,vim15,2,NA,"No, because",2,3,2,3,FALSE,FALSE,TRUE,FALSE,FALSE,S1,
842,Vim,vim15,2,8-15,"No, because",1,3,1,3,FALSE,FALSE,TRUE,FALSE,TRUE,S1,
843,Vim,vim15,2,NA,"No, because",2,2,2,2,FALSE,FALSE,TRUE,FALSE,TRUE,S1,
848,Vim,vim15,2,22-30,"No, because",2,1,1,1,FALSE,FALSE,TRUE,FALSE,FALSE,S1,
871,Vim,vim15,2,8-15,Yes,2,2,3,3,FALSE,FALSE,TRUE,FALSE,TRUE,S1,
949,Vim,vim15,2,8-20,"No, because",2,1,1,1,FALSE,FALSE,TRUE,FALSE,TRUE,S1,
955,Vim,vim15,2,NA,"No, because",3,2,2,2,FALSE,FALSE,TRUE,FALSE,FALSE,S1,
975,Vim,vim15,2,NA,Yes,4,3,3,3,FALSE,FALSE,TRUE,FALSE,FALSE,S1,
978,Vim,vim15,2,NA,Yes,2,2,2,2,FALSE,FALSE,TRUE,FALSE,TRUE,S1,
981,Vim,vim15,2,23-25,"No, because",2,2,3,3,FALSE,FALSE,TRUE,FALSE,TRUE,S1,
986,Vim,vim15,2,NA,Yes,3,3,3,3,FALSE,FALSE,TRUE,FALSE,FALSE,S1,
990,Vim,vim15,2,NA,Yes,2,2,2,2,FALSE,FALSE,TRUE,FALSE,TRUE,S1,
993,Vim,vim15,2,NA,Yes,3,3,3,3,FALSE,FALSE,TRUE,FALSE,FALSE,S1,
998,Vim,vim15,2,"11-16, 22-30","No, because",2,2,2,2,FALSE,FALSE,TRUE,FALSE,FALSE,S1,
1020,Vim,vim15,2,8-30,"No, because",2,1,1,1,FALSE,FALSE,TRUE,FALSE,FALSE,S1,
1022,Vim,vim15,2,NA,Yes,2,2,2,2,FALSE,FALSE,FALSE,FALSE,TRUE,S1,
1038,Vim,vim15,2,8-17,"No, because",2,1,1,1,FALSE,FALSE,TRUE,FALSE,TRUE,S1,
1043,Vim,vim15,2,8-20,"No, because",2,2,2,2,FALSE,FALSE,TRUE,FALSE,TRUE,S1,
1059,Vim,vim15,2,NA,"No, because",4,3,2,3,FALSE,FALSE,TRUE,FALSE,FALSE,S1,
1081,Vim,vim15,2,NA,Yes,3,3,3,3,FALSE,FALSE,TRUE,FALSE,FALSE,S1,
1090,Vim,vim15,2,20,Yes,3,3,3,3,FALSE,FALSE,TRUE,FALSE,FALSE,S1,
1100,Vim,vim15,2,"5-7,22-30","No, because",2,2,2,2,FALSE,FALSE,TRUE,FALSE,TRUE,S1,
1101,Vim,vim15,2,NA,Yes,3,3,3,3,FALSE,FALSE,TRUE,FALSE,TRUE,S1,
1110,Vim,vim15,2,"5, 7, 33","No, because",2,3,2,3,FALSE,FALSE,TRUE,FALSE,TRUE,S1,
1111,Vim,vim15,2,22-30,Yes,2,3,3,2,FALSE,FALSE,TRUE,FALSE,FALSE,S1,
1118,Vim,vim15,2,NA,Yes,3,3,2,3,FALSE,FALSE,TRUE,FALSE,FALSE,S1,
1137,Vim,vim15,2,NA,"No, because",2,1,1,1,FALSE,FALSE,TRUE,FALSE,FALSE,S1,
1159,Vim,vim15,2,8-18,"No, because",3,2,2,1,FALSE,FALSE,TRUE,FALSE,FALSE,S1,
1169,Vim,vim15,2,11-16,"No, because",2,3,2,3,FALSE,FALSE,TRUE,FALSE,TRUE,S1,
1171,Vim,vim15,2,NA,Yes,2,2,2,3,FALSE,FALSE,TRUE,FALSE,FALSE,S1,
1173,Vim,vim15,2,NA,Yes,3,3,3,3,FALSE,FALSE,TRUE,FALSE,FALSE,S1,
1181,Vim,vim15,2,NA,"No, because",2,2,2,2,FALSE,FALSE,TRUE,FALSE,TRUE,S1,
1200,Vim,vim15,2,"5-33, 11-16,22-30","No, because",2,1,1,1,FALSE,FALSE,TRUE,FALSE,TRUE,S1,
1226,Vim,vim15,2,8-18,"No, because",2,2,2,2,FALSE,FALSE,TRUE,FALSE,FALSE,S1,
1227,Vim,vim15,2,NA,Yes,2,2,2,3,FALSE,FALSE,TRUE,FALSE,TRUE,S1,
1234,Vim,vim15,2,NA,Yes,3,3,2,2,FALSE,FALSE,TRUE,FALSE,FALSE,S1,
1240,Vim,vim15,2,"8,18,20","No, because",2,2,1,2,FALSE,FALSE,TRUE,FALSE,FALSE,S1,
1242,Vim,vim15,2,28,"No, because",2,2,2,2,FALSE,FALSE,TRUE,FALSE,FALSE,S1,
1246,Vim,vim15,2,5-20,"No, because",2,2,2,2,FALSE,FALSE,TRUE,FALSE,FALSE,S1,
1251,Vim,vim15,2,8-17,"No, because",1,2,2,3,FALSE,FALSE,TRUE,FALSE,TRUE,S1,
1256,Vim,vim15,2,"18, 24","No, because",3,2,2,2,FALSE,FALSE,TRUE,FALSE,TRUE,S1,
1261,Vim,vim15,2,NA,"No, because",1,1,1,1,FALSE,FALSE,TRUE,FALSE,FALSE,S1,
1268,Vim,vim15,2,24,"No, because",2,1,2,1,FALSE,FALSE,TRUE,FALSE,TRUE,S1,
1270,Vim,vim15,2,8-18,Yes,2,2,2,2,FALSE,FALSE,TRUE,FALSE,TRUE,S1,
1280,Vim,vim15,2,17,Yes,3,3,2,2,FALSE,FALSE,TRUE,FALSE,FALSE,S1,
1285,Vim,vim15,2,NA,Yes,3,3,3,3,FALSE,FALSE,TRUE,FALSE,FALSE,S1,
1303,Vim,vim15,2,NA,Yes,2,3,2,3,FALSE,FALSE,TRUE,FALSE,TRUE,S1,
1309,Vim,vim15,2,NA,"No, because",3,3,2,2,FALSE,FALSE,TRUE,FALSE,TRUE,S1,
1314,Vim,vim15,2,22-33,"No, because",2,3,3,2,FALSE,FALSE,TRUE,FALSE,TRUE,S1,
1322,Vim,vim15,2,-,Yes,2,3,3,3,FALSE,FALSE,TRUE,FALSE,TRUE,S1,
1324,Vim,vim15,2,10-17,"No, because",2,1,2,1,FALSE,FALSE,TRUE,FALSE,FALSE,S1,
1335,Vim,vim15,2,NA,"No, because",3,3,2,3,FALSE,FALSE,TRUE,FALSE,TRUE,S1,
1345,Vim,vim15,2,NA,Yes,3,3,3,3,FALSE,FALSE,TRUE,FALSE,FALSE,S1,
1352,Vim,vim15,2,NA,"No, because",2,2,1,2,FALSE,FALSE,TRUE,FALSE,FALSE,S1,
1355,Vim,vim15,2,5-18,Yes,3,3,4,3,FALSE,FALSE,TRUE,FALSE,FALSE,S1,
1357,Vim,vim15,2,6-18,"No, because",2,2,2,2,FALSE,FALSE,TRUE,FALSE,FALSE,S1,
1373,Vim,vim15,2,NA,Yes,3,3,2,3,FALSE,FALSE,TRUE,FALSE,TRUE,S1,
1385,Vim,vim15,2,NA,Yes,2,2,3,3,FALSE,FALSE,TRUE,FALSE,TRUE,S1,
1390,Vim,vim15,2,NA,Yes,3,2,2,2,FALSE,FALSE,TRUE,FALSE,FALSE,S1,
1406,Vim,vim15,2,NA,Yes,4,3,2,4,FALSE,FALSE,TRUE,FALSE,FALSE,S1,
1415,Vim,vim15,2,"11-16,22-30","No, because",2,1,1,1,FALSE,FALSE,TRUE,FALSE,FALSE,S1,
1421,Vim,vim15,2,8-17,"No, because",2,2,2,2,FALSE,FALSE,TRUE,FALSE,TRUE,S1,
1422,Vim,vim15,2,NA,Yes,3,3,3,3,FALSE,FALSE,TRUE,FALSE,FALSE,S1,
1459,Vim,vim15,2,8-18,"No, because",2,1,1,1,FALSE,FALSE,TRUE,FALSE,FALSE,S1,
1512,Vim,vim15,2,NA,Yes,3,3,4,3,FALSE,FALSE,TRUE,FALSE,TRUE,S1,
1542,Vim,vim15,2,8-16,Yes,2,3,3,3,FALSE,FALSE,TRUE,FALSE,TRUE,S1,
1547,Vim,vim15,2,22-25,"No, because",2,2,1,1,FALSE,FALSE,TRUE,FALSE,TRUE,S1,
1560,Vim,vim15,2,8-17,"No, because",2,2,2,2,FALSE,FALSE,TRUE,FALSE,FALSE,S1,
1588,Vim,vim15,2,NA,"No, because",3,3,3,4,FALSE,FALSE,TRUE,FALSE,TRUE,S1,
1595,Vim,vim15,2,23-25,Yes,2,3,3,3,FALSE,FALSE,TRUE,FALSE,FALSE,S1,
1597,Vim,vim15,2,NA,Yes,3,3,2,3,FALSE,FALSE,TRUE,FALSE,FALSE,S1,
1665,Vim,vim15,2,NA,"No, because",3,2,2,2,FALSE,FALSE,TRUE,FALSE,TRUE,S1,
1675,Vim,vim15,2,8-18,"No, because",3,3,3,3,FALSE,FALSE,TRUE,FALSE,FALSE,S1,
1679,Vim,vim15,2,8-18,Yes,3,3,3,3,FALSE,FALSE,TRUE,FALSE,FALSE,S1,
1687,Vim,vim15,2,NA,Yes,3,3,2,3,FALSE,FALSE,TRUE,FALSE,FALSE,S1,
1688,Vim,vim15,2,22-30,"No, because",3,1,1,2,FALSE,FALSE,TRUE,FALSE,FALSE,S1,
1704,Vim,vim15,2,NA,"No, because",3,2,2,2,FALSE,FALSE,TRUE,FALSE,TRUE,S1,
1723,Vim,vim15,2,NA,"No, because",3,2,2,2,FALSE,FALSE,TRUE,FALSE,FALSE,S1,
1726,Vim,vim15,2,23-25,Yes,3,2,2,3,FALSE,FALSE,TRUE,FALSE,TRUE,S1,
1758,Vim,vim15,2,NA,Yes,4,4,3,3,FALSE,FALSE,TRUE,FALSE,FALSE,S1,
1767,Vim,vim15,2,8-16,"No, because",2,2,2,2,FALSE,FALSE,TRUE,FALSE,TRUE,S1,
1771,Vim,vim15,2,NA,"No, because",3,2,3,3,FALSE,FALSE,TRUE,FALSE,TRUE,S1,
1775,Vim,vim15,2,"29, 34 - bad indentation",Yes,4,4,3,4,FALSE,FALSE,TRUE,FALSE,TRUE,S1,
1787,Vim,vim15,2,22-25,"No, because",2,1,2,1,FALSE,FALSE,TRUE,FALSE,FALSE,S1,
1792,Vim,vim15,2,11-30,"No, because",3,2,2,2,FALSE,FALSE,TRUE,FALSE,FALSE,S1,
1797,Vim,vim15,2,22-30,"No, because",1,1,1,1,FALSE,FALSE,TRUE,FALSE,FALSE,S1,
1824,Vim,vim15,2,NA,Yes,3,3,3,3,FALSE,FALSE,TRUE,FALSE,TRUE,S1,
1833,Vim,vim15,2,NA,"No, because",3,2,2,2,FALSE,FALSE,TRUE,FALSE,FALSE,S1,
1844,Vim,vim15,2,"line 12.  \ as file name separate is #1 reason windows is stupid and hard to support, and has so $14B/year of bugs.","No, because",2,2,1,1,FALSE,FALSE,TRUE,FALSE,FALSE,S1,
1861,Vim,vim15,2,"7, 33, 18, 20, 22-30","No, because",1,1,1,2,FALSE,FALSE,TRUE,FALSE,TRUE,S1,
1864,Vim,vim15,2,23-29,"No, because",3,3,2,3,FALSE,FALSE,TRUE,FALSE,FALSE,S1,
1866,Vim,vim15,2,9-15,Yes,3,3,2,3,FALSE,FALSE,TRUE,FALSE,TRUE,S1,
1868,Vim,vim15,2,NA,Yes,3,2,2,2,FALSE,FALSE,TRUE,FALSE,FALSE,S1,
1878,Vim,vim15,2,8-16,Yes,2,2,2,3,FALSE,FALSE,TRUE,FALSE,FALSE,S1,
1883,Vim,vim15,2,NA,"No, because",3,3,3,3,FALSE,FALSE,TRUE,FALSE,FALSE,S1,
1911,Vim,vim15,2,22-30,"No, because",3,1,1,1,FALSE,FALSE,TRUE,FALSE,FALSE,S1,
1923,Vim,vim15,2,11-16,"No, because",2,3,3,3,FALSE,FALSE,TRUE,FALSE,FALSE,S1,
1944,Vim,vim15,2,NA,Yes,3,3,3,3,FALSE,FALSE,TRUE,FALSE,TRUE,S1,
1962,Vim,vim15,2,NA,"No, because",2,2,2,3,FALSE,FALSE,TRUE,FALSE,FALSE,S1,
1976,Vim,vim15,2,NA,Yes,3,2,2,3,FALSE,FALSE,TRUE,FALSE,FALSE,S1,
1995,Vim,vim15,2,17,Yes,2,2,2,1,FALSE,FALSE,TRUE,FALSE,FALSE,S1,
2032,Vim,vim15,2,22-26,Yes,1,1,1,1,FALSE,FALSE,TRUE,FALSE,TRUE,S1,
2034,Vim,vim15,2,NA,Yes,3,3,2,3,FALSE,FALSE,TRUE,FALSE,TRUE,S1,
2051,Vim,vim15,2,NA,Yes,3,3,3,3,FALSE,FALSE,TRUE,FALSE,FALSE,S1,
2052,Vim,vim15,2,NA,Yes,3,2,2,2,FALSE,FALSE,TRUE,FALSE,TRUE,S1,
2053,Vim,vim15,2,NA,"No, because",3,2,1,4,FALSE,FALSE,TRUE,FALSE,FALSE,S1,
2058,Vim,vim15,2,NA,"No, because",3,2,2,3,FALSE,FALSE,TRUE,FALSE,TRUE,S1,
2061,Vim,vim15,2,6,Yes,3,3,3,3,FALSE,FALSE,TRUE,FALSE,TRUE,S1,
2062,Vim,vim15,2,NA,Yes,2,2,2,2,FALSE,FALSE,TRUE,FALSE,TRUE,S1,
2076,Vim,vim15,2,"8-18, 22-30","No, because",1,1,1,1,FALSE,FALSE,TRUE,FALSE,TRUE,S1,
2079,Vim,vim15,2,8-33,"No, because",1,1,1,1,FALSE,FALSE,TRUE,FALSE,FALSE,S1,
2080,Vim,vim15,2,8-16,"No, because",2,2,2,2,FALSE,FALSE,TRUE,FALSE,TRUE,S1,
2082,Vim,vim15,2,NA,Yes,3,3,3,3,FALSE,FALSE,TRUE,FALSE,FALSE,S1,
2083,Vim,vim15,2,NA,Yes,3,3,2,3,FALSE,FALSE,TRUE,FALSE,TRUE,S1,
2087,Vim,vim15,2,NA,"No, because",2,1,1,1,FALSE,FALSE,TRUE,FALSE,TRUE,S1,
2113,Vim,vim15,2,18,Yes,3,3,2,2,FALSE,FALSE,TRUE,FALSE,FALSE,S1,
2124,Vim,vim15,2,NA,"No, because",2,2,2,3,FALSE,FALSE,TRUE,FALSE,TRUE,S1,
2129,Vim,vim15,2,9-16,"No, because",2,2,2,3,FALSE,FALSE,TRUE,FALSE,TRUE,S1,
2132,Vim,vim15,2,8-17,"No, because",3,2,2,3,FALSE,FALSE,TRUE,FALSE,TRUE,S1,
2134,Vim,vim15,2,NA,"No, because",2,2,2,3,FALSE,FALSE,TRUE,FALSE,FALSE,S1,
2145,Vim,vim15,2,NA,Yes,4,4,3,3,FALSE,FALSE,TRUE,FALSE,FALSE,S1,
2152,Vim,vim15,2,NA,Yes,3,3,3,3,FALSE,FALSE,TRUE,FALSE,TRUE,S1,
2157,Vim,vim15,2,7,"No, because",2,2,2,2,FALSE,FALSE,TRUE,FALSE,FALSE,S1,
2158,Vim,vim15,2,NA,"No, because",3,3,3,3,FALSE,FALSE,TRUE,FALSE,FALSE,S1,
2176,Vim,vim15,2,8-18,"No, because",2,3,2,3,FALSE,FALSE,TRUE,FALSE,TRUE,S1,
2183,Vim,vim15,2,NA,"No, because",1,1,2,1,FALSE,FALSE,TRUE,FALSE,FALSE,S1,
2186,Vim,vim15,2,NA,Yes,4,4,3,4,FALSE,FALSE,TRUE,FALSE,FALSE,S1,
2188,Vim,vim15,2,NA,Yes,3,2,3,2,FALSE,FALSE,TRUE,FALSE,TRUE,S1,
2189,Vim,vim15,2,23-32,"No, because",1,1,1,1,FALSE,FALSE,TRUE,FALSE,TRUE,S1,
2197,Vim,vim15,2,NA,Yes,3,3,3,2,FALSE,FALSE,TRUE,FALSE,FALSE,S1,
2205,Vim,vim15,2,NA,"No, because",1,1,1,1,FALSE,FALSE,TRUE,FALSE,FALSE,S1,
2251,Vim,vim15,2,23-32,"No, because",3,2,2,3,FALSE,FALSE,TRUE,FALSE,FALSE,S1,
2254,Vim,vim15,2,8-18,"No, because",2,3,2,3,FALSE,FALSE,TRUE,FALSE,FALSE,S1,
2255,Vim,vim15,2,NA,Yes,3,3,3,3,FALSE,TRUE,NA,TRUE,NA,S1,
2261,Vim,vim15,2,NA,Yes,3,3,3,3,FALSE,FALSE,TRUE,FALSE,FALSE,S1,
2263,Vim,vim15,2,8,"No, because",2,2,3,2,FALSE,FALSE,TRUE,FALSE,FALSE,S1,
2265,Vim,vim15,2,8-17,"No, because",3,1,1,1,FALSE,FALSE,TRUE,FALSE,TRUE,S1,
2273,Vim,vim15,2,NA,Yes,3,2,2,2,FALSE,FALSE,FALSE,FALSE,FALSE,S1,
2275,Vim,vim15,2,8-15,Yes,3,3,2,3,FALSE,FALSE,TRUE,FALSE,TRUE,S1,
2285,Vim,vim15,2,"Again, question 15 is unclear in how the results would be interpreted and is impossible to answer",Yes,4,4,4,4,FALSE,FALSE,TRUE,FALSE,FALSE,S1,
2295,Vim,vim15,2,NA,"No, because",3,3,3,3,FALSE,FALSE,TRUE,FALSE,TRUE,S1,
2296,Vim,vim15,2,22-30,"No, because",1,1,1,2,FALSE,FALSE,TRUE,FALSE,FALSE,S1,
2299,Vim,vim15,2,8-17,"No, because",1,1,1,1,FALSE,FALSE,TRUE,FALSE,FALSE,S1,
2302,Vim,vim15,2,"22-30, 11-16","No, because",2,2,1,2,FALSE,FALSE,TRUE,FALSE,TRUE,S1,
2309,Vim,vim15,2,22-30,Yes,3,2,1,2,FALSE,FALSE,TRUE,FALSE,TRUE,S1,
2310,Vim,vim15,2,8,Yes,2,2,2,1,FALSE,FALSE,TRUE,FALSE,TRUE,S1,
2311,Vim,vim15,2,NA,Yes,3,2,2,2,FALSE,FALSE,TRUE,FALSE,FALSE,S1,
2312,Vim,vim15,2,"11-7, 22-30","No, because",2,1,2,1,FALSE,FALSE,TRUE,FALSE,TRUE,S1,
2316,Vim,vim15,2,NA,Yes,3,2,2,2,FALSE,FALSE,FALSE,FALSE,FALSE,S1,
2320,Vim,vim15,2,23-25,"No, because",2,2,2,2,FALSE,FALSE,TRUE,FALSE,FALSE,S1,
2323,Vim,vim15,2,8-18,"No, because",2,3,2,3,FALSE,FALSE,TRUE,FALSE,TRUE,S1,
2332,Vim,vim15,2,8-16,"No, because",2,2,2,2,FALSE,FALSE,TRUE,FALSE,FALSE,S1,
2354,Vim,vim15,2,NA,"No, because",4,4,3,4,FALSE,FALSE,TRUE,FALSE,TRUE,S1,
2359,Vim,vim15,2,8-17,Yes,2,2,2,3,FALSE,FALSE,TRUE,FALSE,TRUE,S1,
2365,Vim,vim15,2,NA,"No, because",2,2,2,1,FALSE,FALSE,TRUE,FALSE,FALSE,S1,
2372,Vim,vim15,2,22-24,Yes,2,3,2,3,FALSE,FALSE,TRUE,FALSE,TRUE,S1,
2377,Vim,vim15,2,8-18,"No, because",2,2,2,2,FALSE,FALSE,TRUE,FALSE,TRUE,S1,
2379,Vim,vim15,2,NA,"No, because",3,3,3,3,FALSE,FALSE,TRUE,FALSE,TRUE,S1,
2386,Vim,vim15,2,NA,"No, because",4,3,2,2,FALSE,FALSE,TRUE,FALSE,TRUE,S1,
2411,Vim,vim15,2,"9,10,12","No, because",3,2,2,2,FALSE,FALSE,TRUE,FALSE,FALSE,S1,
2412,Vim,vim15,2,NA,Yes,3,2,3,2,FALSE,FALSE,TRUE,FALSE,FALSE,S1,
2426,Vim,vim15,2,8-17,"No, because",2,2,1,3,FALSE,FALSE,TRUE,FALSE,TRUE,S1,
2428,Vim,vim15,2,8-18,Yes,2,1,2,1,FALSE,FALSE,TRUE,FALSE,TRUE,S1,
2429,Vim,vim15,2,23-25,"No, because",1,1,1,1,FALSE,FALSE,TRUE,FALSE,FALSE,S1,
2433,Vim,vim15,2,NA,"No, because",3,3,2,3,FALSE,FALSE,TRUE,FALSE,TRUE,S1,
2446,Vim,vim15,2,NA,Yes,2,2,1,3,FALSE,FALSE,TRUE,FALSE,FALSE,S1,
2449,Vim,vim15,2,"12,15",Yes,3,2,2,3,FALSE,FALSE,TRUE,FALSE,FALSE,S1,
2477,Vim,vim15,2,NA,Yes,2,3,3,3,FALSE,FALSE,TRUE,FALSE,TRUE,S1,
2480,Vim,vim15,2,NA,Yes,2,2,2,2,FALSE,FALSE,TRUE,FALSE,FALSE,S1,
2502,Vim,vim15,2,NA,"No, because",3,3,3,3,FALSE,FALSE,TRUE,FALSE,TRUE,S1,
2503,Vim,vim15,2,NA,Yes,3,3,2,2,FALSE,FALSE,TRUE,FALSE,TRUE,S1,
2521,Vim,vim15,2,NA,"No, because",3,2,2,2,FALSE,FALSE,TRUE,FALSE,FALSE,S1,
2533,Vim,vim15,2,8-17,"No, because",2,2,2,2,FALSE,FALSE,TRUE,FALSE,TRUE,S1,
2535,Vim,vim15,2,18,"No, because",2,1,2,1,FALSE,FALSE,TRUE,FALSE,TRUE,S1,
2541,Vim,vim15,2,33,"No, because",3,3,3,4,FALSE,FALSE,TRUE,FALSE,FALSE,S1,
2544,Vim,vim15,2,7-18,Yes,2,3,3,3,FALSE,FALSE,TRUE,FALSE,TRUE,S1,
2552,Vim,vim15,2,NA,Yes,3,2,2,3,FALSE,FALSE,TRUE,FALSE,FALSE,S1,
2563,Vim,vim15,2,22-30,"No, because",2,1,2,1,FALSE,FALSE,TRUE,FALSE,TRUE,S1,
2591,Vim,vim15,2,NA,Yes,2,2,3,1,FALSE,FALSE,TRUE,FALSE,FALSE,S1,
2599,Vim,vim15,2,NA,"No, because",2,2,3,3,FALSE,FALSE,TRUE,FALSE,TRUE,S1,
2609,Vim,vim15,2,NA,Yes,3,3,3,3,FALSE,FALSE,TRUE,FALSE,TRUE,S1,
2610,Vim,vim15,2,"8-15,27-28",Yes,3,2,3,2,FALSE,FALSE,TRUE,FALSE,FALSE,S1,
2631,Vim,vim15,2,8-17,Yes,4,4,4,4,FALSE,FALSE,TRUE,FALSE,FALSE,S1,
2643,Vim,vim15,2,NA,Yes,4,3,3,3,FALSE,FALSE,TRUE,FALSE,TRUE,S1,
2645,Vim,vim15,2,24,"No, because",3,4,3,3,FALSE,FALSE,TRUE,FALSE,FALSE,S1,
2654,Vim,vim15,2,"8-18,22-30","No, because",2,2,2,2,FALSE,FALSE,TRUE,FALSE,TRUE,S1,
2662,Vim,vim15,2,NA,"No, because",2,2,2,2,FALSE,FALSE,TRUE,FALSE,FALSE,S1,
2664,Vim,vim15,2,1-3,"No, because",2,1,1,1,FALSE,FALSE,TRUE,FALSE,FALSE,S1,
2666,Vim,vim15,2,NA,"No, because",2,3,3,4,FALSE,FALSE,TRUE,FALSE,TRUE,S1,
194,Vim,vim15,2,1,Yes,1,1,1,1,TRUE,FALSE,FALSE,FALSE,FALSE,S2,
196,Vim,vim15,2,1,Yes,1,1,1,1,TRUE,FALSE,FALSE,FALSE,FALSE,S2,
201,Vim,vim15,2,NA,Yes,3,3,3,2,TRUE,FALSE,TRUE,FALSE,TRUE,S2,
212,Vim,vim15,2,NA,Yes,4,3,3,3,TRUE,FALSE,TRUE,FALSE,FALSE,S2,
226,Vim,vim15,2,16-24,Yes,2,3,2,3,TRUE,FALSE,TRUE,FALSE,TRUE,S2,
234,Vim,vim15,2,NA,Yes,4,4,4,4,TRUE,FALSE,TRUE,FALSE,FALSE,S2,
254,Vim,vim15,2,16-24,"No, because",2,2,2,2,TRUE,FALSE,TRUE,FALSE,FALSE,S2,
255,Vim,vim15,2,16-18,Yes,2,1,1,1,TRUE,FALSE,TRUE,FALSE,TRUE,S2,
265,Vim,vim15,2,NA,Yes,4,3,3,3,TRUE,FALSE,TRUE,FALSE,FALSE,S2,
279,Vim,vim15,2,NA,Yes,3,2,2,3,TRUE,FALSE,TRUE,FALSE,TRUE,S2,
280,Vim,vim15,2,NA,Yes,2,3,3,4,TRUE,FALSE,TRUE,FALSE,FALSE,S2,
293,Vim,vim15,2,32,"No, because",2,2,2,2,TRUE,FALSE,TRUE,FALSE,TRUE,S2,
295,Vim,vim15,2,NA,Yes,3,3,2,2,TRUE,FALSE,TRUE,FALSE,TRUE,S2,
300,Vim,vim15,2,"16, 20, 23, 26, 32",Yes,2,3,2,3,TRUE,FALSE,TRUE,FALSE,TRUE,S2,
304,Vim,vim15,2,"17,18,20",Yes,2,3,3,4,TRUE,FALSE,TRUE,FALSE,TRUE,S2,
307,Vim,vim15,2,NA,Yes,3,3,3,3,TRUE,FALSE,TRUE,FALSE,FALSE,S2,
309,Vim,vim15,2,NA,Yes,3,3,2,3,TRUE,FALSE,TRUE,FALSE,TRUE,S2,
311,Vim,vim15,2,16-26,"No, because",1,1,1,1,TRUE,FALSE,TRUE,FALSE,FALSE,S2,
314,Vim,vim15,2,NA,"No, because",3,3,2,2,TRUE,FALSE,TRUE,FALSE,TRUE,S2,
322,Vim,vim15,2,16-24,"No, because",3,3,3,3,TRUE,FALSE,TRUE,FALSE,TRUE,S2,
348,Vim,vim15,2,"20,23",Yes,3,4,3,4,TRUE,FALSE,TRUE,FALSE,FALSE,S2,
352,Vim,vim15,2,"3-5, 12-14",Yes,2,2,3,2,TRUE,FALSE,TRUE,FALSE,TRUE,S2,
361,Vim,vim15,2,"32 : at first it seems that the test will always evaluate to true, until you realize it can evaluate to false if USE_LONG_FNAME is set to 0","No, because",2,2,2,2,TRUE,FALSE,TRUE,FALSE,FALSE,S2,
371,Vim,vim15,2,NA,Yes,3,3,3,3,TRUE,FALSE,TRUE,FALSE,TRUE,S2,
373,Vim,vim15,2,16,Yes,1,1,1,1,TRUE,FALSE,TRUE,FALSE,TRUE,S2,
388,Vim,vim15,2,12-39,Yes,2,2,1,1,TRUE,FALSE,TRUE,FALSE,FALSE,S2,
404,Vim,vim15,2,NA,Yes,3,4,4,4,TRUE,FALSE,TRUE,FALSE,TRUE,S2,
405,Vim,vim15,2,NA,Yes,3,3,3,3,TRUE,FALSE,TRUE,FALSE,TRUE,S2,
413,Vim,vim15,2,31-32,Yes,3,3,3,3,TRUE,FALSE,TRUE,FALSE,FALSE,S2,
418,Vim,vim15,2,20,Yes,3,3,3,3,TRUE,FALSE,TRUE,FALSE,FALSE,S2,
424,Vim,vim15,2,NA,Yes,3,3,3,3,TRUE,FALSE,FALSE,FALSE,FALSE,S2,
427,Vim,vim15,2,NA,Yes,3,2,2,2,TRUE,FALSE,TRUE,FALSE,FALSE,S2,
435,Vim,vim15,2,NA,"No, because",3,2,2,3,TRUE,FALSE,TRUE,FALSE,FALSE,S2,
438,Vim,vim15,2,16-24,"No, because",3,3,3,3,TRUE,FALSE,TRUE,FALSE,FALSE,S2,
450,Vim,vim15,2,NA,"No, because",3,3,3,3,TRUE,FALSE,TRUE,FALSE,FALSE,S2,
459,Vim,vim15,2,NA,Yes,4,4,3,4,TRUE,FALSE,TRUE,FALSE,FALSE,S2,
465,Vim,vim15,2,NA,Yes,3,2,2,3,TRUE,FALSE,TRUE,FALSE,TRUE,S2,
467,Vim,vim15,2,23.  It is unclear whether vim_strchr() is the same as strchr(3) or does something else.,"No, because",1,1,1,1,TRUE,FALSE,TRUE,FALSE,FALSE,S2,
486,Vim,vim15,2,19-24,"No, because",2,2,2,2,TRUE,FALSE,TRUE,FALSE,TRUE,S2,
487,Vim,vim15,2,NA,Yes,2,2,2,2,TRUE,FALSE,TRUE,FALSE,FALSE,S2,
492,Vim,vim15,2,NA,Yes,4,3,3,3,TRUE,FALSE,TRUE,FALSE,TRUE,S2,
493,Vim,vim15,2,NA,Yes,3,4,4,4,TRUE,FALSE,TRUE,FALSE,FALSE,S2,
494,Vim,vim15,2,NA,Yes,2,3,3,3,TRUE,FALSE,TRUE,FALSE,TRUE,S2,
504,Vim,vim15,2,NA,Yes,2,3,3,3,TRUE,TRUE,NA,TRUE,NA,S2,
537,Vim,vim15,2,NA,Yes,3,3,2,3,TRUE,FALSE,TRUE,FALSE,TRUE,S2,
538,Vim,vim15,2,NA,Yes,3,3,2,3,TRUE,FALSE,TRUE,FALSE,FALSE,S2,
545,Vim,vim15,2,18,Yes,3,4,3,4,TRUE,FALSE,TRUE,FALSE,FALSE,S2,
546,Vim,vim15,2,NA,Yes,2,3,2,3,TRUE,FALSE,TRUE,FALSE,FALSE,S2,
550,Vim,vim15,2,32,Yes,3,3,2,3,TRUE,FALSE,TRUE,FALSE,FALSE,S2,
572,Vim,vim15,2,"16-24,32,40",Yes,2,3,3,2,TRUE,FALSE,TRUE,FALSE,TRUE,S2,
574,Vim,vim15,2,NA,Yes,4,4,4,4,TRUE,FALSE,TRUE,FALSE,FALSE,S2,
586,Vim,vim15,2,NA,Yes,3,3,3,3,TRUE,FALSE,TRUE,FALSE,FALSE,S2,
588,Vim,vim15,2,19-24,Yes,2,2,2,2,TRUE,FALSE,TRUE,FALSE,FALSE,S2,
599,Vim,vim15,2,NA,Yes,3,3,3,3,TRUE,FALSE,TRUE,FALSE,FALSE,S2,
619,Vim,vim15,2,16-18,"No, because",2,2,2,2,TRUE,FALSE,TRUE,FALSE,FALSE,S2,
624,Vim,vim15,2,26,"No, because",2,2,2,2,TRUE,FALSE,TRUE,FALSE,FALSE,S2,
631,Vim,vim15,2,NA,"No, because",2,2,2,2,TRUE,FALSE,FALSE,FALSE,TRUE,S2,
633,Vim,vim15,2,31-36,"No, because",2,2,2,2,TRUE,FALSE,TRUE,FALSE,FALSE,S2,
645,Vim,vim15,2,NA,Yes,3,2,2,2,TRUE,FALSE,TRUE,FALSE,FALSE,S2,
648,Vim,vim15,2,16-24,Yes,3,3,2,3,TRUE,FALSE,TRUE,FALSE,FALSE,S2,
651,Vim,vim15,2,16-24,"No, because",2,1,1,1,TRUE,FALSE,TRUE,FALSE,FALSE,S2,
656,Vim,vim15,2,17-23,Yes,2,3,2,2,TRUE,FALSE,TRUE,FALSE,FALSE,S2,
658,Vim,vim15,2,34,Yes,3,3,3,3,TRUE,FALSE,TRUE,FALSE,TRUE,S2,
684,Vim,vim15,2,16-18,Yes,2,2,2,2,TRUE,FALSE,TRUE,FALSE,FALSE,S2,
693,Vim,vim15,2,NA,Yes,3,3,3,3,TRUE,FALSE,TRUE,FALSE,TRUE,S2,
721,Vim,vim15,2,NA,"No, because",3,3,2,3,TRUE,FALSE,TRUE,FALSE,TRUE,S2,
729,Vim,vim15,2,"3-5,12-14",Yes,2,3,3,3,TRUE,FALSE,TRUE,FALSE,FALSE,S2,
735,Vim,vim15,2,NA,Yes,3,2,2,3,TRUE,FALSE,TRUE,FALSE,FALSE,S2,
741,Vim,vim15,2,16-18,Yes,3,2,2,3,TRUE,FALSE,TRUE,FALSE,TRUE,S2,
751,Vim,vim15,2,32,Yes,2,2,1,2,TRUE,FALSE,FALSE,FALSE,FALSE,S2,
753,Vim,vim15,2,16-18,Yes,2,2,2,2,TRUE,TRUE,NA,FALSE,FALSE,S2,
754,Vim,vim15,2,16-18,Yes,2,2,3,2,TRUE,FALSE,TRUE,FALSE,TRUE,S2,
757,Vim,vim15,2,5,Yes,3,3,2,2,TRUE,FALSE,TRUE,FALSE,TRUE,S2,
762,Vim,vim15,2,NA,Yes,2,2,2,2,TRUE,FALSE,TRUE,FALSE,FALSE,S2,
774,Vim,vim15,2,16-24,"No, because",2,2,2,2,TRUE,FALSE,TRUE,FALSE,FALSE,S2,
780,Vim,vim15,2,11-36,"No, because",2,2,1,3,TRUE,FALSE,TRUE,FALSE,FALSE,S2,
785,Vim,vim15,2,NA,Yes,3,2,2,2,TRUE,FALSE,TRUE,FALSE,TRUE,S2,
789,Vim,vim15,2,31-32,"No, because",2,2,2,2,TRUE,FALSE,TRUE,FALSE,FALSE,S2,
791,Vim,vim15,2,NA,Yes,3,3,3,3,TRUE,FALSE,TRUE,FALSE,FALSE,S2,
808,Vim,vim15,2,16,Yes,2,2,2,2,TRUE,FALSE,TRUE,FALSE,TRUE,S2,
819,Vim,vim15,2,18-24,"No, because",3,3,1,2,TRUE,FALSE,TRUE,FALSE,FALSE,S2,
831,Vim,vim15,2,NA,Yes,3,4,4,4,TRUE,FALSE,TRUE,FALSE,TRUE,S2,
838,Vim,vim15,2,NA,"No, because",3,3,3,3,TRUE,FALSE,TRUE,FALSE,FALSE,S2,
839,Vim,vim15,2,NA,"No, because",2,3,2,3,TRUE,FALSE,TRUE,FALSE,FALSE,S2,
859,Vim,vim15,2,32,Yes,4,3,2,3,TRUE,FALSE,TRUE,FALSE,FALSE,S2,
868,Vim,vim15,2,NA,Yes,3,3,3,3,TRUE,FALSE,TRUE,FALSE,FALSE,S2,
936,Vim,vim15,2,NA,Yes,4,4,4,3,TRUE,FALSE,TRUE,FALSE,TRUE,S2,
938,Vim,vim15,2,NA,Yes,4,4,4,4,TRUE,FALSE,TRUE,FALSE,TRUE,S2,
941,Vim,vim15,2,16-18,Yes,2,2,2,3,TRUE,FALSE,FALSE,FALSE,FALSE,S2,
943,Vim,vim15,2,NA,"No, because",3,2,2,2,TRUE,FALSE,TRUE,FALSE,TRUE,S2,
944,Vim,vim15,2,NA,Yes,2,2,2,2,TRUE,FALSE,TRUE,FALSE,TRUE,S2,
966,Vim,vim15,2,31-36,Yes,2,3,2,4,TRUE,FALSE,TRUE,FALSE,TRUE,S2,
979,Vim,vim15,2,NA,Yes,2,2,2,2,TRUE,FALSE,FALSE,FALSE,TRUE,S2,
987,Vim,vim15,2,NA,Yes,3,2,1,2,TRUE,FALSE,TRUE,FALSE,TRUE,S2,
1006,Vim,vim15,2,NA,Yes,2,2,2,2,TRUE,FALSE,TRUE,FALSE,FALSE,S2,
1037,Vim,vim15,2,NA,Yes,4,4,4,4,TRUE,FALSE,TRUE,FALSE,FALSE,S2,
1050,Vim,vim15,2,NA,Yes,4,3,3,3,TRUE,FALSE,TRUE,FALSE,FALSE,S2,
1067,Vim,vim15,2,"16-24, also 32.","No, because",1,1,1,1,TRUE,FALSE,TRUE,FALSE,FALSE,S2,
1070,Vim,vim15,2,26,"No, because",1,1,1,1,TRUE,FALSE,TRUE,FALSE,FALSE,S2,
1072,Vim,vim15,2,NA,Yes,3,3,2,3,TRUE,FALSE,FALSE,TRUE,NA,S2,
1080,Vim,vim15,2,NA,Yes,3,3,2,3,TRUE,FALSE,TRUE,FALSE,FALSE,S2,
1092,Vim,vim15,2,NA,Yes,4,4,4,4,TRUE,FALSE,TRUE,FALSE,FALSE,S2,
1094,Vim,vim15,2,NA,"No, because",2,1,1,1,TRUE,FALSE,TRUE,FALSE,FALSE,S2,
1095,Vim,vim15,2,16-18,Yes,3,3,3,3,TRUE,FALSE,TRUE,FALSE,FALSE,S2,
1140,Vim,vim15,2,not any special,Yes,3,3,3,3,TRUE,FALSE,TRUE,FALSE,TRUE,S2,
1155,Vim,vim15,2,NA,Yes,3,3,3,2,TRUE,FALSE,TRUE,FALSE,FALSE,S2,
1165,Vim,vim15,2,32,Yes,2,3,3,3,TRUE,FALSE,TRUE,FALSE,TRUE,S2,
1172,Vim,vim15,2,31-36,Yes,3,3,3,3,TRUE,FALSE,TRUE,FALSE,FALSE,S2,
1176,Vim,vim15,2,"16-24,31-32",Yes,2,3,2,3,TRUE,FALSE,TRUE,FALSE,TRUE,S2,
1215,Vim,vim15,2,NA,Yes,3,3,3,3,TRUE,FALSE,TRUE,FALSE,FALSE,S2,
1217,Vim,vim15,2,NA,Yes,2,3,3,3,TRUE,FALSE,TRUE,FALSE,FALSE,S2,
1230,Vim,vim15,2,dunno,Yes,3,2,2,2,TRUE,FALSE,TRUE,FALSE,FALSE,S2,
1232,Vim,vim15,2,NA,Yes,3,3,3,3,TRUE,FALSE,TRUE,FALSE,FALSE,S2,
1239,Vim,vim15,2,19-24,"No, because",2,1,2,1,TRUE,FALSE,TRUE,FALSE,FALSE,S2,
1241,Vim,vim15,2,19-24,Yes,3,3,3,3,TRUE,FALSE,TRUE,FALSE,TRUE,S2,
1252,Vim,vim15,2,"19-24, 40",Yes,2,2,2,2,TRUE,FALSE,TRUE,FALSE,FALSE,S2,
1255,Vim,vim15,2,"20,23,32","No, because",3,3,3,3,TRUE,FALSE,TRUE,FALSE,FALSE,S2,
1272,Vim,vim15,2,NA,"No, because",3,3,3,3,TRUE,FALSE,TRUE,FALSE,TRUE,S2,
1300,Vim,vim15,2,NA,Yes,3,2,2,3,TRUE,FALSE,TRUE,FALSE,FALSE,S2,
1301,Vim,vim15,2,31-36,Yes,3,2,3,2,TRUE,FALSE,TRUE,FALSE,TRUE,S2,
1306,Vim,vim15,2,NA,Yes,3,2,2,2,TRUE,FALSE,TRUE,FALSE,TRUE,S2,
1320,Vim,vim15,2,NA,"No, because",2,1,1,2,TRUE,FALSE,TRUE,FALSE,FALSE,S2,
1325,Vim,vim15,2,NA,Yes,3,3,3,3,TRUE,FALSE,TRUE,FALSE,FALSE,S2,
1326,Vim,vim15,2,NA,Yes,2,2,1,1,TRUE,FALSE,TRUE,FALSE,FALSE,S2,
1329,Vim,vim15,2,"All of them. Also, the question 15 is put together in a very confusing way, which makes answering much harder than if it was rephrased.","No, because",1,1,1,1,TRUE,FALSE,TRUE,FALSE,FALSE,S2,
1330,Vim,vim15,2,NA,"No, because",3,3,2,3,TRUE,FALSE,TRUE,FALSE,TRUE,S2,
1334,Vim,vim15,2,NA,Yes,3,3,3,3,TRUE,FALSE,TRUE,FALSE,FALSE,S2,
1342,Vim,vim15,2,NA,Yes,3,2,3,2,TRUE,FALSE,TRUE,FALSE,TRUE,S2,
1343,Vim,vim15,2,26-29,"No, because",2,1,1,2,TRUE,FALSE,TRUE,FALSE,TRUE,S2,
1344,Vim,vim15,2,NA,Yes,2,2,2,3,TRUE,FALSE,TRUE,FALSE,FALSE,S2,
1359,Vim,vim15,2,"3-5, 12-14",Yes,3,2,2,3,TRUE,FALSE,TRUE,FALSE,TRUE,S2,
1360,Vim,vim15,2,NA,Yes,3,3,3,3,TRUE,FALSE,TRUE,FALSE,TRUE,S2,
1365,Vim,vim15,2,19-24,Yes,4,3,3,3,TRUE,FALSE,TRUE,FALSE,FALSE,S2,
1367,Vim,vim15,2,NA,Yes,3,3,3,3,TRUE,FALSE,TRUE,FALSE,FALSE,S2,
1369,Vim,vim15,2,0,Yes,4,4,4,4,TRUE,FALSE,FALSE,TRUE,NA,S2,
1376,Vim,vim15,2,NA,"No, because",1,1,1,1,TRUE,FALSE,TRUE,FALSE,FALSE,S2,
1380,Vim,vim15,2,16-18,Yes,3,3,3,3,TRUE,FALSE,TRUE,FALSE,TRUE,S2,
1387,Vim,vim15,2,19-24,31-36,NA,3,3,3,3,TRUE,FALSE,TRUE,FALSE,FALSE,S2
1391,Vim,vim15,2,16-24,"No, because",2,1,2,2,TRUE,FALSE,TRUE,FALSE,FALSE,S2,
1393,Vim,vim15,2,NA,Yes,3,3,2,3,TRUE,FALSE,TRUE,FALSE,FALSE,S2,
1395,Vim,vim15,2,NA,Yes,3,3,3,3,TRUE,FALSE,TRUE,FALSE,FALSE,S2,
1401,Vim,vim15,2,NA,Yes,4,3,3,2,TRUE,FALSE,TRUE,FALSE,TRUE,S2,
1417,Vim,vim15,2,NA,"No, because",3,4,4,4,TRUE,FALSE,TRUE,FALSE,TRUE,S2,
1430,Vim,vim15,2,NA,Yes,3,3,3,3,TRUE,FALSE,TRUE,FALSE,FALSE,S2,
1448,Vim,vim15,2,NA,Yes,4,4,4,4,TRUE,FALSE,TRUE,FALSE,TRUE,S2,
1455,Vim,vim15,2,16,Yes,3,2,3,3,TRUE,FALSE,TRUE,FALSE,FALSE,S2,
1507,Vim,vim15,2,NA,Yes,4,3,2,3,TRUE,FALSE,TRUE,FALSE,FALSE,S2,
1510,Vim,vim15,2,"4, 13, 16, 17, 18","No, because",3,2,2,2,TRUE,FALSE,TRUE,FALSE,TRUE,S2,
1537,Vim,vim15,2,31-36,Yes,3,2,1,2,TRUE,FALSE,TRUE,FALSE,FALSE,S2,
1631,Vim,vim15,2,NA,"No, because",3,3,2,3,TRUE,FALSE,FALSE,FALSE,FALSE,S2,
1651,Vim,vim15,2,NA,Yes,3,3,3,3,TRUE,FALSE,TRUE,FALSE,FALSE,S2,
1670,Vim,vim15,2,31-32,"No, because",3,3,3,3,TRUE,FALSE,TRUE,FALSE,TRUE,S2,
1694,Vim,vim15,2,16-24,Yes,2,2,2,2,TRUE,FALSE,TRUE,FALSE,TRUE,S2,
1711,Vim,vim15,2,NA,Yes,3,3,3,3,TRUE,FALSE,TRUE,FALSE,TRUE,S2,
1715,Vim,vim15,2,"16-24, 31-36","No, because",1,1,1,1,TRUE,FALSE,TRUE,FALSE,TRUE,S2,
1717,Vim,vim15,2,32,"No, because",2,2,2,2,TRUE,FALSE,TRUE,FALSE,TRUE,S2,
1720,Vim,vim15,2,20,Yes,2,2,2,2,TRUE,FALSE,TRUE,TRUE,NA,S2,
1721,Vim,vim15,2,NA,Yes,2,3,2,3,TRUE,FALSE,TRUE,FALSE,TRUE,S2,
1731,Vim,vim15,2,NA,Yes,3,3,2,3,TRUE,FALSE,TRUE,FALSE,FALSE,S2,
1745,Vim,vim15,2,19-24,Yes,3,3,2,2,TRUE,FALSE,TRUE,FALSE,TRUE,S2,
1772,Vim,vim15,2,NA,"No, because",3,2,2,2,TRUE,FALSE,TRUE,FALSE,TRUE,S2,
1788,Vim,vim15,2,NA,Yes,3,3,3,3,TRUE,FALSE,TRUE,FALSE,TRUE,S2,
1796,Vim,vim15,2,NA,Yes,3,3,2,3,TRUE,FALSE,TRUE,FALSE,TRUE,S2,
1802,Vim,vim15,2,NA,Yes,4,4,4,4,TRUE,FALSE,TRUE,FALSE,FALSE,S2,
1815,Vim,vim15,2,"16,20,23",Yes,2,3,1,3,TRUE,FALSE,TRUE,FALSE,FALSE,S2,
1816,Vim,vim15,2,16-18,Yes,3,3,2,3,TRUE,FALSE,TRUE,FALSE,TRUE,S2,
1818,Vim,vim15,2,"16-19, 32","No, because",2,2,2,2,TRUE,FALSE,TRUE,FALSE,TRUE,S2,
1836,Vim,vim15,2,16,"No, because",1,1,1,1,TRUE,FALSE,TRUE,FALSE,FALSE,S2,
1843,Vim,vim15,2,32,Yes,3,3,3,3,TRUE,FALSE,TRUE,FALSE,TRUE,S2,
1869,Vim,vim15,2,"3-5, 12-14",Yes,3,3,3,3,TRUE,FALSE,TRUE,FALSE,TRUE,S2,
1877,Vim,vim15,2,NA,Yes,4,4,3,4,TRUE,FALSE,TRUE,FALSE,FALSE,S2,
1886,Vim,vim15,2,16-18,"No, because",2,3,2,3,TRUE,FALSE,TRUE,FALSE,TRUE,S2,
1913,Vim,vim15,2,16-24,Yes,2,1,1,1,TRUE,FALSE,TRUE,FALSE,FALSE,S2,
1919,Vim,vim15,2,NA,Yes,2,2,2,3,TRUE,FALSE,TRUE,FALSE,FALSE,S2,
1930,Vim,vim15,2,7-38,"No, because",1,1,1,1,TRUE,FALSE,TRUE,FALSE,TRUE,S2,
1938,Vim,vim15,2,19-24,Yes,2,2,2,2,TRUE,FALSE,TRUE,FALSE,TRUE,S2,
1950,Vim,vim15,2,32,Yes,2,3,2,3,TRUE,FALSE,TRUE,FALSE,TRUE,S2,
1953,Vim,vim15,2,NA,"No, because",2,2,2,3,TRUE,FALSE,TRUE,FALSE,FALSE,S2,
1969,Vim,vim15,2,NA,Yes,2,2,2,3,TRUE,FALSE,TRUE,FALSE,FALSE,S2,
1977,Vim,vim15,2,NA,Yes,3,2,1,2,TRUE,FALSE,FALSE,FALSE,FALSE,S2,
1979,Vim,vim15,2,NA,Yes,3,3,2,3,TRUE,FALSE,TRUE,FALSE,FALSE,S2,
2005,Vim,vim15,2,NA,Yes,3,2,2,2,TRUE,FALSE,TRUE,FALSE,TRUE,S2,
2007,Vim,vim15,2,31-34,Yes,3,2,3,3,TRUE,FALSE,TRUE,FALSE,TRUE,S2,
2011,Vim,vim15,2,NA,"No, because",3,3,4,3,TRUE,FALSE,TRUE,FALSE,FALSE,S2,
2056,Vim,vim15,2,1-40,"No, because",1,1,1,1,TRUE,TRUE,NA,TRUE,NA,S2,
2074,Vim,vim15,2,NA,Yes,4,4,4,4,TRUE,FALSE,TRUE,FALSE,FALSE,S2,
2081,Vim,vim15,2,16-18,Yes,3,4,3,4,TRUE,FALSE,TRUE,FALSE,TRUE,S2,
2086,Vim,vim15,2,NA,Yes,4,4,4,4,TRUE,FALSE,TRUE,FALSE,FALSE,S2,
2091,Vim,vim15,2,"16-24,31-36","No, because",1,1,1,2,TRUE,FALSE,FALSE,FALSE,TRUE,S2,
2093,Vim,vim15,2,NA,"No, because",3,3,3,3,TRUE,FALSE,TRUE,FALSE,TRUE,S2,
2094,Vim,vim15,2,"18,20,23","No, because",2,2,2,2,TRUE,FALSE,TRUE,FALSE,TRUE,S2,
2111,Vim,vim15,2,NA,Yes,3,4,3,4,TRUE,FALSE,TRUE,FALSE,FALSE,S2,
2133,Vim,vim15,2,NA,Yes,3,3,3,3,TRUE,FALSE,TRUE,FALSE,TRUE,S2,
2156,Vim,vim15,2,NA,Yes,3,3,3,3,TRUE,FALSE,TRUE,FALSE,TRUE,S2,
2185,Vim,vim15,2,"16,17,18",Yes,2,2,2,2,TRUE,FALSE,TRUE,FALSE,TRUE,S2,
2190,Vim,vim15,2,NA,Yes,4,4,4,4,TRUE,FALSE,FALSE,FALSE,FALSE,S2,
2195,Vim,vim15,2,19-39,"No, because",1,1,1,3,TRUE,TRUE,NA,TRUE,NA,S2,
2198,Vim,vim15,2,16-18,"No, because",2,2,2,3,TRUE,TRUE,NA,FALSE,TRUE,S2,
2215,Vim,vim15,2,16-24,"No, because",3,2,2,3,TRUE,FALSE,TRUE,FALSE,TRUE,S2,
2219,Vim,vim15,2,NA,Yes,3,3,3,3,TRUE,FALSE,TRUE,FALSE,TRUE,S2,
2220,Vim,vim15,2,"3-5,21-22","No, because",2,1,1,1,TRUE,FALSE,TRUE,FALSE,FALSE,S2,
2226,Vim,vim15,2,NA,"No, because",3,3,1,2,TRUE,FALSE,TRUE,FALSE,FALSE,S2,
2232,Vim,vim15,2,32,"No, because",3,2,2,3,TRUE,FALSE,TRUE,FALSE,TRUE,S2,
2235,Vim,vim15,2,16-18,Yes,2,3,3,3,TRUE,FALSE,TRUE,FALSE,TRUE,S2,
2248,Vim,vim15,2,NA,Yes,3,3,3,3,TRUE,FALSE,TRUE,FALSE,TRUE,S2,
2249,Vim,vim15,2,NA,Yes,3,2,1,2,TRUE,FALSE,TRUE,FALSE,FALSE,S2,
2252,Vim,vim15,2,NA,Yes,2,2,2,2,TRUE,FALSE,TRUE,FALSE,FALSE,S2,
2272,Vim,vim15,2,"17,22,29","No, because",2,1,3,3,TRUE,FALSE,TRUE,FALSE,TRUE,S2,
2278,Vim,vim15,2,NA,Yes,3,3,3,3,TRUE,FALSE,TRUE,FALSE,FALSE,S2,
2279,Vim,vim15,2,16-18,Yes,3,3,2,2,TRUE,FALSE,TRUE,FALSE,TRUE,S2,
2282,Vim,vim15,2,NA,"No, because",1,1,1,1,TRUE,FALSE,TRUE,FALSE,FALSE,S2,
2283,Vim,vim15,2,NA,Yes,3,3,3,3,TRUE,FALSE,TRUE,FALSE,FALSE,S2,
2290,Vim,vim15,2,5,Yes,3,3,3,3,TRUE,FALSE,TRUE,FALSE,TRUE,S2,
2298,Vim,vim15,2,20,Yes,3,3,3,3,TRUE,FALSE,TRUE,FALSE,TRUE,S2,
2300,Vim,vim15,2,19-36,"No, because",1,1,1,2,TRUE,FALSE,TRUE,FALSE,TRUE,S2,
2301,Vim,vim15,2,16-18,"No, because",1,1,1,2,TRUE,FALSE,TRUE,FALSE,TRUE,S2,
2304,Vim,vim15,2,16-18,Yes,2,2,2,2,TRUE,FALSE,TRUE,FALSE,TRUE,S2,
2305,Vim,vim15,2,31-36,"No, because",3,3,2,2,TRUE,FALSE,TRUE,FALSE,FALSE,S2,
2307,Vim,vim15,2,34,"No, because",2,1,1,1,TRUE,FALSE,TRUE,FALSE,FALSE,S2,
2313,Vim,vim15,2,20,"No, because",3,2,1,2,TRUE,FALSE,TRUE,FALSE,FALSE,S2,
2314,Vim,vim15,2,"3-5,12-14,31-36","No, because",2,1,2,2,TRUE,FALSE,TRUE,FALSE,FALSE,S2,
2321,Vim,vim15,2,32,Yes,3,3,3,3,TRUE,FALSE,TRUE,FALSE,FALSE,S2,
2326,Vim,vim15,2,NA,Yes,3,3,3,3,TRUE,FALSE,TRUE,FALSE,TRUE,S2,
2334,Vim,vim15,2,16-18,Yes,2,1,1,1,TRUE,FALSE,TRUE,FALSE,FALSE,S2,
2341,Vim,vim15,2,NA,"No, because",1,1,1,2,TRUE,FALSE,TRUE,FALSE,TRUE,S2,
2345,Vim,vim15,2,16-18,Yes,1,2,3,3,TRUE,FALSE,TRUE,FALSE,TRUE,S2,
2349,Vim,vim15,2,16-24,Yes,3,2,2,3,TRUE,FALSE,TRUE,FALSE,FALSE,S2,
2351,Vim,vim15,2,16-24,Yes,3,3,2,3,TRUE,FALSE,TRUE,FALSE,FALSE,S2,
2364,Vim,vim15,2,16-24,"No, because",2,2,1,1,TRUE,FALSE,TRUE,TRUE,NA,S2,
2384,Vim,vim15,2,16-27,"No, because",2,2,2,2,TRUE,FALSE,TRUE,FALSE,TRUE,S2,
2395,Vim,vim15,2,16-24,"No, because",2,1,2,2,TRUE,FALSE,TRUE,FALSE,TRUE,S2,
2407,Vim,vim15,2,NA,"No, because",2,3,3,3,TRUE,FALSE,TRUE,FALSE,TRUE,S2,
2432,Vim,vim15,2,16-24,Yes,2,3,3,2,TRUE,FALSE,TRUE,FALSE,FALSE,S2,
2437,Vim,vim15,2,"27,31-36",Yes,2,2,2,2,TRUE,FALSE,TRUE,FALSE,FALSE,S2,
2447,Vim,vim15,2,NA,Yes,2,2,2,2,TRUE,FALSE,TRUE,FALSE,TRUE,S2,
2455,Vim,vim15,2,19-24,"No, because",2,1,1,2,TRUE,FALSE,TRUE,FALSE,TRUE,S2,
2475,Vim,vim15,2,16-18,"No, because",2,2,1,2,TRUE,FALSE,TRUE,FALSE,TRUE,S2,
2481,Vim,vim15,2,NA,Yes,3,3,3,3,TRUE,FALSE,TRUE,FALSE,FALSE,S2,
2500,Vim,vim15,2,NA,Yes,3,3,3,3,TRUE,FALSE,TRUE,FALSE,FALSE,S2,
2510,Vim,vim15,2,NA,"No, because",3,2,2,1,TRUE,FALSE,TRUE,FALSE,FALSE,S2,
2519,Vim,vim15,2,32,Yes,3,3,3,3,TRUE,FALSE,TRUE,FALSE,FALSE,S2,
2522,Vim,vim15,2,20,Yes,2,2,2,2,TRUE,FALSE,TRUE,FALSE,TRUE,S2,
2523,Vim,vim15,2,NA,"No, because",2,2,2,2,TRUE,FALSE,TRUE,FALSE,FALSE,S2,
2527,Vim,vim15,2,NA,Yes,3,2,2,2,TRUE,FALSE,TRUE,FALSE,FALSE,S2,
2536,Vim,vim15,2,"19-24, 31-36","No, because",2,2,2,3,TRUE,FALSE,FALSE,FALSE,FALSE,S2,
2537,Vim,vim15,2,NA,Yes,3,3,3,3,TRUE,FALSE,TRUE,FALSE,FALSE,S2,
2551,Vim,vim15,2,31-36,Yes,3,3,2,2,TRUE,FALSE,TRUE,FALSE,FALSE,S2,
2562,Vim,vim15,2,seems ok,Yes,4,3,3,3,TRUE,FALSE,TRUE,FALSE,FALSE,S2,
2566,Vim,vim15,2,32,"No, because",2,3,2,2,TRUE,FALSE,TRUE,FALSE,TRUE,S2,
2574,Vim,vim15,2,NA,Yes,4,3,3,2,TRUE,FALSE,TRUE,FALSE,FALSE,S2,
2578,Vim,vim15,2,"3-5,12-14",Yes,2,3,2,3,TRUE,FALSE,TRUE,FALSE,FALSE,S2,
2580,Vim,vim15,2,NA,Yes,3,3,2,2,TRUE,FALSE,TRUE,FALSE,FALSE,S2,
2587,Vim,vim15,2,NA,Yes,3,3,3,3,TRUE,FALSE,TRUE,FALSE,TRUE,S2,
2589,Vim,vim15,2,NA,Yes,3,3,3,3,TRUE,FALSE,TRUE,FALSE,FALSE,S2,
2592,Vim,vim15,2,16-24,Yes,2,2,2,2,TRUE,FALSE,TRUE,FALSE,TRUE,S2,
2597,Vim,vim15,2,NA,"No, because",3,3,2,3,TRUE,FALSE,TRUE,FALSE,TRUE,S2,
2614,Vim,vim15,2,NA,Yes,2,2,4,2,TRUE,FALSE,TRUE,FALSE,FALSE,S2,
2617,Vim,vim15,2,"19-24,31-36",Yes,2,2,2,2,TRUE,FALSE,TRUE,FALSE,TRUE,S2,
2619,Vim,vim15,2,16-24,Yes,2,1,2,1,TRUE,FALSE,TRUE,FALSE,TRUE,S2,
2635,Vim,vim15,2,16-18,Yes,3,3,4,4,TRUE,FALSE,TRUE,FALSE,FALSE,S2,
2636,Vim,vim15,2,NA,Yes,3,2,2,2,TRUE,FALSE,TRUE,FALSE,FALSE,S2,
