,system,example,example.position,hardLine,appropriate.yn,understand,maintain,extend,detectBugs,refactored,comprehend1.idk,comprehend1.correct,comprehend2.idk,comprehend2.correct,survey,
195,Emacs,emacs12,4,1,Yes,1,1,1,1,FALSE,FALSE,TRUE,FALSE,FALSE,S1,
229,Emacs,emacs12,4,NA,Yes,3,2,2,1,FALSE,FALSE,TRUE,FALSE,TRUE,S1,
240,Emacs,emacs12,4,NA,"No, because",2,2,2,2,FALSE,FALSE,TRUE,FALSE,TRUE,S1,
277,Emacs,emacs12,4,"sigh. Yes, we need to re-work this.  (I have code in Emacs, but Elisp code.)","No, because",4,3,1,1,FALSE,FALSE,FALSE,FALSE,FALSE,S1,
301,Emacs,emacs12,4,4-6,Yes,3,2,3,4,FALSE,FALSE,FALSE,FALSE,TRUE,S1,
306,Emacs,emacs12,4,NA,Yes,4,4,4,4,FALSE,FALSE,TRUE,FALSE,TRUE,S1,
320,Emacs,emacs12,4,8,Yes,2,3,2,3,FALSE,FALSE,TRUE,FALSE,TRUE,S1,
321,Emacs,emacs12,4,NA,Yes,3,3,3,3,FALSE,FALSE,TRUE,FALSE,TRUE,S1,
341,Emacs,emacs12,4,NA,Yes,4,3,2,3,FALSE,FALSE,TRUE,FALSE,TRUE,S1,
346,Emacs,emacs12,4,"4,5,8,",Yes,3,2,2,3,FALSE,FALSE,TRUE,FALSE,TRUE,S1,
350,Emacs,emacs12,4,NA,Yes,3,3,2,3,FALSE,FALSE,TRUE,FALSE,TRUE,S1,
366,Emacs,emacs12,4,NA,Yes,2,2,2,2,FALSE,FALSE,TRUE,FALSE,TRUE,S1,
378,Emacs,emacs12,4,NA,Yes,3,3,3,3,FALSE,FALSE,TRUE,FALSE,TRUE,S1,
389,Emacs,emacs12,4,"4-5,13-14","No, because",3,3,3,3,FALSE,FALSE,TRUE,FALSE,FALSE,S1,
399,Emacs,emacs12,4,NA,Yes,4,4,4,4,FALSE,FALSE,TRUE,FALSE,TRUE,S1,
401,Emacs,emacs12,4,4-5,"No, because",3,2,3,3,FALSE,FALSE,TRUE,FALSE,TRUE,S1,
407,Emacs,emacs12,4,4-9,"No, because",3,3,3,3,FALSE,FALSE,TRUE,FALSE,TRUE,S1,
410,Emacs,emacs12,4,NA,Yes,4,4,4,4,FALSE,FALSE,TRUE,FALSE,FALSE,S1,
415,Emacs,emacs12,4,NA,Yes,3,3,3,3,FALSE,FALSE,FALSE,FALSE,FALSE,S1,
422,Emacs,emacs12,4,NA,Yes,3,3,3,3,FALSE,FALSE,TRUE,FALSE,TRUE,S1,
425,Emacs,emacs12,4,NA,Yes,3,3,3,4,FALSE,FALSE,TRUE,FALSE,TRUE,S1,
430,Emacs,emacs12,4,NA,Yes,3,3,3,3,FALSE,FALSE,TRUE,FALSE,TRUE,S1,
437,Emacs,emacs12,4,NA,Yes,3,3,3,3,FALSE,FALSE,TRUE,FALSE,TRUE,S1,
461,Emacs,emacs12,4,NA,Yes,3,4,3,4,FALSE,FALSE,FALSE,FALSE,TRUE,S1,
463,Emacs,emacs12,4,the ifdefs,"No, because",2,2,2,2,FALSE,FALSE,TRUE,FALSE,TRUE,S1,
480,Emacs,emacs12,4,NA,Yes,4,3,3,3,FALSE,FALSE,TRUE,FALSE,TRUE,S1,
495,Emacs,emacs12,4,"4-6,9,13-14",Yes,3,3,3,4,FALSE,FALSE,FALSE,FALSE,TRUE,S1,
502,Emacs,emacs12,4,NA,Yes,4,4,4,4,FALSE,FALSE,TRUE,FALSE,TRUE,S1,
506,Emacs,emacs12,4,3,"No, because",1,2,4,3,FALSE,TRUE,NA,TRUE,NA,S1,
509,Emacs,emacs12,4,"6,9,13","No, because",3,3,2,3,FALSE,FALSE,TRUE,FALSE,TRUE,S1,
518,Emacs,emacs12,4,NA,Yes,3,3,2,3,FALSE,FALSE,TRUE,FALSE,TRUE,S1,
531,Emacs,emacs12,4,4-5,Yes,3,2,2,2,FALSE,FALSE,TRUE,FALSE,TRUE,S1,
539,Emacs,emacs12,4,NA,"No, because",3,3,3,3,FALSE,FALSE,FALSE,FALSE,TRUE,S1,
554,Emacs,emacs12,4,NA,Yes,4,4,4,4,FALSE,FALSE,TRUE,FALSE,TRUE,S1,
559,Emacs,emacs12,4,4,"No, because",3,3,2,2,FALSE,FALSE,TRUE,FALSE,TRUE,S1,
564,Emacs,emacs12,4,NA,Yes,4,4,4,4,FALSE,FALSE,TRUE,FALSE,TRUE,S1,
590,Emacs,emacs12,4,6-13,"No, because",3,3,3,3,FALSE,FALSE,TRUE,FALSE,TRUE,S1,
592,Emacs,emacs12,4,NA,Yes,3,4,4,2,FALSE,FALSE,TRUE,FALSE,TRUE,S1,
593,Emacs,emacs12,4,NA,Yes,3,3,3,3,FALSE,FALSE,TRUE,FALSE,TRUE,S1,
598,Emacs,emacs12,4,NA,"No, because",3,3,3,3,FALSE,FALSE,TRUE,FALSE,TRUE,S1,
601,Emacs,emacs12,4,NA,Yes,3,3,3,3,FALSE,FALSE,TRUE,FALSE,TRUE,S1,
615,Emacs,emacs12,4,NA,Yes,4,4,4,4,FALSE,FALSE,TRUE,FALSE,TRUE,S1,
626,Emacs,emacs12,4,8,Yes,3,3,3,3,FALSE,FALSE,TRUE,FALSE,TRUE,S1,
655,Emacs,emacs12,4,NA,"No, because",3,3,3,3,FALSE,FALSE,TRUE,FALSE,TRUE,S1,
661,Emacs,emacs12,4,NA,"No, because",3,3,3,3,FALSE,FALSE,TRUE,FALSE,TRUE,S1,
664,Emacs,emacs12,4,NA,Yes,3,3,3,3,FALSE,FALSE,TRUE,FALSE,FALSE,S1,
672,Emacs,emacs12,4,NA,"No, because",3,3,2,3,FALSE,FALSE,TRUE,FALSE,TRUE,S1,
689,Emacs,emacs12,4,NA,Yes,4,4,4,4,FALSE,FALSE,TRUE,FALSE,TRUE,S1,
690,Emacs,emacs12,4,NA,Yes,3,4,4,3,FALSE,FALSE,TRUE,FALSE,TRUE,S1,
696,Emacs,emacs12,4,NA,Yes,4,4,4,4,FALSE,FALSE,TRUE,FALSE,TRUE,S1,
699,Emacs,emacs12,4,NA,Yes,3,2,2,2,FALSE,FALSE,TRUE,FALSE,TRUE,S1,
701,Emacs,emacs12,4,8,"No, because",4,3,4,3,FALSE,FALSE,TRUE,FALSE,TRUE,S1,
702,Emacs,emacs12,4,"4-6, 13-14",Yes,3,4,4,4,FALSE,FALSE,TRUE,FALSE,TRUE,S1,
706,Emacs,emacs12,4,NA,Yes,4,4,4,4,FALSE,FALSE,TRUE,FALSE,TRUE,S1,
709,Emacs,emacs12,4,4-14,"No, because",3,2,1,1,FALSE,FALSE,FALSE,FALSE,TRUE,S1,
710,Emacs,emacs12,4,NA,Yes,4,4,4,4,FALSE,FALSE,TRUE,FALSE,TRUE,S1,
732,Emacs,emacs12,4,NA,Yes,3,3,3,3,FALSE,FALSE,FALSE,FALSE,TRUE,S1,
746,Emacs,emacs12,4,NA,Yes,4,4,4,4,FALSE,FALSE,TRUE,FALSE,TRUE,S1,
747,Emacs,emacs12,4,NA,"No, because",4,3,3,3,FALSE,FALSE,TRUE,FALSE,TRUE,S1,
748,Emacs,emacs12,4,NA,"No, because",3,3,2,2,FALSE,FALSE,TRUE,FALSE,TRUE,S1,
750,Emacs,emacs12,4,NA,Yes,3,4,3,4,FALSE,FALSE,TRUE,FALSE,TRUE,S1,
758,Emacs,emacs12,4,NA,"No, because",4,3,1,3,FALSE,FALSE,TRUE,FALSE,TRUE,S1,
770,Emacs,emacs12,4,4-6,Yes,3,2,3,3,FALSE,FALSE,TRUE,FALSE,TRUE,S1,
772,Emacs,emacs12,4,NA,Yes,4,4,4,4,FALSE,FALSE,TRUE,FALSE,TRUE,S1,
781,Emacs,emacs12,4,8,"No, because",Replace the entire function with the switch statement.,4,4,2,3,FALSE,FALSE,TRUE,FALSE,TRUE,S1
798,Emacs,emacs12,4,NA,Yes,4,4,3,3,FALSE,FALSE,TRUE,FALSE,FALSE,S1,
800,Emacs,emacs12,4,NA,Yes,4,4,4,4,FALSE,FALSE,TRUE,FALSE,TRUE,S1,
805,Emacs,emacs12,4,NA,Yes,3,3,3,3,FALSE,FALSE,TRUE,FALSE,TRUE,S1,
820,Emacs,emacs12,4,NA,"No, because",3,3,2,3,FALSE,FALSE,FALSE,FALSE,TRUE,S1,
824,Emacs,emacs12,4,NA,Yes,3,3,3,3,FALSE,FALSE,TRUE,FALSE,TRUE,S1,
827,Emacs,emacs12,4,8,Yes,4,4,3,4,FALSE,FALSE,TRUE,FALSE,TRUE,S1,
829,Emacs,emacs12,4,5,Yes,4,4,4,4,FALSE,FALSE,TRUE,FALSE,TRUE,S1,
842,Emacs,emacs12,4,NA,Yes,3,4,3,4,FALSE,FALSE,TRUE,FALSE,TRUE,S1,
843,Emacs,emacs12,4,"5, 8",Yes,3,3,3,3,FALSE,FALSE,TRUE,FALSE,TRUE,S1,
848,Emacs,emacs12,4,"4-6, 17-20","No, because",2,1,1,1,FALSE,FALSE,FALSE,FALSE,FALSE,S1,
871,Emacs,emacs12,4,NA,Yes,4,4,4,3,FALSE,FALSE,TRUE,FALSE,TRUE,S1,
949,Emacs,emacs12,4,NA,Yes,3,4,4,4,FALSE,FALSE,TRUE,FALSE,TRUE,S1,
955,Emacs,emacs12,4,NA,"No, because",4,4,3,4,FALSE,FALSE,TRUE,FALSE,TRUE,S1,
975,Emacs,emacs12,4,7-8,Yes,4,3,3,3,FALSE,FALSE,TRUE,FALSE,TRUE,S1,
978,Emacs,emacs12,4,NA,Yes,3,3,3,3,FALSE,FALSE,TRUE,FALSE,TRUE,S1,
981,Emacs,emacs12,4,NA,Yes,4,4,4,4,FALSE,FALSE,TRUE,FALSE,TRUE,S1,
986,Emacs,emacs12,4,NA,Yes,4,4,4,4,FALSE,FALSE,FALSE,FALSE,TRUE,S1,
990,Emacs,emacs12,4,NA,Yes,4,3,3,3,FALSE,FALSE,TRUE,FALSE,TRUE,S1,
993,Emacs,emacs12,4,NA,Yes,3,3,3,3,FALSE,FALSE,TRUE,FALSE,TRUE,S1,
998,Emacs,emacs12,4,7-8,"No, because",4,3,3,3,FALSE,FALSE,TRUE,FALSE,TRUE,S1,
1020,Emacs,emacs12,4,NA,Yes,3,4,4,4,FALSE,FALSE,TRUE,FALSE,TRUE,S1,
1022,Emacs,emacs12,4,NA,Yes,4,3,3,3,FALSE,FALSE,TRUE,FALSE,TRUE,S1,
1038,Emacs,emacs12,4,NA,Yes,3,3,2,3,FALSE,FALSE,TRUE,FALSE,TRUE,S1,
1043,Emacs,emacs12,4,4-6,Yes,3,3,3,2,FALSE,FALSE,TRUE,FALSE,TRUE,S1,
1059,Emacs,emacs12,4,NA,Yes,4,4,4,4,FALSE,FALSE,FALSE,FALSE,TRUE,S1,
1081,Emacs,emacs12,4,NA,Yes,4,4,4,4,FALSE,FALSE,TRUE,FALSE,TRUE,S1,
1090,Emacs,emacs12,4,NA,Yes,3,3,3,3,FALSE,FALSE,TRUE,FALSE,TRUE,S1,
1100,Emacs,emacs12,4,4-14,"No, because",3,3,2,3,FALSE,FALSE,TRUE,FALSE,TRUE,S1,
1101,Emacs,emacs12,4,NA,Yes,4,4,4,4,FALSE,FALSE,TRUE,FALSE,TRUE,S1,
1110,Emacs,emacs12,4,NA,"No, because",3,4,3,4,FALSE,FALSE,TRUE,FALSE,TRUE,S1,
1111,Emacs,emacs12,4,NA,Yes,4,4,4,4,FALSE,FALSE,TRUE,FALSE,TRUE,S1,
1118,Emacs,emacs12,4,NA,Yes,4,3,4,4,FALSE,FALSE,FALSE,FALSE,TRUE,S1,
1137,Emacs,emacs12,4,14,"No, because",3,3,2,2,FALSE,FALSE,TRUE,FALSE,TRUE,S1,
1159,Emacs,emacs12,4,none,Yes,4,3,3,3,FALSE,FALSE,TRUE,FALSE,TRUE,S1,
1169,Emacs,emacs12,4,NA,Yes,3,3,3,3,FALSE,FALSE,FALSE,FALSE,TRUE,S1,
1171,Emacs,emacs12,4,NA,Yes,2,2,2,3,FALSE,FALSE,FALSE,FALSE,FALSE,S1,
1173,Emacs,emacs12,4,NA,Yes,4,3,3,3,FALSE,FALSE,TRUE,FALSE,TRUE,S1,
1181,Emacs,emacs12,4,1-26,"No, because",4,1,4,1,FALSE,FALSE,TRUE,FALSE,TRUE,S1,
1200,Emacs,emacs12,4,4-14,"No, because",3,2,2,2,FALSE,FALSE,TRUE,FALSE,TRUE,S1,
1226,Emacs,emacs12,4,4-6,"No, because",3,2,3,2,FALSE,FALSE,TRUE,FALSE,FALSE,S1,
1227,Emacs,emacs12,4,NA,"No, because",3,3,3,3,FALSE,FALSE,FALSE,FALSE,TRUE,S1,
1234,Emacs,emacs12,4,NA,Yes,3,3,3,3,FALSE,FALSE,TRUE,FALSE,TRUE,S1,
1240,Emacs,emacs12,4,NA,Yes,2,2,2,2,FALSE,FALSE,TRUE,FALSE,TRUE,S1,
1242,Emacs,emacs12,4,7,Yes,2,3,2,3,FALSE,FALSE,TRUE,FALSE,TRUE,S1,
1246,Emacs,emacs12,4,4-6,"No, because",3,3,3,3,FALSE,FALSE,TRUE,FALSE,TRUE,S1,
1251,Emacs,emacs12,4,NA,Yes,4,3,4,3,FALSE,FALSE,TRUE,FALSE,TRUE,S1,
1256,Emacs,emacs12,4,20,Yes,3,3,3,3,FALSE,FALSE,TRUE,FALSE,TRUE,S1,
1261,Emacs,emacs12,4,NA,"No, because",3,3,3,3,FALSE,FALSE,TRUE,FALSE,FALSE,S1,
1268,Emacs,emacs12,4,4,Yes,3,4,3,4,FALSE,FALSE,FALSE,FALSE,TRUE,S1,
1270,Emacs,emacs12,4,4,Yes,2,2,2,2,FALSE,FALSE,TRUE,FALSE,TRUE,S1,
1280,Emacs,emacs12,4,NA,Yes,3,3,2,2,FALSE,FALSE,TRUE,FALSE,TRUE,S1,
1285,Emacs,emacs12,4,NA,Yes,3,3,3,3,FALSE,FALSE,TRUE,FALSE,TRUE,S1,
1303,Emacs,emacs12,4,Question: It's enough that the value of ONE of the given constants be 0,Yes,4,4,4,4,FALSE,FALSE,TRUE,FALSE,TRUE,S1,
1309,Emacs,emacs12,4,NA,Yes,3,3,3,3,FALSE,FALSE,TRUE,FALSE,TRUE,S1,
1314,Emacs,emacs12,4,4-13,Yes,3,4,3,4,FALSE,FALSE,TRUE,FALSE,TRUE,S1,
1322,Emacs,emacs12,4,-,Yes,4,4,3,4,FALSE,FALSE,TRUE,FALSE,TRUE,S1,
1324,Emacs,emacs12,4,4-5,"No, because",3,3,3,3,FALSE,FALSE,FALSE,FALSE,FALSE,S1,
1335,Emacs,emacs12,4,NA,Yes,4,4,4,4,FALSE,FALSE,TRUE,FALSE,TRUE,S1,
1345,Emacs,emacs12,4,NA,Yes,4,4,4,4,FALSE,FALSE,TRUE,FALSE,TRUE,S1,
1352,Emacs,emacs12,4,NA,Yes,3,2,2,2,FALSE,FALSE,TRUE,FALSE,TRUE,S1,
1355,Emacs,emacs12,4,"4,5",Yes,3,3,4,3,FALSE,FALSE,TRUE,FALSE,FALSE,S1,
1357,Emacs,emacs12,4,4-6,"No, because",3,3,4,4,FALSE,FALSE,TRUE,FALSE,TRUE,S1,
1373,Emacs,emacs12,4,NA,Yes,3,3,3,3,FALSE,FALSE,TRUE,FALSE,TRUE,S1,
1385,Emacs,emacs12,4,4-6,Yes,3,3,3,3,FALSE,FALSE,TRUE,FALSE,TRUE,S1,
1390,Emacs,emacs12,4,NA,Yes,4,4,4,4,FALSE,FALSE,TRUE,FALSE,TRUE,S1,
1406,Emacs,emacs12,4,NA,Yes,4,3,3,4,FALSE,FALSE,TRUE,FALSE,FALSE,S1,
1415,Emacs,emacs12,4,NA,"No, because",3,3,3,3,FALSE,FALSE,FALSE,FALSE,TRUE,S1,
1421,Emacs,emacs12,4,NA,Yes,3,3,3,3,FALSE,FALSE,TRUE,FALSE,TRUE,S1,
1422,Emacs,emacs12,4,NA,Yes,4,4,4,4,FALSE,FALSE,TRUE,FALSE,FALSE,S1,
1459,Emacs,emacs12,4,4-5,"No, because",2,2,2,2,FALSE,FALSE,FALSE,FALSE,TRUE,S1,
1512,Emacs,emacs12,4,NA,Yes,3,4,4,4,FALSE,FALSE,TRUE,FALSE,TRUE,S1,
1542,Emacs,emacs12,4,NA,Yes,4,4,4,4,FALSE,FALSE,TRUE,FALSE,TRUE,S1,
1547,Emacs,emacs12,4,NA,"No, because",3,3,3,3,FALSE,FALSE,TRUE,FALSE,TRUE,S1,
1560,Emacs,emacs12,4,NA,"No, because",3,3,3,3,FALSE,FALSE,TRUE,FALSE,TRUE,S1,
1588,Emacs,emacs12,4,NA,"No, because",4,4,4,4,FALSE,FALSE,TRUE,FALSE,TRUE,S1,
1595,Emacs,emacs12,4,8,Yes,3,3,3,3,FALSE,FALSE,FALSE,FALSE,FALSE,S1,
1597,Emacs,emacs12,4,8,Yes,3,4,3,4,FALSE,FALSE,TRUE,FALSE,TRUE,S1,
1665,Emacs,emacs12,4,NA,"No, because",3,2,2,2,FALSE,FALSE,TRUE,FALSE,TRUE,S1,
1675,Emacs,emacs12,4,NA,Yes,3,3,3,3,FALSE,FALSE,TRUE,FALSE,TRUE,S1,
1679,Emacs,emacs12,4,NA,Yes,3,3,3,3,FALSE,FALSE,TRUE,FALSE,TRUE,S1,
1687,Emacs,emacs12,4,"The macro directives, because they are not indended like regular code, but still, they carry some logic",Yes,2,3,2,3,FALSE,FALSE,TRUE,FALSE,FALSE,S1,
1688,Emacs,emacs12,4,4-6,"No, because",2,2,1,2,FALSE,FALSE,TRUE,FALSE,TRUE,S1,
1704,Emacs,emacs12,4,8,"No, because",3,3,3,3,FALSE,FALSE,TRUE,FALSE,TRUE,S1,
1723,Emacs,emacs12,4,NA,"No, because",2,2,2,3,FALSE,FALSE,TRUE,FALSE,FALSE,S1,
1726,Emacs,emacs12,4,8,"No, because",2,3,2,3,FALSE,FALSE,TRUE,FALSE,FALSE,S1,
1758,Emacs,emacs12,4,NA,Yes,4,4,4,4,FALSE,FALSE,FALSE,FALSE,TRUE,S1,
1767,Emacs,emacs12,4,4-14,"No, because",3,4,4,4,FALSE,FALSE,TRUE,FALSE,TRUE,S1,
1771,Emacs,emacs12,4,NA,Yes,3,3,3,3,FALSE,FALSE,TRUE,FALSE,TRUE,S1,
1775,Emacs,emacs12,4,"16,26 - opening brace should be on same line as switch, closing braces have wrong indentation",Yes,4,4,4,4,FALSE,FALSE,TRUE,FALSE,TRUE,S1,
1787,Emacs,emacs12,4,4-6,Yes,3,4,3,2,FALSE,FALSE,TRUE,FALSE,TRUE,S1,
1792,Emacs,emacs12,4,NA,Yes,3,3,3,3,FALSE,FALSE,TRUE,FALSE,TRUE,S1,
1797,Emacs,emacs12,4,8,Yes,3,3,2,3,FALSE,FALSE,FALSE,FALSE,TRUE,S1,
1824,Emacs,emacs12,4,NA,Yes,3,3,3,3,FALSE,FALSE,TRUE,FALSE,TRUE,S1,
1833,Emacs,emacs12,4,NA,Yes,3,3,3,3,FALSE,FALSE,TRUE,FALSE,TRUE,S1,
1844,Emacs,emacs12,4,#6-7,Yes,3,2,3,3,FALSE,FALSE,FALSE,FALSE,FALSE,S1,
1861,Emacs,emacs12,4,"4-5, 13-14","No, because",3,3,3,3,FALSE,FALSE,TRUE,FALSE,TRUE,S1,
1864,Emacs,emacs12,4,8,"No, because",2,3,2,3,FALSE,FALSE,FALSE,FALSE,FALSE,S1,
1866,Emacs,emacs12,4,NA,"No, because",3,4,3,4,FALSE,FALSE,TRUE,FALSE,TRUE,S1,
1868,Emacs,emacs12,4,NA,Yes,3,3,3,3,FALSE,FALSE,TRUE,FALSE,TRUE,S1,
1878,Emacs,emacs12,4,NA,Yes,4,4,4,4,FALSE,FALSE,TRUE,FALSE,TRUE,S1,
1883,Emacs,emacs12,4,NA,"No, because",3,3,3,3,FALSE,FALSE,TRUE,FALSE,TRUE,S1,
1911,Emacs,emacs12,4,8,Yes,4,4,2,4,FALSE,FALSE,FALSE,FALSE,TRUE,S1,
1923,Emacs,emacs12,4,4-6,"No, because",3,3,3,3,FALSE,FALSE,TRUE,FALSE,TRUE,S1,
1944,Emacs,emacs12,4,NA,Yes,4,4,4,4,FALSE,FALSE,TRUE,FALSE,TRUE,S1,
1962,Emacs,emacs12,4,NA,Yes,4,4,4,4,FALSE,FALSE,TRUE,FALSE,TRUE,S1,
1976,Emacs,emacs12,4,NA,Yes,3,3,3,2,FALSE,FALSE,TRUE,FALSE,TRUE,S1,
1995,Emacs,emacs12,4,-,Yes,3,3,2,2,FALSE,FALSE,FALSE,TRUE,NA,S1,
2032,Emacs,emacs12,4,13-14,Yes,3,3,3,3,FALSE,FALSE,TRUE,FALSE,TRUE,S1,
2034,Emacs,emacs12,4,NA,Yes,3,3,3,3,FALSE,FALSE,TRUE,FALSE,TRUE,S1,
2051,Emacs,emacs12,4,NA,Yes,4,4,4,4,FALSE,FALSE,TRUE,FALSE,TRUE,S1,
2052,Emacs,emacs12,4,NA,Yes,3,2,2,2,FALSE,FALSE,TRUE,FALSE,TRUE,S1,
2053,Emacs,emacs12,4,NA,Yes,4,4,4,4,FALSE,FALSE,TRUE,FALSE,TRUE,S1,
2058,Emacs,emacs12,4,NA,"No, because",3,3,3,2,FALSE,FALSE,TRUE,FALSE,TRUE,S1,
2061,Emacs,emacs12,4,NA,Yes,3,3,3,3,FALSE,FALSE,TRUE,FALSE,TRUE,S1,
2062,Emacs,emacs12,4,NA,Yes,3,3,3,3,FALSE,FALSE,TRUE,FALSE,TRUE,S1,
2076,Emacs,emacs12,4,4,"No, because",3,3,1,2,FALSE,FALSE,TRUE,FALSE,TRUE,S1,
2079,Emacs,emacs12,4,4-6,"No, because",2,2,2,2,FALSE,FALSE,TRUE,FALSE,TRUE,S1,
2080,Emacs,emacs12,4,8,"No, because",4,4,4,4,FALSE,FALSE,TRUE,FALSE,TRUE,S1,
2082,Emacs,emacs12,4,NA,Yes,2,2,2,2,FALSE,TRUE,NA,TRUE,NA,S1,
2083,Emacs,emacs12,4,8,Yes,3,3,3,3,FALSE,FALSE,TRUE,FALSE,TRUE,S1,
2087,Emacs,emacs12,4,NA,Yes,3,3,2,2,FALSE,FALSE,TRUE,FALSE,TRUE,S1,
2113,Emacs,emacs12,4,21,Yes,4,4,3,3,FALSE,FALSE,FALSE,FALSE,FALSE,S1,
2124,Emacs,emacs12,4,NA,Yes,3,3,3,3,FALSE,FALSE,TRUE,FALSE,TRUE,S1,
2129,Emacs,emacs12,4,NA,Yes,3,4,4,4,FALSE,FALSE,TRUE,FALSE,TRUE,S1,
2132,Emacs,emacs12,4,6-13,"No, because",4,3,3,3,FALSE,FALSE,TRUE,FALSE,TRUE,S1,
2134,Emacs,emacs12,4,NA,"No, because",3,3,3,3,FALSE,FALSE,TRUE,FALSE,TRUE,S1,
2145,Emacs,emacs12,4,NA,Yes,4,4,4,4,FALSE,FALSE,TRUE,FALSE,TRUE,S1,
2152,Emacs,emacs12,4,NA,Yes,4,4,3,3,FALSE,FALSE,TRUE,FALSE,TRUE,S1,
2157,Emacs,emacs12,4,6,"No, because",3,3,3,3,FALSE,FALSE,FALSE,FALSE,FALSE,S1,
2158,Emacs,emacs12,4,NA,Yes,4,4,4,4,FALSE,FALSE,TRUE,FALSE,TRUE,S1,
2176,Emacs,emacs12,4,NA,Yes,3,3,3,3,FALSE,FALSE,TRUE,FALSE,TRUE,S1,
2183,Emacs,emacs12,4,NA,"No, because",3,2,3,2,FALSE,FALSE,TRUE,FALSE,TRUE,S1,
2186,Emacs,emacs12,4,NA,Yes,4,4,4,4,FALSE,FALSE,TRUE,FALSE,FALSE,S1,
2188,Emacs,emacs12,4,NA,"No, because",3,3,3,3,FALSE,FALSE,TRUE,FALSE,TRUE,S1,
2189,Emacs,emacs12,4,8,"No, because",4,4,4,4,FALSE,FALSE,TRUE,FALSE,TRUE,S1,
2197,Emacs,emacs12,4,NA,Yes,3,3,3,3,FALSE,FALSE,TRUE,FALSE,TRUE,S1,
2205,Emacs,emacs12,4,NA,"No, because",3,3,3,3,FALSE,FALSE,TRUE,FALSE,TRUE,S1,
2251,Emacs,emacs12,4,4-6,Yes,4,3,3,3,FALSE,FALSE,TRUE,FALSE,TRUE,S1,
2254,Emacs,emacs12,4,4-5,Yes,3,3,2,3,FALSE,FALSE,TRUE,FALSE,FALSE,S1,
2255,Emacs,emacs12,4,NA,Yes,3,3,3,3,FALSE,TRUE,NA,TRUE,NA,S1,
2261,Emacs,emacs12,4,NA,Yes,3,3,3,3,FALSE,FALSE,TRUE,FALSE,TRUE,S1,
2263,Emacs,emacs12,4,NA,"No, because",3,3,3,3,FALSE,FALSE,TRUE,FALSE,TRUE,S1,
2265,Emacs,emacs12,4,NA,Yes,4,3,3,2,FALSE,FALSE,TRUE,FALSE,FALSE,S1,
2273,Emacs,emacs12,4,NA,Yes,2,2,2,2,FALSE,FALSE,FALSE,FALSE,TRUE,S1,
2275,Emacs,emacs12,4,4,Yes,3,4,4,4,FALSE,FALSE,TRUE,FALSE,TRUE,S1,
2285,Emacs,emacs12,4,NA,Yes,4,4,4,4,FALSE,FALSE,FALSE,FALSE,TRUE,S1,
2295,Emacs,emacs12,4,NA,Yes,4,4,4,4,FALSE,FALSE,TRUE,FALSE,TRUE,S1,
2296,Emacs,emacs12,4,NA,"No, because",3,4,3,3,FALSE,FALSE,TRUE,FALSE,TRUE,S1,
2299,Emacs,emacs12,4,4-14,"No, because",4,3,3,3,FALSE,FALSE,TRUE,FALSE,TRUE,S1,
2302,Emacs,emacs12,4,4-9,"No, because",3,2,1,2,FALSE,FALSE,TRUE,FALSE,TRUE,S1,
2309,Emacs,emacs12,4,NA,Yes,4,4,4,4,FALSE,FALSE,FALSE,FALSE,FALSE,S1,
2310,Emacs,emacs12,4,NA,Yes,3,4,3,4,FALSE,FALSE,TRUE,FALSE,TRUE,S1,
2311,Emacs,emacs12,4,NA,Yes,4,3,3,3,FALSE,FALSE,FALSE,FALSE,FALSE,S1,
2312,Emacs,emacs12,4,4-13,Yes,3,3,2,2,FALSE,FALSE,TRUE,FALSE,TRUE,S1,
2316,Emacs,emacs12,4,NA,Yes,3,3,2,2,FALSE,FALSE,FALSE,FALSE,TRUE,S1,
2320,Emacs,emacs12,4,NA,Yes,3,3,3,3,FALSE,FALSE,TRUE,FALSE,TRUE,S1,
2323,Emacs,emacs12,4,4-6,"No, because",3,3,3,3,FALSE,FALSE,TRUE,FALSE,TRUE,S1,
2332,Emacs,emacs12,4,NA,Yes,3,3,4,3,FALSE,FALSE,FALSE,FALSE,TRUE,S1,
2354,Emacs,emacs12,4,8,Yes,4,4,4,4,FALSE,FALSE,TRUE,FALSE,TRUE,S1,
2359,Emacs,emacs12,4,NA,Yes,4,4,3,4,FALSE,FALSE,TRUE,FALSE,TRUE,S1,
2365,Emacs,emacs12,4,NA,Yes,4,3,3,3,FALSE,FALSE,TRUE,FALSE,TRUE,S1,
2372,Emacs,emacs12,4,NA,Yes,3,3,3,2,FALSE,FALSE,TRUE,FALSE,TRUE,S1,
2377,Emacs,emacs12,4,4-6,Yes,3,3,3,3,FALSE,FALSE,TRUE,FALSE,TRUE,S1,
2379,Emacs,emacs12,4,NA,Yes,3,4,3,3,FALSE,FALSE,TRUE,FALSE,TRUE,S1,
2386,Emacs,emacs12,4,NA,Yes,4,4,4,4,FALSE,FALSE,TRUE,FALSE,TRUE,S1,
2411,Emacs,emacs12,4,NA,Yes,4,4,4,4,FALSE,FALSE,FALSE,FALSE,TRUE,S1,
2412,Emacs,emacs12,4,NA,Yes,3,3,3,2,FALSE,FALSE,FALSE,FALSE,FALSE,S1,
2426,Emacs,emacs12,4,NA,Yes,4,4,3,4,FALSE,FALSE,TRUE,FALSE,TRUE,S1,
2428,Emacs,emacs12,4,4-5,Yes,3,3,3,3,FALSE,FALSE,TRUE,FALSE,TRUE,S1,
2429,Emacs,emacs12,4,NA,Yes,4,4,4,4,FALSE,FALSE,FALSE,FALSE,TRUE,S1,
2433,Emacs,emacs12,4,"4,5","No, because",3,3,3,3,FALSE,FALSE,TRUE,FALSE,TRUE,S1,
2446,Emacs,emacs12,4,NA,"No, because",3,3,3,3,FALSE,FALSE,FALSE,FALSE,TRUE,S1,
2449,Emacs,emacs12,4,8,Yes,3,3,3,3,FALSE,FALSE,TRUE,FALSE,TRUE,S1,
2477,Emacs,emacs12,4,4-5,"No, because",4,4,4,4,FALSE,FALSE,TRUE,FALSE,TRUE,S1,
2480,Emacs,emacs12,4,NA,Yes,3,3,3,3,FALSE,FALSE,FALSE,FALSE,FALSE,S1,
2502,Emacs,emacs12,4,NA,Yes,3,3,3,3,FALSE,FALSE,FALSE,FALSE,TRUE,S1,
2503,Emacs,emacs12,4,NA,Yes,2,3,4,2,FALSE,FALSE,TRUE,FALSE,TRUE,S1,
2521,Emacs,emacs12,4,"4,5, 6",Yes,2,2,2,2,FALSE,FALSE,TRUE,FALSE,TRUE,S1,
2533,Emacs,emacs12,4,NA,"No, because",3,3,3,3,FALSE,FALSE,TRUE,FALSE,TRUE,S1,
2535,Emacs,emacs12,4,NA,Yes,4,4,3,3,FALSE,FALSE,TRUE,FALSE,TRUE,S1,
2541,Emacs,emacs12,4,4-5,"No, because",4,3,2,3,FALSE,FALSE,FALSE,FALSE,TRUE,S1,
2544,Emacs,emacs12,4,NA,Yes,3,3,3,3,FALSE,FALSE,TRUE,FALSE,TRUE,S1,
2552,Emacs,emacs12,4,NA,Yes,3,3,3,3,FALSE,FALSE,TRUE,FALSE,TRUE,S1,
2563,Emacs,emacs12,4,NA,"No, because",3,3,4,2,FALSE,FALSE,TRUE,FALSE,TRUE,S1,
2591,Emacs,emacs12,4,NA,"No, because",4,4,4,4,FALSE,FALSE,FALSE,FALSE,TRUE,S1,
2599,Emacs,emacs12,4,NA,"No, because",3,3,3,3,FALSE,FALSE,TRUE,FALSE,TRUE,S1,
2609,Emacs,emacs12,4,13-14,Yes,3,3,3,3,FALSE,FALSE,TRUE,FALSE,TRUE,S1,
2610,Emacs,emacs12,4,NA,Yes,3,2,3,2,FALSE,FALSE,TRUE,FALSE,TRUE,S1,
2631,Emacs,emacs12,4,none,Yes,4,4,4,4,FALSE,FALSE,FALSE,FALSE,TRUE,S1,
2643,Emacs,emacs12,4,NA,Yes,4,4,4,4,FALSE,FALSE,TRUE,FALSE,TRUE,S1,
2645,Emacs,emacs12,4,17-20,"No, because",2,3,2,4,FALSE,FALSE,TRUE,FALSE,TRUE,S1,
2654,Emacs,emacs12,4,NA,Yes,3,3,4,3,FALSE,FALSE,FALSE,FALSE,FALSE,S1,
2662,Emacs,emacs12,4,NA,"No, because",3,3,3,3,FALSE,FALSE,TRUE,FALSE,TRUE,S1,
2664,Emacs,emacs12,4,8,Yes,3,3,3,3,FALSE,FALSE,TRUE,FALSE,TRUE,S1,
2666,Emacs,emacs12,4,8 (why are they masking ascii with ~0x20? shouldn't that be 0x7f? I've got to be missing something),"No, because",4,3,3,4,FALSE,FALSE,TRUE,FALSE,TRUE,S1,
194,Emacs,emacs12,4,1,Yes,1,1,1,1,TRUE,FALSE,TRUE,FALSE,FALSE,S2,
196,Emacs,emacs12,4,1,Yes,1,1,1,1,TRUE,FALSE,TRUE,FALSE,FALSE,S2,
201,Emacs,emacs12,4,NA,Yes,3,2,3,2,TRUE,FALSE,TRUE,FALSE,TRUE,S2,
212,Emacs,emacs12,4,NA,Yes,4,4,4,4,TRUE,FALSE,FALSE,FALSE,TRUE,S2,
226,Emacs,emacs12,4,NA,Yes,4,4,3,4,TRUE,FALSE,FALSE,FALSE,FALSE,S2,
234,Emacs,emacs12,4,NA,Yes,4,4,4,4,TRUE,FALSE,TRUE,FALSE,TRUE,S2,
254,Emacs,emacs12,4,9,"No, because",3,3,3,2,TRUE,FALSE,TRUE,FALSE,TRUE,S2,
255,Emacs,emacs12,4,9,Yes,3,3,3,3,TRUE,FALSE,TRUE,FALSE,TRUE,S2,
265,Emacs,emacs12,4,NA,Yes,4,3,3,3,TRUE,FALSE,TRUE,FALSE,TRUE,S2,
279,Emacs,emacs12,4,NA,"No, because",3,2,2,3,TRUE,FALSE,TRUE,FALSE,TRUE,S2,
280,Emacs,emacs12,4,NA,Yes,4,4,4,4,TRUE,FALSE,TRUE,FALSE,TRUE,S2,
293,Emacs,emacs12,4,7-9,"No, because",4,4,4,4,TRUE,FALSE,TRUE,FALSE,FALSE,S2,
295,Emacs,emacs12,4,NA,Yes,4,4,4,4,TRUE,FALSE,TRUE,FALSE,TRUE,S2,
300,Emacs,emacs12,4,NA,Yes,4,4,4,4,TRUE,FALSE,TRUE,FALSE,TRUE,S2,
304,Emacs,emacs12,4,NA,Yes,4,4,3,4,TRUE,FALSE,TRUE,FALSE,TRUE,S2,
307,Emacs,emacs12,4,NA,Yes,2,2,2,2,TRUE,FALSE,TRUE,FALSE,FALSE,S2,
309,Emacs,emacs12,4,9,Yes,4,3,2,4,TRUE,FALSE,TRUE,FALSE,TRUE,S2,
311,Emacs,emacs12,4,NA,Yes,3,3,3,2,TRUE,FALSE,TRUE,FALSE,TRUE,S2,
314,Emacs,emacs12,4,NA,Yes,3,3,3,3,TRUE,FALSE,TRUE,FALSE,TRUE,S2,
322,Emacs,emacs12,4,NA,Yes,4,4,4,4,TRUE,FALSE,TRUE,FALSE,TRUE,S2,
348,Emacs,emacs12,4,NA,Yes,4,4,4,4,TRUE,FALSE,TRUE,FALSE,TRUE,S2,
352,Emacs,emacs12,4,NA,Yes,4,4,3,3,TRUE,FALSE,TRUE,FALSE,TRUE,S2,
361,Emacs,emacs12,4,NA,Yes,3,3,3,3,TRUE,FALSE,TRUE,FALSE,TRUE,S2,
371,Emacs,emacs12,4,9,Yes,4,4,4,4,TRUE,FALSE,TRUE,FALSE,TRUE,S2,
373,Emacs,emacs12,4,NA,Yes,3,3,3,3,TRUE,FALSE,TRUE,FALSE,FALSE,S2,
388,Emacs,emacs12,4,1-17,Yes,3,2,1,2,TRUE,FALSE,TRUE,FALSE,TRUE,S2,
404,Emacs,emacs12,4,NA,Yes,4,4,4,4,TRUE,FALSE,TRUE,FALSE,TRUE,S2,
405,Emacs,emacs12,4,NA,Yes,3,3,3,3,TRUE,FALSE,TRUE,FALSE,TRUE,S2,
413,Emacs,emacs12,4,NA,Yes,4,4,4,4,TRUE,FALSE,TRUE,FALSE,TRUE,S2,
418,Emacs,emacs12,4,NA,Yes,3,3,3,3,TRUE,FALSE,TRUE,FALSE,TRUE,S2,
424,Emacs,emacs12,4,NA,Yes,4,4,4,4,TRUE,FALSE,TRUE,FALSE,TRUE,S2,
427,Emacs,emacs12,4,NA,Yes,4,3,3,3,TRUE,FALSE,TRUE,FALSE,TRUE,S2,
435,Emacs,emacs12,4,1-2,"No, because",3,3,2,2,TRUE,FALSE,TRUE,FALSE,TRUE,S2,
438,Emacs,emacs12,4,NA,Yes,4,4,4,4,TRUE,FALSE,TRUE,FALSE,TRUE,S2,
450,Emacs,emacs12,4,NA,"No, because",3,3,3,3,TRUE,FALSE,TRUE,FALSE,TRUE,S2,
459,Emacs,emacs12,4,NA,Yes,4,4,4,4,TRUE,FALSE,TRUE,FALSE,TRUE,S2,
465,Emacs,emacs12,4,NA,Yes,3,3,3,2,TRUE,FALSE,TRUE,FALSE,TRUE,S2,
467,Emacs,emacs12,4,all is readonable clear,"No, because",3,3,2,1,TRUE,FALSE,TRUE,FALSE,FALSE,S2,
486,Emacs,emacs12,4,"1-2, 17-18",Yes,3,3,3,3,TRUE,FALSE,TRUE,FALSE,TRUE,S2,
487,Emacs,emacs12,4,NA,Yes,2,3,2,3,TRUE,FALSE,TRUE,FALSE,TRUE,S2,
492,Emacs,emacs12,4,NA,Yes,4,4,4,4,TRUE,FALSE,TRUE,FALSE,TRUE,S2,
493,Emacs,emacs12,4,9,Yes,4,4,4,4,TRUE,FALSE,TRUE,FALSE,TRUE,S2,
494,Emacs,emacs12,4,NA,"No, because",4,4,4,4,TRUE,FALSE,TRUE,FALSE,TRUE,S2,
504,Emacs,emacs12,4,NA,Yes,2,3,3,3,TRUE,TRUE,NA,TRUE,NA,S2,
537,Emacs,emacs12,4,NA,Yes,4,4,4,4,TRUE,FALSE,TRUE,FALSE,TRUE,S2,
538,Emacs,emacs12,4,NA,Yes,4,3,3,3,TRUE,FALSE,TRUE,FALSE,TRUE,S2,
545,Emacs,emacs12,4,NA,Yes,4,4,4,4,TRUE,FALSE,FALSE,FALSE,FALSE,S2,
546,Emacs,emacs12,4,NA,Yes,3,3,4,3,TRUE,FALSE,TRUE,FALSE,TRUE,S2,
550,Emacs,emacs12,4,NA,Yes,4,4,3,4,TRUE,FALSE,TRUE,FALSE,TRUE,S2,
572,Emacs,emacs12,4,35,"No, because",4,4,2,3,TRUE,FALSE,TRUE,FALSE,TRUE,S2,
574,Emacs,emacs12,4,NA,Yes,4,4,4,4,TRUE,FALSE,TRUE,FALSE,TRUE,S2,
586,Emacs,emacs12,4,NA,"No, because",4,4,4,4,TRUE,FALSE,TRUE,FALSE,FALSE,S2,
588,Emacs,emacs12,4,9,"No, because",3,3,3,3,TRUE,FALSE,TRUE,FALSE,TRUE,S2,
599,Emacs,emacs12,4,NA,Yes,3,3,2,3,TRUE,FALSE,TRUE,FALSE,TRUE,S2,
619,Emacs,emacs12,4,NA,"No, because",1,1,1,1,TRUE,TRUE,NA,TRUE,NA,S2,
624,Emacs,emacs12,4,NA,"No, because",3,2,1,3,TRUE,FALSE,TRUE,FALSE,TRUE,S2,
631,Emacs,emacs12,4,NA,Yes,3,4,3,3,TRUE,FALSE,TRUE,FALSE,TRUE,S2,
633,Emacs,emacs12,4,11-13,Yes,3,4,4,4,TRUE,FALSE,FALSE,FALSE,TRUE,S2,
645,Emacs,emacs12,4,NA,Yes,4,4,4,4,TRUE,FALSE,TRUE,FALSE,TRUE,S2,
648,Emacs,emacs12,4,NA,Yes,4,4,4,4,TRUE,FALSE,TRUE,FALSE,TRUE,S2,
651,Emacs,emacs12,4,NA,Yes,3,2,2,2,TRUE,FALSE,TRUE,FALSE,TRUE,S2,
656,Emacs,emacs12,4,9,Yes,3,4,3,4,TRUE,FALSE,TRUE,FALSE,TRUE,S2,
658,Emacs,emacs12,4,NA,Yes,4,4,4,4,TRUE,FALSE,TRUE,FALSE,FALSE,S2,
684,Emacs,emacs12,4,NA,Yes,4,4,4,4,TRUE,FALSE,TRUE,FALSE,TRUE,S2,
693,Emacs,emacs12,4,NA,Yes,4,4,4,4,TRUE,FALSE,TRUE,FALSE,TRUE,S2,
721,Emacs,emacs12,4,NA,Yes,4,4,4,4,TRUE,FALSE,TRUE,FALSE,TRUE,S2,
729,Emacs,emacs12,4,9,"No, because",4,4,4,4,TRUE,FALSE,FALSE,FALSE,FALSE,S2,
735,Emacs,emacs12,4,NA,Yes,3,3,3,3,TRUE,FALSE,TRUE,FALSE,TRUE,S2,
741,Emacs,emacs12,4,NA,Yes,4,4,4,4,TRUE,FALSE,TRUE,FALSE,TRUE,S2,
751,Emacs,emacs12,4,NA,Yes,3,3,2,3,TRUE,FALSE,TRUE,FALSE,TRUE,S2,
753,Emacs,emacs12,4,1,Yes,4,4,4,4,TRUE,FALSE,FALSE,FALSE,TRUE,S2,
754,Emacs,emacs12,4,9,Yes,4,4,4,4,TRUE,FALSE,TRUE,FALSE,TRUE,S2,
757,Emacs,emacs12,4,NA,Yes,3,3,3,3,TRUE,FALSE,TRUE,FALSE,TRUE,S2,
762,Emacs,emacs12,4,NA,"No, because",2,2,2,2,TRUE,FALSE,TRUE,FALSE,FALSE,S2,
774,Emacs,emacs12,4,1-35,"No, because",2,2,2,2,TRUE,FALSE,TRUE,FALSE,TRUE,S2,
780,Emacs,emacs12,4,1,"No, because",4,3,2,3,TRUE,FALSE,TRUE,FALSE,TRUE,S2,
785,Emacs,emacs12,4,NA,Yes,4,4,4,4,TRUE,FALSE,TRUE,FALSE,TRUE,S2,
789,Emacs,emacs12,4,NA,Yes,3,3,3,3,TRUE,FALSE,TRUE,FALSE,TRUE,S2,
791,Emacs,emacs12,4,NA,Yes,4,4,4,4,TRUE,FALSE,TRUE,FALSE,TRUE,S2,
808,Emacs,emacs12,4,NA,Yes,3,3,3,3,TRUE,FALSE,TRUE,FALSE,TRUE,S2,
819,Emacs,emacs12,4,1-2,Yes,4,4,3,4,TRUE,FALSE,FALSE,FALSE,TRUE,S2,
831,Emacs,emacs12,4,NA,Yes,4,4,4,4,TRUE,FALSE,TRUE,FALSE,TRUE,S2,
838,Emacs,emacs12,4,NA,"No, because",3,3,3,3,TRUE,FALSE,TRUE,FALSE,TRUE,S2,
839,Emacs,emacs12,4,NA,"No, because",3,3,3,3,TRUE,FALSE,TRUE,FALSE,TRUE,S2,
859,Emacs,emacs12,4,9,Yes,4,3,2,3,TRUE,FALSE,TRUE,FALSE,FALSE,S2,
868,Emacs,emacs12,4,NA,Yes,3,3,3,3,TRUE,FALSE,FALSE,FALSE,TRUE,S2,
936,Emacs,emacs12,4,NA,Yes,4,4,4,4,TRUE,FALSE,TRUE,FALSE,TRUE,S2,
938,Emacs,emacs12,4,NA,Yes,4,4,4,4,TRUE,FALSE,TRUE,FALSE,TRUE,S2,
941,Emacs,emacs12,4,NA,Yes,4,3,3,3,TRUE,FALSE,TRUE,FALSE,TRUE,S2,
943,Emacs,emacs12,4,NA,Yes,4,4,4,4,TRUE,FALSE,TRUE,FALSE,TRUE,S2,
944,Emacs,emacs12,4,NA,Yes,2,2,2,2,TRUE,FALSE,FALSE,FALSE,FALSE,S2,
966,Emacs,emacs12,4,9,Yes,4,4,2,3,TRUE,FALSE,TRUE,FALSE,TRUE,S2,
979,Emacs,emacs12,4,NA,Yes,3,3,3,3,TRUE,FALSE,TRUE,FALSE,FALSE,S2,
987,Emacs,emacs12,4,NA,Yes,4,4,4,4,TRUE,FALSE,TRUE,FALSE,TRUE,S2,
1006,Emacs,emacs12,4,NA,Yes,4,4,3,4,TRUE,FALSE,TRUE,FALSE,TRUE,S2,
1037,Emacs,emacs12,4,NA,Yes,4,4,4,3,TRUE,FALSE,TRUE,FALSE,TRUE,S2,
1050,Emacs,emacs12,4,NA,Yes,4,4,4,4,TRUE,FALSE,FALSE,FALSE,TRUE,S2,
1067,Emacs,emacs12,4,"this is fairly simple, except for the nested ifdefs in the first part",Yes,2,2,2,2,TRUE,FALSE,TRUE,FALSE,TRUE,S2,
1070,Emacs,emacs12,4,NA,Yes,3,3,3,3,TRUE,FALSE,TRUE,FALSE,TRUE,S2,
1072,Emacs,emacs12,4,NA,Yes,2,3,2,2,TRUE,FALSE,FALSE,FALSE,FALSE,S2,
1080,Emacs,emacs12,4,NA,Yes,4,3,3,3,TRUE,FALSE,TRUE,FALSE,TRUE,S2,
1092,Emacs,emacs12,4,NA,Yes,4,4,4,4,TRUE,FALSE,TRUE,FALSE,TRUE,S2,
1094,Emacs,emacs12,4,NA,"No, because",2,3,3,3,TRUE,FALSE,TRUE,FALSE,TRUE,S2,
1095,Emacs,emacs12,4,9,Yes,3,2,4,2,TRUE,FALSE,TRUE,FALSE,TRUE,S2,
1140,Emacs,emacs12,4,-,Yes,3,3,3,3,TRUE,TRUE,NA,TRUE,NA,S2,
1155,Emacs,emacs12,4,NA,Yes,4,4,4,4,TRUE,FALSE,TRUE,FALSE,TRUE,S2,
1165,Emacs,emacs12,4,NA,Yes,3,4,4,4,TRUE,FALSE,FALSE,FALSE,TRUE,S2,
1172,Emacs,emacs12,4,7-14,Yes,3,3,3,3,TRUE,FALSE,TRUE,FALSE,FALSE,S2,
1176,Emacs,emacs12,4,NA,Yes,4,4,3,4,TRUE,FALSE,TRUE,FALSE,TRUE,S2,
1215,Emacs,emacs12,4,NA,Yes,4,4,4,4,TRUE,FALSE,FALSE,FALSE,FALSE,S2,
1217,Emacs,emacs12,4,NA,"No, because",4,3,3,3,TRUE,FALSE,TRUE,FALSE,TRUE,S2,
1230,Emacs,emacs12,4,none,"No, because",3,3,3,3,TRUE,FALSE,TRUE,FALSE,FALSE,S2,
1232,Emacs,emacs12,4,NA,Yes,3,3,3,3,TRUE,FALSE,TRUE,FALSE,TRUE,S2,
1239,Emacs,emacs12,4,1-2,Yes,3,2,3,2,TRUE,FALSE,FALSE,FALSE,FALSE,S2,
1241,Emacs,emacs12,4,NA,Yes,3,3,3,3,TRUE,FALSE,TRUE,FALSE,TRUE,S2,
1252,Emacs,emacs12,4,35,Yes,2,2,2,2,TRUE,FALSE,TRUE,FALSE,TRUE,S2,
1255,Emacs,emacs12,4,9,Yes,2,3,3,3,TRUE,FALSE,TRUE,FALSE,TRUE,S2,
1272,Emacs,emacs12,4,NA,Yes,4,4,4,4,TRUE,FALSE,TRUE,FALSE,TRUE,S2,
1300,Emacs,emacs12,4,NA,Yes,4,3,3,3,TRUE,FALSE,TRUE,FALSE,TRUE,S2,
1301,Emacs,emacs12,4,NA,Yes,3,4,3,2,TRUE,FALSE,FALSE,FALSE,FALSE,S2,
1306,Emacs,emacs12,4,NA,Yes,4,4,4,4,TRUE,FALSE,TRUE,FALSE,TRUE,S2,
1320,Emacs,emacs12,4,NA,Yes,3,3,3,3,TRUE,FALSE,TRUE,FALSE,TRUE,S2,
1325,Emacs,emacs12,4,NA,Yes,4,4,3,4,TRUE,FALSE,TRUE,FALSE,TRUE,S2,
1326,Emacs,emacs12,4,NA,"No, because",3,3,3,3,TRUE,FALSE,TRUE,FALSE,TRUE,S2,
1329,Emacs,emacs12,4,NA,"No, because",1,1,1,1,TRUE,TRUE,NA,TRUE,NA,S2,
1330,Emacs,emacs12,4,NA,Yes,3,3,3,3,TRUE,FALSE,TRUE,FALSE,TRUE,S2,
1334,Emacs,emacs12,4,NA,Yes,4,4,4,4,TRUE,FALSE,TRUE,FALSE,TRUE,S2,
1342,Emacs,emacs12,4,NA,Yes,4,4,4,4,TRUE,FALSE,TRUE,FALSE,TRUE,S2,
1343,Emacs,emacs12,4,1-3,Yes,3,4,4,4,TRUE,FALSE,TRUE,FALSE,TRUE,S2,
1344,Emacs,emacs12,4,NA,Yes,4,4,4,4,TRUE,FALSE,TRUE,FALSE,FALSE,S2,
1359,Emacs,emacs12,4,NA,Yes,3,3,3,3,TRUE,FALSE,TRUE,FALSE,TRUE,S2,
1360,Emacs,emacs12,4,NA,Yes,3,3,3,3,TRUE,FALSE,FALSE,FALSE,TRUE,S2,
1365,Emacs,emacs12,4,NA,Yes,4,4,4,4,TRUE,FALSE,TRUE,FALSE,TRUE,S2,
1367,Emacs,emacs12,4,NA,Yes,4,4,4,4,TRUE,FALSE,TRUE,FALSE,TRUE,S2,
1369,Emacs,emacs12,4,0,"No, because",1,1,1,1,TRUE,TRUE,NA,TRUE,NA,S2,
1376,Emacs,emacs12,4,NA,Yes,3,2,2,3,TRUE,FALSE,FALSE,FALSE,FALSE,S2,
1380,Emacs,emacs12,4,NA,Yes,4,4,4,4,TRUE,FALSE,TRUE,FALSE,TRUE,S2,
1387,Emacs,emacs12,4,7-14,Yes,3,3,3,3,TRUE,FALSE,FALSE,FALSE,TRUE,S2,
1391,Emacs,emacs12,4,9,Yes,3,2,3,3,TRUE,FALSE,TRUE,FALSE,TRUE,S2,
1393,Emacs,emacs12,4,NA,Yes,3,3,3,3,TRUE,FALSE,TRUE,FALSE,TRUE,S2,
1395,Emacs,emacs12,4,NA,Yes,4,4,4,4,TRUE,FALSE,FALSE,FALSE,TRUE,S2,
1401,Emacs,emacs12,4,NA,Yes,4,4,3,4,TRUE,FALSE,TRUE,FALSE,TRUE,S2,
1417,Emacs,emacs12,4,NA,Yes,4,4,4,4,TRUE,FALSE,TRUE,FALSE,TRUE,S2,
1430,Emacs,emacs12,4,NA,Yes,4,4,4,4,TRUE,FALSE,TRUE,FALSE,TRUE,S2,
1448,Emacs,emacs12,4,NA,Yes,4,4,4,4,TRUE,FALSE,TRUE,FALSE,TRUE,S2,
1455,Emacs,emacs12,4,None,Yes,3,3,3,3,TRUE,FALSE,FALSE,FALSE,TRUE,S2,
1507,Emacs,emacs12,4,NA,Yes,3,3,2,2,TRUE,FALSE,FALSE,FALSE,TRUE,S2,
1510,Emacs,emacs12,4,"1,2,9","No, because",3,3,2,2,TRUE,FALSE,TRUE,FALSE,TRUE,S2,
1537,Emacs,emacs12,4,"1,2","No, because",4,4,4,4,TRUE,FALSE,FALSE,FALSE,FALSE,S2,
1631,Emacs,emacs12,4,NA,Yes,4,3,3,3,TRUE,FALSE,TRUE,FALSE,TRUE,S2,
1651,Emacs,emacs12,4,NA,Yes,3,3,3,3,TRUE,FALSE,TRUE,FALSE,TRUE,S2,
1670,Emacs,emacs12,4,NA,Yes,4,4,4,4,TRUE,FALSE,TRUE,FALSE,TRUE,S2,
1694,Emacs,emacs12,4,NA,Yes,3,4,4,4,TRUE,FALSE,TRUE,FALSE,TRUE,S2,
1711,Emacs,emacs12,4,NA,Yes,4,4,4,4,TRUE,FALSE,TRUE,FALSE,TRUE,S2,
1715,Emacs,emacs12,4,NA,Yes,4,4,4,4,TRUE,FALSE,FALSE,FALSE,TRUE,S2,
1717,Emacs,emacs12,4,NA,Yes,3,3,3,3,TRUE,FALSE,TRUE,FALSE,FALSE,S2,
1720,Emacs,emacs12,4,9,Yes,2,2,2,2,TRUE,FALSE,FALSE,FALSE,FALSE,S2,
1721,Emacs,emacs12,4,NA,Yes,4,4,4,4,TRUE,FALSE,TRUE,FALSE,TRUE,S2,
1731,Emacs,emacs12,4,NA,Yes,4,4,4,4,TRUE,FALSE,TRUE,FALSE,TRUE,S2,
1745,Emacs,emacs12,4,1-2,Yes,3,4,4,4,TRUE,FALSE,TRUE,FALSE,TRUE,S2,
1772,Emacs,emacs12,4,NA,Yes,4,4,4,4,TRUE,FALSE,TRUE,FALSE,TRUE,S2,
1788,Emacs,emacs12,4,NA,Yes,4,4,4,4,TRUE,FALSE,TRUE,FALSE,TRUE,S2,
1796,Emacs,emacs12,4,NA,Yes,4,4,4,4,TRUE,FALSE,TRUE,FALSE,TRUE,S2,
1802,Emacs,emacs12,4,NA,Yes,4,4,4,4,TRUE,FALSE,TRUE,FALSE,FALSE,S2,
1815,Emacs,emacs12,4,NA,"No, because",4,3,3,3,TRUE,FALSE,TRUE,FALSE,TRUE,S2,
1816,Emacs,emacs12,4,NA,"No, because",4,4,3,4,TRUE,FALSE,TRUE,FALSE,TRUE,S2,
1818,Emacs,emacs12,4,NA,Yes,3,3,3,3,TRUE,FALSE,TRUE,FALSE,TRUE,S2,
1836,Emacs,emacs12,4,NA,Yes,2,2,2,2,TRUE,FALSE,TRUE,FALSE,TRUE,S2,
1843,Emacs,emacs12,4,9,Yes,4,3,3,3,TRUE,FALSE,TRUE,FALSE,FALSE,S2,
1869,Emacs,emacs12,4,1-2,Yes,4,4,3,3,TRUE,FALSE,TRUE,FALSE,FALSE,S2,
1877,Emacs,emacs12,4,9,Yes,4,4,4,4,TRUE,FALSE,TRUE,FALSE,FALSE,S2,
1886,Emacs,emacs12,4,8-9,"No, because",3,3,3,3,TRUE,FALSE,TRUE,FALSE,FALSE,S2,
1913,Emacs,emacs12,4,NA,Yes,3,3,3,2,TRUE,FALSE,TRUE,FALSE,TRUE,S2,
1919,Emacs,emacs12,4,NA,Yes,3,3,3,4,TRUE,FALSE,TRUE,FALSE,TRUE,S2,
1930,Emacs,emacs12,4,1-18,"No, because",3,3,2,2,TRUE,FALSE,TRUE,FALSE,TRUE,S2,
1938,Emacs,emacs12,4,NA,Yes,4,3,3,2,TRUE,FALSE,TRUE,FALSE,FALSE,S2,
1950,Emacs,emacs12,4,NA,Yes,4,3,4,4,TRUE,FALSE,TRUE,FALSE,TRUE,S2,
1953,Emacs,emacs12,4,NA,"No, because",3,3,2,3,TRUE,FALSE,TRUE,FALSE,TRUE,S2,
1969,Emacs,emacs12,4,NA,Yes,3,3,3,3,TRUE,FALSE,TRUE,FALSE,TRUE,S2,
1977,Emacs,emacs12,4,"1-3,14-19",Yes,2,2,1,1,TRUE,FALSE,FALSE,FALSE,FALSE,S2,
1979,Emacs,emacs12,4,NA,Yes,4,3,3,3,TRUE,FALSE,TRUE,FALSE,TRUE,S2,
2005,Emacs,emacs12,4,NA,Yes,4,3,4,3,TRUE,FALSE,TRUE,FALSE,TRUE,S2,
2007,Emacs,emacs12,4,9,"No, because",4,4,4,4,TRUE,FALSE,TRUE,FALSE,TRUE,S2,
2011,Emacs,emacs12,4,NA,Yes,3,4,4,4,TRUE,FALSE,TRUE,FALSE,TRUE,S2,
2056,Emacs,emacs12,4,1-35,"No, because",1,1,1,1,TRUE,TRUE,NA,TRUE,NA,S2,
2074,Emacs,emacs12,4,NA,Yes,4,4,4,4,TRUE,FALSE,TRUE,FALSE,TRUE,S2,
2081,Emacs,emacs12,4,NA,Yes,4,4,4,4,TRUE,FALSE,TRUE,FALSE,TRUE,S2,
2086,Emacs,emacs12,4,NA,Yes,4,4,4,4,TRUE,FALSE,TRUE,FALSE,TRUE,S2,
2091,Emacs,emacs12,4,"1,2,9",Yes,3,3,3,3,TRUE,FALSE,TRUE,FALSE,FALSE,S2,
2093,Emacs,emacs12,4,9,Yes,3,3,3,3,TRUE,FALSE,FALSE,FALSE,TRUE,S2,
2094,Emacs,emacs12,4,9,"No, because",3,3,3,3,TRUE,FALSE,FALSE,FALSE,TRUE,S2,
2111,Emacs,emacs12,4,NA,Yes,4,4,4,4,TRUE,FALSE,TRUE,FALSE,TRUE,S2,
2133,Emacs,emacs12,4,NA,Yes,4,4,4,4,TRUE,FALSE,TRUE,FALSE,TRUE,S2,
2156,Emacs,emacs12,4,NA,Yes,4,4,4,4,TRUE,FALSE,FALSE,FALSE,FALSE,S2,
2185,Emacs,emacs12,4,"8,9",Yes,3,4,4,4,TRUE,FALSE,FALSE,FALSE,FALSE,S2,
2190,Emacs,emacs12,4,NA,Yes,3,2,3,3,TRUE,FALSE,TRUE,FALSE,TRUE,S2,
2195,Emacs,emacs12,4,"9, because of (c & ~0x20)","No, because",4,3,4,4,TRUE,FALSE,TRUE,FALSE,TRUE,S2,
2198,Emacs,emacs12,4,1-2,Yes,3,3,3,4,TRUE,FALSE,FALSE,FALSE,FALSE,S2,
2215,Emacs,emacs12,4,NA,Yes,4,4,4,4,TRUE,FALSE,TRUE,FALSE,TRUE,S2,
2219,Emacs,emacs12,4,NA,Yes,3,3,3,3,TRUE,FALSE,TRUE,FALSE,TRUE,S2,
2220,Emacs,emacs12,4,NA,Yes,3,3,3,2,TRUE,FALSE,TRUE,FALSE,TRUE,S2,
2226,Emacs,emacs12,4,9,"No, because",4,4,3,3,TRUE,FALSE,FALSE,FALSE,TRUE,S2,
2232,Emacs,emacs12,4,9,"No, because",3,3,4,4,TRUE,FALSE,FALSE,FALSE,TRUE,S2,
2235,Emacs,emacs12,4,NA,"No, because",3,3,2,3,TRUE,FALSE,FALSE,FALSE,TRUE,S2,
2248,Emacs,emacs12,4,NA,Yes,4,4,4,4,TRUE,FALSE,TRUE,FALSE,FALSE,S2,
2249,Emacs,emacs12,4,NA,Yes,4,3,3,3,TRUE,FALSE,TRUE,FALSE,TRUE,S2,
2252,Emacs,emacs12,4,NA,Yes,4,3,3,3,TRUE,FALSE,TRUE,FALSE,TRUE,S2,
2272,Emacs,emacs12,4,9,"No, because",4,3,3,3,TRUE,FALSE,TRUE,FALSE,FALSE,S2,
2278,Emacs,emacs12,4,NA,Yes,3,3,2,3,TRUE,FALSE,FALSE,FALSE,FALSE,S2,
2279,Emacs,emacs12,4,NA,Yes,4,4,4,4,TRUE,FALSE,TRUE,FALSE,TRUE,S2,
2282,Emacs,emacs12,4,9,"No, because",4,4,4,4,TRUE,FALSE,FALSE,FALSE,FALSE,S2,
2283,Emacs,emacs12,4,1-2,"No, because",2,2,2,3,TRUE,FALSE,TRUE,FALSE,TRUE,S2,
2290,Emacs,emacs12,4,35,Yes,3,3,3,3,TRUE,FALSE,TRUE,FALSE,TRUE,S2,
2298,Emacs,emacs12,4,NA,"No, because",4,4,4,4,TRUE,FALSE,FALSE,FALSE,FALSE,S2,
2300,Emacs,emacs12,4,1-2,Yes,3,3,3,3,TRUE,FALSE,TRUE,FALSE,TRUE,S2,
2301,Emacs,emacs12,4,7-10,"No, because",3,3,3,3,TRUE,FALSE,TRUE,FALSE,TRUE,S2,
2304,Emacs,emacs12,4,NA,Yes,3,3,3,3,TRUE,FALSE,FALSE,FALSE,FALSE,S2,
2305,Emacs,emacs12,4,7-14,Yes,3,4,4,3,TRUE,FALSE,FALSE,FALSE,TRUE,S2,
2307,Emacs,emacs12,4,8-9,Yes,3,2,2,2,TRUE,FALSE,FALSE,FALSE,FALSE,S2,
2313,Emacs,emacs12,4,9,Yes,3,3,3,3,TRUE,FALSE,FALSE,FALSE,FALSE,S2,
2314,Emacs,emacs12,4,1,Yes,3,3,3,4,TRUE,FALSE,TRUE,FALSE,TRUE,S2,
2321,Emacs,emacs12,4,1-2,Yes,3,3,3,3,TRUE,FALSE,TRUE,FALSE,TRUE,S2,
2326,Emacs,emacs12,4,NA,Yes,4,4,4,4,TRUE,FALSE,TRUE,FALSE,TRUE,S2,
2334,Emacs,emacs12,4,NA,Yes,4,3,4,4,TRUE,FALSE,TRUE,FALSE,TRUE,S2,
2341,Emacs,emacs12,4,NA,"No, because",4,4,4,4,TRUE,FALSE,TRUE,FALSE,TRUE,S2,
2345,Emacs,emacs12,4,9,Yes,4,4,4,4,TRUE,FALSE,TRUE,FALSE,TRUE,S2,
2349,Emacs,emacs12,4,NA,Yes,4,4,3,4,TRUE,FALSE,TRUE,FALSE,TRUE,S2,
2351,Emacs,emacs12,4,NA,Yes,4,4,4,4,TRUE,FALSE,TRUE,FALSE,FALSE,S2,
2364,Emacs,emacs12,4,NA,Yes,4,4,4,4,TRUE,FALSE,TRUE,FALSE,TRUE,S2,
2384,Emacs,emacs12,4,1-2,Yes,3,3,2,3,TRUE,FALSE,TRUE,FALSE,TRUE,S2,
2395,Emacs,emacs12,4,NA,Yes,3,4,3,4,TRUE,FALSE,TRUE,FALSE,TRUE,S2,
2407,Emacs,emacs12,4,NA,Yes,4,4,4,4,TRUE,FALSE,TRUE,FALSE,TRUE,S2,
2432,Emacs,emacs12,4,8-9,Yes,3,3,3,3,TRUE,FALSE,TRUE,FALSE,TRUE,S2,
2437,Emacs,emacs12,4,NA,Yes,3,3,3,3,TRUE,FALSE,TRUE,FALSE,TRUE,S2,
2447,Emacs,emacs12,4,9,Yes,3,3,3,3,TRUE,FALSE,TRUE,FALSE,TRUE,S2,
2455,Emacs,emacs12,4,17,Yes,3,3,3,3,TRUE,FALSE,FALSE,FALSE,FALSE,S2,
2475,Emacs,emacs12,4,7-14,"No, because",2,2,3,2,TRUE,FALSE,FALSE,FALSE,FALSE,S2,
2481,Emacs,emacs12,4,NA,Yes,4,4,4,4,TRUE,FALSE,TRUE,FALSE,TRUE,S2,
2500,Emacs,emacs12,4,1-15,Yes,3,3,3,3,TRUE,FALSE,TRUE,FALSE,TRUE,S2,
2510,Emacs,emacs12,4,9,Yes,3,4,4,3,TRUE,FALSE,TRUE,FALSE,TRUE,S2,
2519,Emacs,emacs12,4,NA,Yes,4,4,4,4,TRUE,FALSE,TRUE,FALSE,TRUE,S2,
2522,Emacs,emacs12,4,NA,Yes,4,3,4,3,TRUE,FALSE,FALSE,FALSE,TRUE,S2,
2523,Emacs,emacs12,4,NA,Yes,4,3,3,3,TRUE,FALSE,TRUE,FALSE,TRUE,S2,
2527,Emacs,emacs12,4,NA,"No, because",3,3,3,3,TRUE,FALSE,TRUE,FALSE,TRUE,S2,
2536,Emacs,emacs12,4,1-2,"No, because",3,3,3,3,TRUE,FALSE,FALSE,FALSE,FALSE,S2,
2537,Emacs,emacs12,4,NA,Yes,3,3,3,3,TRUE,FALSE,TRUE,FALSE,TRUE,S2,
2551,Emacs,emacs12,4,NA,Yes,3,3,3,3,TRUE,FALSE,TRUE,FALSE,FALSE,S2,
2562,Emacs,emacs12,4,none,Yes,4,3,3,4,TRUE,FALSE,TRUE,FALSE,TRUE,S2,
2566,Emacs,emacs12,4,9,Yes,3,2,3,3,TRUE,FALSE,TRUE,FALSE,TRUE,S2,
2574,Emacs,emacs12,4,NA,Yes,4,4,4,4,TRUE,FALSE,TRUE,FALSE,TRUE,S2,
2578,Emacs,emacs12,4,NA,"No, because",4,4,3,4,TRUE,FALSE,TRUE,FALSE,TRUE,S2,
2580,Emacs,emacs12,4,NA,Yes,3,3,3,3,TRUE,FALSE,TRUE,FALSE,TRUE,S2,
2587,Emacs,emacs12,4,NA,Yes,4,4,4,4,TRUE,FALSE,TRUE,FALSE,TRUE,S2,
2589,Emacs,emacs12,4,NA,Yes,4,3,3,3,TRUE,FALSE,TRUE,FALSE,TRUE,S2,
2592,Emacs,emacs12,4,NA,Yes,3,3,3,3,TRUE,FALSE,TRUE,FALSE,FALSE,S2,
2597,Emacs,emacs12,4,NA,Yes,4,4,3,3,TRUE,FALSE,TRUE,FALSE,TRUE,S2,
2614,Emacs,emacs12,4,NA,Yes,4,3,4,3,TRUE,FALSE,FALSE,FALSE,FALSE,S2,
2617,Emacs,emacs12,4,NA,Yes,4,3,3,3,TRUE,FALSE,TRUE,FALSE,TRUE,S2,
2619,Emacs,emacs12,4,1,Yes,3,4,4,4,TRUE,FALSE,TRUE,FALSE,FALSE,S2,
2635,Emacs,emacs12,4,NA,Yes,3,3,4,4,TRUE,FALSE,TRUE,FALSE,TRUE,S2,
2636,Emacs,emacs12,4,NA,Yes,4,3,4,3,TRUE,FALSE,TRUE,FALSE,TRUE,S2,
