,system,example,example.position,hardLine,appropriate.yn,understand,maintain,extend,detectBugs,refactored,comprehend1.idk,comprehend1.correct,comprehend2.idk,comprehend2.correct,survey,
194,Emacs,emacs11,5,1,Yes,1,1,1,1,FALSE,FALSE,FALSE,FALSE,FALSE,S2,
196,Emacs,emacs11,5,NA,Yes,1,1,1,1,FALSE,FALSE,FALSE,FALSE,FALSE,S2,
201,Emacs,emacs11,5,NA,Yes,2,2,2,2,FALSE,FALSE,TRUE,FALSE,TRUE,S2,
212,Emacs,emacs11,5,NA,Yes,4,4,4,4,FALSE,FALSE,TRUE,FALSE,FALSE,S2,
226,Emacs,emacs11,5,NA,Yes,3,3,2,2,FALSE,FALSE,TRUE,FALSE,TRUE,S2,
234,Emacs,emacs11,5,NA,Yes,4,4,4,4,FALSE,FALSE,TRUE,FALSE,TRUE,S2,
254,Emacs,emacs11,5,"13-15, 21-23","No, because",2,2,2,2,FALSE,FALSE,TRUE,FALSE,TRUE,S2,
255,Emacs,emacs11,5,"13-15,21-23",Yes,2,2,2,2,FALSE,FALSE,TRUE,FALSE,TRUE,S2,
265,Emacs,emacs11,5,NA,Yes,3,3,3,3,FALSE,FALSE,TRUE,FALSE,TRUE,S2,
279,Emacs,emacs11,5,NA,Yes,3,2,2,3,FALSE,FALSE,TRUE,FALSE,FALSE,S2,
280,Emacs,emacs11,5,NA,Yes,4,4,4,4,FALSE,FALSE,FALSE,FALSE,FALSE,S2,
293,Emacs,emacs11,5,NA,Yes,4,3,3,3,FALSE,FALSE,TRUE,FALSE,TRUE,S2,
295,Emacs,emacs11,5,NA,Yes,4,4,4,4,FALSE,FALSE,FALSE,FALSE,TRUE,S2,
300,Emacs,emacs11,5,NA,Yes,3,3,3,3,FALSE,FALSE,TRUE,FALSE,TRUE,S2,
304,Emacs,emacs11,5,NA,"No, because",4,3,3,3,FALSE,FALSE,TRUE,FALSE,TRUE,S2,
307,Emacs,emacs11,5,NA,Yes,2,2,2,2,FALSE,FALSE,FALSE,FALSE,TRUE,S2,
309,Emacs,emacs11,5,NA,Yes,3,3,2,3,FALSE,FALSE,TRUE,FALSE,TRUE,S2,
311,Emacs,emacs11,5,NA,"No, because",3,2,2,2,FALSE,FALSE,FALSE,FALSE,TRUE,S2,
314,Emacs,emacs11,5,NA,"No, because",2,2,2,2,FALSE,FALSE,TRUE,FALSE,TRUE,S2,
322,Emacs,emacs11,5,NA,Yes,3,3,3,3,FALSE,FALSE,TRUE,FALSE,TRUE,S2,
348,Emacs,emacs11,5,NA,"No, because",3,3,3,3,FALSE,FALSE,FALSE,FALSE,TRUE,S2,
352,Emacs,emacs11,5,NA,Yes,3,3,3,3,FALSE,FALSE,TRUE,FALSE,TRUE,S2,
361,Emacs,emacs11,5,NA,"No, because",2,2,2,2,FALSE,FALSE,TRUE,FALSE,TRUE,S2,
371,Emacs,emacs11,5,NA,Yes,4,4,4,4,FALSE,FALSE,TRUE,FALSE,TRUE,S2,
373,Emacs,emacs11,5,NA,Yes,3,3,3,3,FALSE,FALSE,TRUE,FALSE,TRUE,S2,
388,Emacs,emacs11,5,13-26,Yes,2,2,1,1,FALSE,FALSE,TRUE,FALSE,TRUE,S2,
404,Emacs,emacs11,5,NA,Yes,4,4,4,4,FALSE,FALSE,TRUE,FALSE,TRUE,S2,
405,Emacs,emacs11,5,NA,Yes,3,3,3,3,FALSE,FALSE,TRUE,FALSE,TRUE,S2,
413,Emacs,emacs11,5,NA,Yes,4,4,4,4,FALSE,FALSE,TRUE,FALSE,TRUE,S2,
418,Emacs,emacs11,5,NA,"No, because",3,3,3,3,FALSE,FALSE,TRUE,FALSE,FALSE,S2,
424,Emacs,emacs11,5,NA,Yes,3,3,3,3,FALSE,FALSE,TRUE,FALSE,TRUE,S2,
427,Emacs,emacs11,5,NA,Yes,4,3,3,3,FALSE,FALSE,TRUE,FALSE,TRUE,S2,
435,Emacs,emacs11,5,NA,Yes,2,3,2,3,FALSE,FALSE,TRUE,FALSE,FALSE,S2,
438,Emacs,emacs11,5,13-26,Yes,2,1,1,1,FALSE,TRUE,NA,TRUE,NA,S2,
450,Emacs,emacs11,5,NA,"No, because",2,2,2,2,FALSE,TRUE,NA,TRUE,NA,S2,
459,Emacs,emacs11,5,NA,Yes,3,3,3,3,FALSE,FALSE,TRUE,FALSE,FALSE,S2,
465,Emacs,emacs11,5,NA,Yes,3,2,2,2,FALSE,FALSE,TRUE,FALSE,TRUE,S2,
467,Emacs,emacs11,5,all reasonably simple,"No, because",3,1,2,1,FALSE,FALSE,TRUE,FALSE,FALSE,S2,
486,Emacs,emacs11,5,8-35,"No, because",2,2,2,2,FALSE,TRUE,NA,TRUE,NA,S2,
487,Emacs,emacs11,5,NA,"No, because",2,2,2,2,FALSE,TRUE,NA,TRUE,NA,S2,
492,Emacs,emacs11,5,NA,Yes,3,3,3,3,FALSE,FALSE,TRUE,FALSE,TRUE,S2,
493,Emacs,emacs11,5,NA,Yes,2,3,3,3,FALSE,FALSE,TRUE,FALSE,TRUE,S2,
494,Emacs,emacs11,5,NA,Yes,3,3,3,3,FALSE,FALSE,TRUE,FALSE,TRUE,S2,
504,Emacs,emacs11,5,NA,Yes,2,3,3,3,FALSE,TRUE,NA,TRUE,NA,S2,
537,Emacs,emacs11,5,NA,Yes,3,3,3,3,FALSE,FALSE,TRUE,FALSE,TRUE,S2,
538,Emacs,emacs11,5,NA,Yes,4,3,3,3,FALSE,FALSE,TRUE,FALSE,FALSE,S2,
545,Emacs,emacs11,5,28,"No, because",4,3,3,3,FALSE,FALSE,FALSE,FALSE,TRUE,S2,
546,Emacs,emacs11,5,NA,Yes,3,3,3,3,FALSE,FALSE,TRUE,FALSE,TRUE,S2,
550,Emacs,emacs11,5,"13-15, 21-23",Yes,3,2,2,2,FALSE,FALSE,TRUE,FALSE,TRUE,S2,
572,Emacs,emacs11,5,"25-26,28",Yes,2,3,2,3,FALSE,FALSE,TRUE,FALSE,FALSE,S2,
574,Emacs,emacs11,5,NA,Yes,4,4,4,4,FALSE,FALSE,TRUE,FALSE,TRUE,S2,
586,Emacs,emacs11,5,NA,"No, because",1,1,1,1,FALSE,TRUE,NA,TRUE,NA,S2,
588,Emacs,emacs11,5,NA,"No, because",3,3,2,3,FALSE,FALSE,TRUE,FALSE,FALSE,S2,
599,Emacs,emacs11,5,NA,Yes,3,3,2,3,FALSE,FALSE,FALSE,FALSE,TRUE,S2,
619,Emacs,emacs11,5,NA,"No, because",1,1,1,1,FALSE,TRUE,NA,TRUE,NA,S2,
624,Emacs,emacs11,5,25-26,"No, because",2,2,1,2,FALSE,FALSE,FALSE,FALSE,TRUE,S2,
631,Emacs,emacs11,5,NA,"No, because",2,2,2,2,FALSE,FALSE,TRUE,FALSE,TRUE,S2,
633,Emacs,emacs11,5,17-27,Yes,3,2,3,2,FALSE,FALSE,FALSE,FALSE,FALSE,S2,
645,Emacs,emacs11,5,NA,Yes,3,3,3,3,FALSE,FALSE,TRUE,FALSE,TRUE,S2,
648,Emacs,emacs11,5,NA,Yes,3,3,3,3,FALSE,FALSE,TRUE,FALSE,TRUE,S2,
651,Emacs,emacs11,5,29-34,"No, because",2,2,2,2,FALSE,FALSE,TRUE,FALSE,FALSE,S2,
656,Emacs,emacs11,5,21-26,"No, because",3,2,2,3,FALSE,FALSE,FALSE,FALSE,TRUE,S2,
658,Emacs,emacs11,5,NA,Yes,4,4,4,4,FALSE,FALSE,TRUE,FALSE,TRUE,S2,
684,Emacs,emacs11,5,9-27,"No, because",3,3,3,3,FALSE,FALSE,TRUE,FALSE,TRUE,S2,
693,Emacs,emacs11,5,NA,Yes,4,4,4,4,FALSE,FALSE,TRUE,FALSE,FALSE,S2,
721,Emacs,emacs11,5,NA,Yes,3,3,3,3,FALSE,FALSE,TRUE,FALSE,TRUE,S2,
729,Emacs,emacs11,5,"13-15,21-23","No, because",4,3,3,3,FALSE,FALSE,TRUE,FALSE,FALSE,S2,
735,Emacs,emacs11,5,NA,Yes,3,2,2,3,FALSE,FALSE,TRUE,FALSE,TRUE,S2,
741,Emacs,emacs11,5,NA,Yes,4,4,4,4,FALSE,FALSE,TRUE,FALSE,FALSE,S2,
751,Emacs,emacs11,5,NA,Yes,3,3,2,2,FALSE,FALSE,TRUE,FALSE,TRUE,S2,
753,Emacs,emacs11,5,NA,Yes,3,2,2,2,FALSE,FALSE,TRUE,FALSE,FALSE,S2,
754,Emacs,emacs11,5,NA,Yes,3,4,3,4,FALSE,FALSE,TRUE,FALSE,FALSE,S2,
757,Emacs,emacs11,5,NA,Yes,3,3,3,3,FALSE,FALSE,TRUE,FALSE,TRUE,S2,
762,Emacs,emacs11,5,NA,Yes,2,2,2,2,FALSE,FALSE,TRUE,FALSE,TRUE,S2,
774,Emacs,emacs11,5,1-39,"No, because",2,2,2,2,FALSE,TRUE,NA,TRUE,NA,S2,
780,Emacs,emacs11,5,13-15,Yes,3,3,2,3,FALSE,FALSE,TRUE,FALSE,TRUE,S2,
785,Emacs,emacs11,5,NA,Yes,3,3,3,3,FALSE,FALSE,TRUE,FALSE,FALSE,S2,
789,Emacs,emacs11,5,NA,"No, because",2,2,2,2,FALSE,FALSE,TRUE,FALSE,TRUE,S2,
791,Emacs,emacs11,5,NA,Yes,3,3,3,3,FALSE,FALSE,TRUE,FALSE,TRUE,S2,
808,Emacs,emacs11,5,NA,Yes,3,3,3,3,FALSE,FALSE,TRUE,FALSE,TRUE,S2,
819,Emacs,emacs11,5,27-35,"No, because",1,1,1,1,FALSE,TRUE,NA,FALSE,TRUE,S2,
831,Emacs,emacs11,5,"13-15, 21-23",Yes,1,3,4,4,FALSE,FALSE,TRUE,FALSE,TRUE,S2,
838,Emacs,emacs11,5,NA,"No, because",3,3,3,3,FALSE,FALSE,TRUE,FALSE,TRUE,S2,
839,Emacs,emacs11,5,9-27 - the reason for the difference,Yes,3,3,3,3,FALSE,FALSE,TRUE,FALSE,TRUE,S2,
859,Emacs,emacs11,5,38,"No, because",3,2,2,2,FALSE,FALSE,TRUE,FALSE,TRUE,S2,
868,Emacs,emacs11,5,NA,Yes,3,3,3,3,FALSE,FALSE,TRUE,FALSE,TRUE,S2,
936,Emacs,emacs11,5,NA,Yes,4,4,4,4,FALSE,FALSE,TRUE,FALSE,TRUE,S2,
938,Emacs,emacs11,5,NA,"No, because",4,4,4,4,FALSE,FALSE,TRUE,FALSE,TRUE,S2,
941,Emacs,emacs11,5,NA,Yes,3,3,3,3,FALSE,FALSE,TRUE,FALSE,FALSE,S2,
943,Emacs,emacs11,5,NA,"No, because",3,3,3,3,FALSE,FALSE,TRUE,FALSE,TRUE,S2,
944,Emacs,emacs11,5,NA,Yes,2,2,2,2,FALSE,FALSE,TRUE,FALSE,TRUE,S2,
966,Emacs,emacs11,5,25,Yes,4,3,2,4,FALSE,FALSE,TRUE,FALSE,TRUE,S2,
979,Emacs,emacs11,5,NA,Yes,3,3,3,3,FALSE,FALSE,TRUE,FALSE,FALSE,S2,
987,Emacs,emacs11,5,"13-16,21-24",Yes,3,4,2,4,FALSE,FALSE,TRUE,FALSE,TRUE,S2,
1006,Emacs,emacs11,5,NA,Yes,2,2,2,3,FALSE,FALSE,TRUE,FALSE,TRUE,S2,
1037,Emacs,emacs11,5,NA,"No, because",2,2,2,1,FALSE,FALSE,FALSE,FALSE,TRUE,S2,
1050,Emacs,emacs11,5,NA,Yes,3,3,3,3,FALSE,FALSE,TRUE,FALSE,TRUE,S2,
1067,Emacs,emacs11,5,every nested #if creates a new layer of abstraction,"No, because",2,1,2,1,FALSE,FALSE,TRUE,FALSE,TRUE,S2,
1070,Emacs,emacs11,5,NA,Yes,3,3,3,3,FALSE,FALSE,FALSE,FALSE,TRUE,S2,
1072,Emacs,emacs11,5,NA,Yes,3,3,3,2,FALSE,FALSE,FALSE,FALSE,TRUE,S2,
1080,Emacs,emacs11,5,NA,Yes,3,3,2,3,FALSE,FALSE,TRUE,FALSE,TRUE,S2,
1092,Emacs,emacs11,5,NA,Yes,4,4,4,4,FALSE,FALSE,TRUE,FALSE,TRUE,S2,
1094,Emacs,emacs11,5,NA,"No, because",2,1,2,2,FALSE,FALSE,TRUE,FALSE,TRUE,S2,
1095,Emacs,emacs11,5,"13-16,21-24",Yes,2,2,3,3,FALSE,FALSE,FALSE,FALSE,TRUE,S2,
1140,Emacs,emacs11,5,-,Yes,3,3,3,3,FALSE,TRUE,NA,TRUE,NA,S2,
1155,Emacs,emacs11,5,NA,Yes,3,3,3,3,FALSE,FALSE,TRUE,FALSE,TRUE,S2,
1165,Emacs,emacs11,5,9-27,"No, because",2,3,2,3,FALSE,FALSE,TRUE,FALSE,TRUE,S2,
1172,Emacs,emacs11,5,27-35,Yes,3,3,3,3,FALSE,FALSE,TRUE,FALSE,TRUE,S2,
1176,Emacs,emacs11,5,NA,Yes,4,3,3,3,FALSE,FALSE,TRUE,FALSE,TRUE,S2,
1215,Emacs,emacs11,5,NA,Yes,4,4,4,4,FALSE,FALSE,TRUE,FALSE,FALSE,S2,
1217,Emacs,emacs11,5,"13-16,21-24","No, because",3,3,3,3,FALSE,FALSE,TRUE,FALSE,TRUE,S2,
1230,Emacs,emacs11,5,none,"No, because",3,3,3,3,FALSE,FALSE,TRUE,FALSE,TRUE,S2,
1232,Emacs,emacs11,5,NA,"No, because",2,2,2,2,FALSE,FALSE,TRUE,FALSE,TRUE,S2,
1239,Emacs,emacs11,5,10-26,"No, because",2,2,2,2,FALSE,FALSE,TRUE,FALSE,TRUE,S2,
1241,Emacs,emacs11,5,9-27,Yes,3,3,2,3,FALSE,FALSE,TRUE,FALSE,TRUE,S2,
1252,Emacs,emacs11,5,28-35,Yes,2,2,2,2,FALSE,FALSE,TRUE,FALSE,TRUE,S2,
1255,Emacs,emacs11,5,NA,Yes,4,4,4,3,FALSE,FALSE,TRUE,FALSE,TRUE,S2,
1272,Emacs,emacs11,5,NA,Yes,3,3,3,3,FALSE,FALSE,TRUE,FALSE,TRUE,S2,
1300,Emacs,emacs11,5,NA,Yes,3,3,3,3,FALSE,FALSE,TRUE,FALSE,TRUE,S2,
1301,Emacs,emacs11,5,NA,Yes,3,3,3,3,FALSE,FALSE,TRUE,FALSE,TRUE,S2,
1306,Emacs,emacs11,5,NA,Yes,3,3,3,3,FALSE,FALSE,TRUE,FALSE,TRUE,S2,
1320,Emacs,emacs11,5,8-35,"No, because",2,2,2,2,FALSE,FALSE,TRUE,FALSE,FALSE,S2,
1325,Emacs,emacs11,5,NA,Yes,3,3,3,3,FALSE,FALSE,TRUE,FALSE,TRUE,S2,
1326,Emacs,emacs11,5,NA,Yes,3,2,3,3,FALSE,FALSE,TRUE,FALSE,TRUE,S2,
1329,Emacs,emacs11,5,NA,"No, because",1,1,1,1,FALSE,TRUE,NA,TRUE,NA,S2,
1330,Emacs,emacs11,5,NA,Yes,3,3,3,3,FALSE,FALSE,TRUE,FALSE,FALSE,S2,
1334,Emacs,emacs11,5,NA,Yes,4,4,4,4,FALSE,FALSE,TRUE,FALSE,TRUE,S2,
1342,Emacs,emacs11,5,NA,Yes,3,3,3,3,FALSE,FALSE,TRUE,FALSE,TRUE,S2,
1343,Emacs,emacs11,5,"13-16, 21-26",Yes,2,3,2,3,FALSE,FALSE,TRUE,FALSE,TRUE,S2,
1344,Emacs,emacs11,5,NA,Yes,3,4,3,4,FALSE,FALSE,TRUE,FALSE,TRUE,S2,
1359,Emacs,emacs11,5,NA,Yes,3,2,3,2,FALSE,FALSE,TRUE,FALSE,TRUE,S2,
1360,Emacs,emacs11,5,NA,"No, because",1,1,1,1,FALSE,TRUE,NA,TRUE,NA,S2,
1365,Emacs,emacs11,5,NA,Yes,4,4,4,4,FALSE,FALSE,TRUE,FALSE,TRUE,S2,
1367,Emacs,emacs11,5,NA,"No, because",3,3,3,3,FALSE,FALSE,TRUE,FALSE,TRUE,S2,
1369,Emacs,emacs11,5,0,"No, because",2,2,2,2,FALSE,TRUE,NA,TRUE,NA,S2,
1376,Emacs,emacs11,5,NA,"No, because",1,1,1,1,FALSE,TRUE,NA,TRUE,NA,S2,
1380,Emacs,emacs11,5,"13-15,21-23","No, because",3,3,3,3,FALSE,FALSE,TRUE,FALSE,TRUE,S2,
1387,Emacs,emacs11,5,9-27,"No, because",3,3,3,3,FALSE,FALSE,FALSE,FALSE,TRUE,S2,
1391,Emacs,emacs11,5,"14, 22, 25-26 33",Yes,3,2,2,4,FALSE,FALSE,TRUE,FALSE,TRUE,S2,
1393,Emacs,emacs11,5,NA,Yes,2,2,1,1,FALSE,TRUE,NA,FALSE,TRUE,S2,
1395,Emacs,emacs11,5,NA,Yes,2,2,2,2,FALSE,FALSE,FALSE,FALSE,FALSE,S2,
1401,Emacs,emacs11,5,NA,"No, because",3,4,3,3,FALSE,FALSE,TRUE,FALSE,TRUE,S2,
1417,Emacs,emacs11,5,NA,Yes,4,4,4,4,FALSE,FALSE,TRUE,FALSE,TRUE,S2,
1430,Emacs,emacs11,5,NA,Yes,3,3,3,3,FALSE,FALSE,TRUE,FALSE,TRUE,S2,
1448,Emacs,emacs11,5,NA,Yes,4,4,4,4,FALSE,FALSE,TRUE,FALSE,TRUE,S2,
1455,Emacs,emacs11,5,None,Yes,3,3,3,3,FALSE,FALSE,TRUE,FALSE,TRUE,S2,
1507,Emacs,emacs11,5,NA,Yes,3,2,2,2,FALSE,FALSE,TRUE,FALSE,TRUE,S2,
1510,Emacs,emacs11,5,"13-16, 21-23","No, because",2,2,2,2,FALSE,FALSE,TRUE,FALSE,TRUE,S2,
1537,Emacs,emacs11,5,8-35,"No, because",3,3,3,3,FALSE,FALSE,TRUE,FALSE,TRUE,S2,
1631,Emacs,emacs11,5,NA,Yes,2,3,2,3,FALSE,FALSE,TRUE,FALSE,TRUE,S2,
1651,Emacs,emacs11,5,NA,Yes,3,3,3,3,FALSE,FALSE,TRUE,FALSE,FALSE,S2,
1670,Emacs,emacs11,5,"13-16,21-24","No, because",4,4,3,3,FALSE,FALSE,TRUE,FALSE,TRUE,S2,
1694,Emacs,emacs11,5,NA,Yes,4,4,4,4,FALSE,FALSE,TRUE,FALSE,TRUE,S2,
1711,Emacs,emacs11,5,NA,Yes,3,3,3,3,FALSE,FALSE,TRUE,FALSE,TRUE,S2,
1715,Emacs,emacs11,5,9-27,Yes,3,4,3,4,FALSE,FALSE,TRUE,FALSE,TRUE,S2,
1717,Emacs,emacs11,5,NA,Yes,3,3,3,3,FALSE,TRUE,NA,FALSE,TRUE,S2,
1720,Emacs,emacs11,5,14,Yes,2,2,2,2,FALSE,FALSE,TRUE,FALSE,FALSE,S2,
1721,Emacs,emacs11,5,NA,Yes,3,3,2,3,FALSE,FALSE,TRUE,FALSE,TRUE,S2,
1731,Emacs,emacs11,5,NA,Yes,3,3,3,3,FALSE,FALSE,TRUE,FALSE,TRUE,S2,
1745,Emacs,emacs11,5,24-26,Yes,3,4,4,4,FALSE,FALSE,TRUE,FALSE,TRUE,S2,
1772,Emacs,emacs11,5,9-27,Yes,3,3,3,3,FALSE,FALSE,TRUE,FALSE,TRUE,S2,
1788,Emacs,emacs11,5,NA,Yes,3,3,3,3,FALSE,FALSE,TRUE,FALSE,TRUE,S2,
1796,Emacs,emacs11,5,NA,Yes,3,3,3,3,FALSE,FALSE,TRUE,FALSE,TRUE,S2,
1802,Emacs,emacs11,5,NA,Yes,4,4,4,4,FALSE,FALSE,TRUE,FALSE,TRUE,S2,
1815,Emacs,emacs11,5,NA,"No, because",3,2,2,2,FALSE,FALSE,FALSE,FALSE,TRUE,S2,
1816,Emacs,emacs11,5,10-26,Yes,2,3,3,2,FALSE,FALSE,FALSE,FALSE,TRUE,S2,
1818,Emacs,emacs11,5,NA,Yes,3,3,3,3,FALSE,FALSE,TRUE,FALSE,TRUE,S2,
1836,Emacs,emacs11,5,13-26,"No, because",2,2,2,2,FALSE,TRUE,NA,FALSE,FALSE,S2,
1843,Emacs,emacs11,5,"14, 22",Yes,4,3,3,3,FALSE,FALSE,TRUE,FALSE,TRUE,S2,
1869,Emacs,emacs11,5,NA,Yes,3,2,3,2,FALSE,FALSE,TRUE,FALSE,TRUE,S2,
1877,Emacs,emacs11,5,NA,Yes,4,4,4,4,FALSE,FALSE,TRUE,FALSE,TRUE,S2,
1886,Emacs,emacs11,5,9-27,Yes,2,3,2,3,FALSE,FALSE,TRUE,FALSE,FALSE,S2,
1913,Emacs,emacs11,5,13-24,Yes,2,2,1,1,FALSE,FALSE,TRUE,FALSE,TRUE,S2,
1919,Emacs,emacs11,5,NA,Yes,3,3,3,3,FALSE,FALSE,TRUE,FALSE,TRUE,S2,
1930,Emacs,emacs11,5,8-35,"No, because",2,1,1,1,FALSE,FALSE,TRUE,FALSE,FALSE,S2,
1938,Emacs,emacs11,5,NA,Yes,2,3,4,2,FALSE,FALSE,TRUE,FALSE,TRUE,S2,
1950,Emacs,emacs11,5,NA,Yes,3,3,3,2,FALSE,FALSE,FALSE,FALSE,TRUE,S2,
1953,Emacs,emacs11,5,NA,"No, because",2,2,2,2,FALSE,FALSE,TRUE,FALSE,TRUE,S2,
1969,Emacs,emacs11,5,21-24,Yes,3,3,2,3,FALSE,FALSE,TRUE,FALSE,TRUE,S2,
1977,Emacs,emacs11,5,18-27,Yes,2,2,1,1,FALSE,FALSE,TRUE,FALSE,FALSE,S2,
1979,Emacs,emacs11,5,NA,Yes,2,2,2,2,FALSE,FALSE,TRUE,FALSE,TRUE,S2,
2005,Emacs,emacs11,5,NA,Yes,3,2,3,2,FALSE,FALSE,TRUE,FALSE,FALSE,S2,
2007,Emacs,emacs11,5,NA,Yes,3,3,3,4,FALSE,FALSE,TRUE,FALSE,TRUE,S2,
2011,Emacs,emacs11,5,NA,Yes,3,3,4,4,FALSE,FALSE,TRUE,FALSE,TRUE,S2,
2056,Emacs,emacs11,5,1-39,"No, because",1,1,1,1,FALSE,TRUE,NA,TRUE,NA,S2,
2074,Emacs,emacs11,5,NA,Yes,4,4,4,4,FALSE,FALSE,TRUE,FALSE,TRUE,S2,
2081,Emacs,emacs11,5,NA,Yes,3,3,3,3,FALSE,FALSE,TRUE,FALSE,TRUE,S2,
2086,Emacs,emacs11,5,NA,Yes,3,3,2,2,FALSE,FALSE,TRUE,FALSE,FALSE,S2,
2091,Emacs,emacs11,5,NA,Yes,3,3,3,3,FALSE,FALSE,TRUE,FALSE,FALSE,S2,
2093,Emacs,emacs11,5,NA,"No, because",3,3,3,3,FALSE,FALSE,TRUE,FALSE,FALSE,S2,
2094,Emacs,emacs11,5,NA,Yes,3,2,2,2,FALSE,FALSE,TRUE,FALSE,TRUE,S2,
2111,Emacs,emacs11,5,NA,Yes,4,4,4,4,FALSE,FALSE,TRUE,FALSE,TRUE,S2,
2133,Emacs,emacs11,5,NA,Yes,4,4,4,4,FALSE,FALSE,TRUE,FALSE,TRUE,S2,
2156,Emacs,emacs11,5,NA,Yes,3,3,3,4,FALSE,FALSE,TRUE,FALSE,TRUE,S2,
2185,Emacs,emacs11,5,25,Yes,3,3,3,3,FALSE,FALSE,TRUE,FALSE,FALSE,S2,
2190,Emacs,emacs11,5,NA,Yes,4,4,4,4,FALSE,FALSE,TRUE,FALSE,TRUE,S2,
2195,Emacs,emacs11,5,"14, 22, 25","No, because",2,2,2,3,FALSE,TRUE,NA,FALSE,TRUE,S2,
2198,Emacs,emacs11,5,"13-15,21-23",Yes,3,2,2,3,FALSE,FALSE,TRUE,FALSE,TRUE,S2,
2215,Emacs,emacs11,5,NA,Yes,3,3,3,3,FALSE,FALSE,TRUE,FALSE,TRUE,S2,
2219,Emacs,emacs11,5,NA,Yes,3,3,3,3,FALSE,FALSE,TRUE,FALSE,TRUE,S2,
2220,Emacs,emacs11,5,27-28,Yes,3,2,3,3,FALSE,FALSE,TRUE,FALSE,TRUE,S2,
2226,Emacs,emacs11,5,NA,Yes,4,3,3,3,FALSE,FALSE,TRUE,FALSE,TRUE,S2,
2232,Emacs,emacs11,5,NA,"No, because",3,3,2,3,FALSE,FALSE,TRUE,FALSE,TRUE,S2,
2235,Emacs,emacs11,5,NA,"No, because",3,3,2,3,FALSE,FALSE,TRUE,FALSE,TRUE,S2,
2248,Emacs,emacs11,5,NA,Yes,4,4,4,4,FALSE,FALSE,TRUE,FALSE,FALSE,S2,
2249,Emacs,emacs11,5,NA,Yes,3,3,2,3,FALSE,FALSE,TRUE,FALSE,TRUE,S2,
2252,Emacs,emacs11,5,8-29,Yes,2,3,3,3,FALSE,FALSE,TRUE,FALSE,TRUE,S2,
2272,Emacs,emacs11,5,25-26,"No, because",3,3,2,3,FALSE,FALSE,TRUE,FALSE,TRUE,S2,
2278,Emacs,emacs11,5,NA,Yes,3,3,3,3,FALSE,TRUE,NA,TRUE,NA,S2,
2279,Emacs,emacs11,5,NA,Yes,3,4,3,4,FALSE,FALSE,TRUE,FALSE,TRUE,S2,
2282,Emacs,emacs11,5,NA,"No, because",2,2,2,2,FALSE,FALSE,TRUE,FALSE,FALSE,S2,
2283,Emacs,emacs11,5,NA,"No, because",3,3,2,2,FALSE,FALSE,TRUE,FALSE,TRUE,S2,
2290,Emacs,emacs11,5,13,Yes,3,3,3,3,FALSE,FALSE,TRUE,FALSE,TRUE,S2,
2298,Emacs,emacs11,5,NA,"No, because",3,2,2,2,FALSE,FALSE,TRUE,FALSE,TRUE,S2,
2300,Emacs,emacs11,5,NA,Yes,2,2,2,2,FALSE,FALSE,TRUE,FALSE,TRUE,S2,
2301,Emacs,emacs11,5,8-26,"No, because",2,3,2,2,FALSE,FALSE,TRUE,FALSE,FALSE,S2,
2304,Emacs,emacs11,5,NA,Yes,3,3,3,3,FALSE,FALSE,TRUE,FALSE,TRUE,S2,
2305,Emacs,emacs11,5,21-26,Yes,3,3,3,3,FALSE,FALSE,TRUE,FALSE,FALSE,S2,
2307,Emacs,emacs11,5,25,"No, because",2,2,1,1,FALSE,FALSE,TRUE,FALSE,TRUE,S2,
2313,Emacs,emacs11,5,NA,"No, because",2,3,2,3,FALSE,FALSE,TRUE,FALSE,FALSE,S2,
2314,Emacs,emacs11,5,"14,22","No, because",2,2,1,3,FALSE,FALSE,FALSE,FALSE,TRUE,S2,
2321,Emacs,emacs11,5,"13-16,21-24",Yes,2,2,2,2,FALSE,FALSE,TRUE,FALSE,TRUE,S2,
2326,Emacs,emacs11,5,NA,Yes,4,4,4,4,FALSE,FALSE,TRUE,FALSE,TRUE,S2,
2334,Emacs,emacs11,5,NA,Yes,3,3,3,4,FALSE,FALSE,TRUE,FALSE,FALSE,S2,
2341,Emacs,emacs11,5,NA,"No, because",3,3,3,3,FALSE,FALSE,TRUE,FALSE,TRUE,S2,
2345,Emacs,emacs11,5,NA,Yes,4,4,4,4,FALSE,FALSE,TRUE,FALSE,FALSE,S2,
2349,Emacs,emacs11,5,25-26,"No, because",3,3,3,3,FALSE,FALSE,TRUE,FALSE,TRUE,S2,
2351,Emacs,emacs11,5,NA,Yes,3,3,3,3,FALSE,FALSE,TRUE,FALSE,TRUE,S2,
2364,Emacs,emacs11,5,NA,"No, because",2,2,2,2,FALSE,FALSE,TRUE,FALSE,TRUE,S2,
2384,Emacs,emacs11,5,9-26,Yes,3,3,2,3,FALSE,FALSE,TRUE,FALSE,TRUE,S2,
2395,Emacs,emacs11,5,8-27,"No, because",2,1,1,1,FALSE,FALSE,TRUE,FALSE,FALSE,S2,
2407,Emacs,emacs11,5,28,"No, because",2,3,3,3,FALSE,FALSE,TRUE,FALSE,TRUE,S2,
2432,Emacs,emacs11,5,NA,Yes,3,3,3,3,FALSE,FALSE,TRUE,FALSE,TRUE,S2,
2437,Emacs,emacs11,5,NA,"No, because",3,3,3,3,FALSE,FALSE,TRUE,FALSE,TRUE,S2,
2447,Emacs,emacs11,5,NA,Yes,3,3,3,3,FALSE,FALSE,TRUE,FALSE,TRUE,S2,
2455,Emacs,emacs11,5,NA,Yes,3,3,3,3,FALSE,FALSE,TRUE,FALSE,TRUE,S2,
2475,Emacs,emacs11,5,"None, the above answer assumes acl != NULL as well",Yes,3,3,2,3,FALSE,FALSE,TRUE,FALSE,TRUE,S2,
2481,Emacs,emacs11,5,NA,Yes,4,4,4,4,FALSE,FALSE,TRUE,FALSE,TRUE,S2,
2500,Emacs,emacs11,5,"13-16,21-26",Yes,3,3,3,3,FALSE,FALSE,TRUE,FALSE,FALSE,S2,
2510,Emacs,emacs11,5,"14,22",Yes,2,3,2,3,FALSE,TRUE,NA,FALSE,TRUE,S2,
2519,Emacs,emacs11,5,NA,Yes,3,3,3,3,FALSE,FALSE,TRUE,FALSE,TRUE,S2,
2522,Emacs,emacs11,5,21-24,Yes,3,2,2,2,FALSE,FALSE,TRUE,FALSE,TRUE,S2,
2523,Emacs,emacs11,5,17-26,"No, because",1,2,2,2,FALSE,FALSE,TRUE,FALSE,FALSE,S2,
2527,Emacs,emacs11,5,28,"No, because",3,2,2,2,FALSE,FALSE,TRUE,FALSE,TRUE,S2,
2536,Emacs,emacs11,5,27-35,"No, because",2,3,3,3,FALSE,FALSE,TRUE,FALSE,TRUE,S2,
2537,Emacs,emacs11,5,NA,Yes,3,3,3,3,FALSE,FALSE,TRUE,FALSE,FALSE,S2,
2551,Emacs,emacs11,5,NA,"No, because",3,3,3,3,FALSE,FALSE,TRUE,FALSE,TRUE,S2,
2562,Emacs,emacs11,5,13,"No, because",3,2,1,1,FALSE,TRUE,NA,FALSE,FALSE,S2,
2566,Emacs,emacs11,5,"14,22",Yes,3,3,2,2,FALSE,FALSE,TRUE,FALSE,TRUE,S2,
2574,Emacs,emacs11,5,NA,Yes,4,3,3,3,FALSE,FALSE,TRUE,FALSE,TRUE,S2,
2578,Emacs,emacs11,5,"13-15,21-23","No, because",2,3,2,3,FALSE,FALSE,TRUE,FALSE,TRUE,S2,
2580,Emacs,emacs11,5,NA,Yes,3,3,3,2,FALSE,FALSE,TRUE,FALSE,TRUE,S2,
2587,Emacs,emacs11,5,NA,Yes,4,4,4,4,FALSE,FALSE,TRUE,FALSE,FALSE,S2,
2589,Emacs,emacs11,5,NA,Yes,2,2,2,2,FALSE,TRUE,NA,TRUE,NA,S2,
2592,Emacs,emacs11,5,NA,Yes,3,3,3,3,FALSE,FALSE,TRUE,FALSE,TRUE,S2,
2597,Emacs,emacs11,5,NA,"No, because",4,3,2,3,FALSE,FALSE,TRUE,FALSE,TRUE,S2,
2614,Emacs,emacs11,5,NA,Yes,3,3,4,2,FALSE,FALSE,FALSE,FALSE,FALSE,S2,
2617,Emacs,emacs11,5,19-26,Yes,3,3,3,3,FALSE,FALSE,TRUE,FALSE,TRUE,S2,
2619,Emacs,emacs11,5,NA,Yes,4,2,3,2,FALSE,FALSE,TRUE,FALSE,FALSE,S2,
2635,Emacs,emacs11,5,13-16,Yes,3,3,4,4,FALSE,FALSE,TRUE,FALSE,TRUE,S2,
2636,Emacs,emacs11,5,NA,Yes,3,2,2,2,FALSE,FALSE,TRUE,FALSE,TRUE,S2,
195,Emacs,emacs11,5,1,Yes,1,1,1,1,TRUE,FALSE,FALSE,FALSE,FALSE,S1,
229,Emacs,emacs11,5,NA,Yes,3,3,2,2,TRUE,FALSE,TRUE,FALSE,TRUE,S1,
240,Emacs,emacs11,5,NA,Yes,2,2,2,2,TRUE,FALSE,TRUE,FALSE,FALSE,S1,
277,Emacs,emacs11,5,"28, because who cares?","No, because",4,3,1,1,TRUE,TRUE,NA,TRUE,NA,S1,
301,Emacs,emacs11,5,1-46,"No, because",1,1,1,1,TRUE,FALSE,TRUE,FALSE,FALSE,S1,
306,Emacs,emacs11,5,NA,Yes,4,4,4,4,TRUE,TRUE,NA,TRUE,NA,S1,
320,Emacs,emacs11,5,NA,Yes,2,2,2,2,TRUE,FALSE,TRUE,FALSE,FALSE,S1,
321,Emacs,emacs11,5,NA,Yes,2,3,3,3,TRUE,FALSE,TRUE,FALSE,TRUE,S1,
341,Emacs,emacs11,5,NA,Yes,3,2,2,2,TRUE,FALSE,TRUE,FALSE,TRUE,S1,
346,Emacs,emacs11,5,"12-15,17-20","No, because",3,2,2,3,TRUE,FALSE,TRUE,FALSE,TRUE,S1,
350,Emacs,emacs11,5,NA,"No, because",2,1,1,1,TRUE,FALSE,TRUE,FALSE,TRUE,S1,
366,Emacs,emacs11,5,NA,Yes,2,2,2,2,TRUE,FALSE,TRUE,FALSE,TRUE,S1,
378,Emacs,emacs11,5,NA,Yes,3,3,3,3,TRUE,FALSE,FALSE,FALSE,FALSE,S1,
389,Emacs,emacs11,5,"12-14,17-19,21",Yes,2,2,2,2,TRUE,FALSE,TRUE,FALSE,FALSE,S1,
399,Emacs,emacs11,5,17-22,Yes,3,3,3,3,TRUE,FALSE,TRUE,FALSE,TRUE,S1,
401,Emacs,emacs11,5,NA,"No, because",3,1,1,1,TRUE,TRUE,NA,TRUE,NA,S1,
407,Emacs,emacs11,5,NA,Yes,3,3,3,2,TRUE,FALSE,TRUE,FALSE,FALSE,S1,
410,Emacs,emacs11,5,NA,Yes,2,3,3,2,TRUE,FALSE,TRUE,FALSE,TRUE,S1,
415,Emacs,emacs11,5,NA,Yes,3,3,3,3,TRUE,FALSE,TRUE,FALSE,TRUE,S1,
422,Emacs,emacs11,5,NA,Yes,3,3,3,3,TRUE,FALSE,FALSE,FALSE,TRUE,S1,
425,Emacs,emacs11,5,NA,Yes,2,3,2,3,TRUE,FALSE,TRUE,FALSE,TRUE,S1,
430,Emacs,emacs11,5,NA,Yes,3,3,3,3,TRUE,FALSE,TRUE,FALSE,TRUE,S1,
437,Emacs,emacs11,5,NA,Yes,3,3,3,3,TRUE,FALSE,TRUE,FALSE,FALSE,S1,
461,Emacs,emacs11,5,NA,Yes,3,3,3,4,TRUE,FALSE,TRUE,FALSE,TRUE,S1,
463,Emacs,emacs11,5,12,Yes,2,2,2,2,TRUE,FALSE,FALSE,FALSE,FALSE,S1,
480,Emacs,emacs11,5,NA,Yes,4,3,3,3,TRUE,FALSE,TRUE,FALSE,FALSE,S1,
495,Emacs,emacs11,5,"16-23,28","No, because",2,1,1,1,TRUE,FALSE,TRUE,FALSE,TRUE,S1,
502,Emacs,emacs11,5,NA,Yes,4,4,4,4,TRUE,FALSE,TRUE,FALSE,TRUE,S1,
506,Emacs,emacs11,5,5,"No, because",4,4,4,4,TRUE,TRUE,NA,TRUE,NA,S1,
509,Emacs,emacs11,5,NA,"No, because",3,3,3,3,TRUE,FALSE,TRUE,FALSE,FALSE,S1,
518,Emacs,emacs11,5,NA,Yes,3,3,2,3,TRUE,FALSE,TRUE,FALSE,TRUE,S1,
531,Emacs,emacs11,5,11-23,Yes,2,2,2,2,TRUE,FALSE,TRUE,FALSE,TRUE,S1,
539,Emacs,emacs11,5,"11,23","No, because",2,2,2,2,TRUE,FALSE,TRUE,FALSE,FALSE,S1,
554,Emacs,emacs11,5,NA,Yes,4,4,4,4,TRUE,FALSE,TRUE,FALSE,TRUE,S1,
559,Emacs,emacs11,5,NA,Yes,2,3,3,3,TRUE,FALSE,TRUE,FALSE,FALSE,S1,
564,Emacs,emacs11,5,NA,Yes,4,4,4,4,TRUE,FALSE,TRUE,FALSE,FALSE,S1,
590,Emacs,emacs11,5,"1,28",Yes,3,2,3,2,TRUE,TRUE,NA,TRUE,NA,S1,
592,Emacs,emacs11,5,19,Yes,2,2,2,2,TRUE,FALSE,FALSE,FALSE,TRUE,S1,
593,Emacs,emacs11,5,NA,Yes,2,2,2,2,TRUE,FALSE,TRUE,FALSE,FALSE,S1,
598,Emacs,emacs11,5,NA,Yes,3,2,2,3,TRUE,FALSE,TRUE,FALSE,TRUE,S1,
601,Emacs,emacs11,5,NA,Yes,2,3,3,3,TRUE,FALSE,TRUE,FALSE,TRUE,S1,
615,Emacs,emacs11,5,NA,"No, because",2,2,2,3,TRUE,FALSE,TRUE,TRUE,NA,S1,
626,Emacs,emacs11,5,11-23,Yes,3,3,3,3,TRUE,FALSE,TRUE,FALSE,TRUE,S1,
655,Emacs,emacs11,5,11-23,"No, because",2,3,2,3,TRUE,FALSE,TRUE,FALSE,FALSE,S1,
661,Emacs,emacs11,5,NA,Yes,3,3,3,3,TRUE,FALSE,TRUE,FALSE,FALSE,S1,
664,Emacs,emacs11,5,12-22,"No, because",2,2,2,3,TRUE,FALSE,FALSE,FALSE,TRUE,S1,
672,Emacs,emacs11,5,NA,"No, because",2,2,2,2,TRUE,FALSE,TRUE,FALSE,TRUE,S1,
689,Emacs,emacs11,5,NA,Yes,3,3,3,3,TRUE,FALSE,TRUE,FALSE,FALSE,S1,
690,Emacs,emacs11,5,36-41,"No, because",4,2,1,3,TRUE,FALSE,TRUE,FALSE,FALSE,S1,
696,Emacs,emacs11,5,Question 33 needs an acl!=NULL option,Yes,4,4,4,4,TRUE,FALSE,TRUE,FALSE,TRUE,S1,
699,Emacs,emacs11,5,NA,"No, because",3,2,2,2,TRUE,FALSE,TRUE,FALSE,FALSE,S1,
701,Emacs,emacs11,5,"12-14,17-19","No, because",2,3,2,3,TRUE,FALSE,TRUE,FALSE,FALSE,S1,
702,Emacs,emacs11,5,"28, 38-39, 46","No, because","Add reference link or text explainig the connection between macros and OSes
Use GNU-recommended comments consistently",2,2,1,1,TRUE,FALSE,TRUE,FALSE,TRUE,S1
706,Emacs,emacs11,5,NA,Yes,4,4,4,4,TRUE,FALSE,TRUE,FALSE,FALSE,S1,
709,Emacs,emacs11,5,28,"No, because",2,1,1,1,TRUE,FALSE,TRUE,FALSE,TRUE,S1,
710,Emacs,emacs11,5,NA,Yes,4,4,3,4,TRUE,FALSE,TRUE,FALSE,FALSE,S1,
732,Emacs,emacs11,5,NA,Yes,3,3,3,3,TRUE,FALSE,TRUE,FALSE,TRUE,S1,
746,Emacs,emacs11,5,NA,Yes,4,4,4,4,TRUE,FALSE,TRUE,FALSE,TRUE,S1,
747,Emacs,emacs11,5,NA,Yes,2,2,1,2,TRUE,TRUE,NA,FALSE,FALSE,S1,
748,Emacs,emacs11,5,NA,"No, because",2,2,2,2,TRUE,FALSE,TRUE,FALSE,TRUE,S1,
750,Emacs,emacs11,5,NA,Yes,4,3,2,3,TRUE,FALSE,TRUE,FALSE,TRUE,S1,
758,Emacs,emacs11,5,NA,Yes,2,2,1,2,TRUE,FALSE,TRUE,FALSE,TRUE,S1,
770,Emacs,emacs11,5,NA,Yes,2,2,3,3,TRUE,FALSE,TRUE,FALSE,TRUE,S1,
772,Emacs,emacs11,5,NA,Yes,4,4,4,4,TRUE,FALSE,TRUE,FALSE,TRUE,S1,
781,Emacs,emacs11,5,11-23,"No, because",2,3,1,3,TRUE,FALSE,TRUE,FALSE,FALSE,S1,
798,Emacs,emacs11,5,NA,Yes,3,3,3,3,TRUE,FALSE,TRUE,FALSE,FALSE,S1,
800,Emacs,emacs11,5,NA,Yes,3,3,2,2,TRUE,FALSE,TRUE,FALSE,FALSE,S1,
805,Emacs,emacs11,5,17-22,Yes,3,3,3,3,TRUE,FALSE,TRUE,FALSE,TRUE,S1,
820,Emacs,emacs11,5,"12-15,21-22",Yes,3,3,2,3,TRUE,FALSE,TRUE,FALSE,TRUE,S1,
824,Emacs,emacs11,5,NA,Yes,2,3,3,3,TRUE,FALSE,TRUE,FALSE,TRUE,S1,
827,Emacs,emacs11,5,36-41,Yes,3,3,3,3,TRUE,FALSE,TRUE,FALSE,TRUE,S1,
829,Emacs,emacs11,5,"12-14, 17-19",Yes,2,3,3,3,TRUE,FALSE,TRUE,FALSE,TRUE,S1,
842,Emacs,emacs11,5,NA,"No, because",2,2,2,2,TRUE,FALSE,TRUE,FALSE,FALSE,S1,
843,Emacs,emacs11,5,28,"No, because",2,2,2,2,TRUE,FALSE,TRUE,FALSE,TRUE,S1,
848,Emacs,emacs11,5,11-20,"No, because",1,1,1,1,TRUE,FALSE,FALSE,FALSE,TRUE,S1,
871,Emacs,emacs11,5,12-20,Yes,3,3,3,3,TRUE,FALSE,TRUE,FALSE,TRUE,S1,
949,Emacs,emacs11,5,NA,Yes,3,3,3,3,TRUE,FALSE,TRUE,FALSE,TRUE,S1,
955,Emacs,emacs11,5,12-19,"No, because",3,3,3,3,TRUE,FALSE,TRUE,FALSE,FALSE,S1,
975,Emacs,emacs11,5,NA,Yes,4,3,3,3,TRUE,FALSE,TRUE,FALSE,TRUE,S1,
978,Emacs,emacs11,5,NA,"No, because",2,3,3,3,TRUE,FALSE,TRUE,FALSE,TRUE,S1,
981,Emacs,emacs11,5,11-23,Yes,3,4,3,4,TRUE,FALSE,TRUE,FALSE,TRUE,S1,
986,Emacs,emacs11,5,NA,Yes,4,4,4,4,TRUE,FALSE,TRUE,FALSE,TRUE,S1,
990,Emacs,emacs11,5,NA,Yes,3,3,3,3,TRUE,FALSE,TRUE,FALSE,TRUE,S1,
993,Emacs,emacs11,5,NA,Yes,3,2,3,2,TRUE,FALSE,TRUE,FALSE,TRUE,S1,
998,Emacs,emacs11,5,"12-14, 17-19, 38-39",Yes,3,3,3,3,TRUE,FALSE,TRUE,FALSE,TRUE,S1,
1020,Emacs,emacs11,5,NA,Yes,2,2,2,2,TRUE,FALSE,TRUE,FALSE,TRUE,S1,
1022,Emacs,emacs11,5,NA,Yes,4,4,3,3,TRUE,FALSE,TRUE,FALSE,TRUE,S1,
1038,Emacs,emacs11,5,11-22,Yes,3,2,2,2,TRUE,FALSE,TRUE,FALSE,TRUE,S1,
1043,Emacs,emacs11,5,11-23,Yes,3,2,2,2,TRUE,FALSE,TRUE,FALSE,TRUE,S1,
1059,Emacs,emacs11,5,NA,Yes,4,4,4,4,TRUE,FALSE,TRUE,FALSE,TRUE,S1,
1081,Emacs,emacs11,5,NA,Yes,4,4,4,4,TRUE,FALSE,TRUE,FALSE,TRUE,S1,
1090,Emacs,emacs11,5,"1-3, 25-30,44-46",Yes,3,3,3,3,TRUE,FALSE,TRUE,FALSE,FALSE,S1,
1100,Emacs,emacs11,5,11-23,"No, because",3,3,2,2,TRUE,FALSE,TRUE,FALSE,TRUE,S1,
1101,Emacs,emacs11,5,NA,Yes,4,4,4,4,TRUE,FALSE,TRUE,FALSE,TRUE,S1,
1110,Emacs,emacs11,5,NA,"No, because",4,2,2,3,TRUE,FALSE,TRUE,FALSE,TRUE,S1,
1111,Emacs,emacs11,5,NA,Yes,3,4,3,3,TRUE,FALSE,TRUE,FALSE,FALSE,S1,
1118,Emacs,emacs11,5,NA,Yes,3,3,2,3,TRUE,FALSE,TRUE,FALSE,TRUE,S1,
1137,Emacs,emacs11,5,NA,"No, because",3,2,2,2,TRUE,FALSE,TRUE,FALSE,TRUE,S1,
1159,Emacs,emacs11,5,11-23,"No, because",3,2,2,2,TRUE,TRUE,NA,FALSE,TRUE,S1,
1169,Emacs,emacs11,5,NA,Yes,3,3,3,3,TRUE,FALSE,TRUE,FALSE,TRUE,S1,
1171,Emacs,emacs11,5,12-20,Yes,2,2,2,2,TRUE,FALSE,TRUE,FALSE,TRUE,S1,
1173,Emacs,emacs11,5,NA,Yes,3,3,3,2,TRUE,FALSE,TRUE,FALSE,TRUE,S1,
1181,Emacs,emacs11,5,NA,Yes,3,2,2,2,TRUE,FALSE,TRUE,FALSE,TRUE,S1,
1200,Emacs,emacs11,5,"11-23, 36-41","No, because",2,2,2,2,TRUE,FALSE,TRUE,FALSE,FALSE,S1,
1226,Emacs,emacs11,5,NA,Yes,3,2,3,2,TRUE,FALSE,FALSE,FALSE,TRUE,S1,
1227,Emacs,emacs11,5,NA,Yes,3,3,3,3,TRUE,FALSE,TRUE,FALSE,TRUE,S1,
1234,Emacs,emacs11,5,NA,Yes,3,3,3,3,TRUE,FALSE,TRUE,FALSE,FALSE,S1,
1240,Emacs,emacs11,5,11-22,"No, because",1,1,1,1,TRUE,FALSE,TRUE,FALSE,FALSE,S1,
1242,Emacs,emacs11,5,18,Yes,2,3,2,3,TRUE,FALSE,TRUE,FALSE,FALSE,S1,
1246,Emacs,emacs11,5,NA,"No, because",2,2,2,2,TRUE,FALSE,TRUE,FALSE,TRUE,S1,
1251,Emacs,emacs11,5,11-23,Yes,2,3,3,3,TRUE,FALSE,TRUE,FALSE,FALSE,S1,
1256,Emacs,emacs11,5,NA,Yes,3,3,3,3,TRUE,FALSE,TRUE,FALSE,TRUE,S1,
1261,Emacs,emacs11,5,"13, 18","No, because", the meat of them are inside the preprocessor directives.,2,2,2,2,TRUE,FALSE,TRUE,FALSE,FALSE,S1
1268,Emacs,emacs11,5,NA,Yes,3,2,2,3,TRUE,FALSE,TRUE,FALSE,FALSE,S1,
1270,Emacs,emacs11,5,11-23,Yes,2,2,2,2,TRUE,FALSE,FALSE,FALSE,TRUE,S1,
1280,Emacs,emacs11,5,NA,"No, because",3,3,2,2,TRUE,FALSE,TRUE,FALSE,TRUE,S1,
1285,Emacs,emacs11,5,NA,Yes,3,3,3,3,TRUE,FALSE,TRUE,FALSE,TRUE,S1,
1303,Emacs,emacs11,5,NA,Yes,3,3,2,2,TRUE,FALSE,TRUE,FALSE,TRUE,S1,
1309,Emacs,emacs11,5,NA,"No, because",3,3,2,3,TRUE,FALSE,TRUE,FALSE,TRUE,S1,
1314,Emacs,emacs11,5,11-23,"No, because",3,2,3,3,TRUE,FALSE,TRUE,FALSE,TRUE,S1,
1322,Emacs,emacs11,5,-,Yes,3,3,2,2,TRUE,FALSE,TRUE,FALSE,TRUE,S1,
1324,Emacs,emacs11,5,36-41,"No, because",3,3,3,3,TRUE,FALSE,FALSE,FALSE,TRUE,S1,
1335,Emacs,emacs11,5,NA,Yes,3,3,3,3,TRUE,FALSE,TRUE,FALSE,TRUE,S1,
1345,Emacs,emacs11,5,NA,"No, because",3,4,4,4,TRUE,FALSE,TRUE,FALSE,TRUE,S1,
1352,Emacs,emacs11,5,NA,"No, because",1,1,1,1,TRUE,TRUE,NA,TRUE,NA,S1,
1355,Emacs,emacs11,5,11-41,Yes,3,3,4,3,TRUE,FALSE,TRUE,FALSE,TRUE,S1,
1357,Emacs,emacs11,5,12-19,Yes,4,3,3,3,TRUE,FALSE,TRUE,FALSE,TRUE,S1,
1373,Emacs,emacs11,5,NA,Yes,2,3,3,3,TRUE,FALSE,TRUE,FALSE,FALSE,S1,
1385,Emacs,emacs11,5,36-41,Yes,3,3,3,3,TRUE,FALSE,TRUE,FALSE,TRUE,S1,
1390,Emacs,emacs11,5,NA,Yes,4,4,4,4,TRUE,FALSE,TRUE,FALSE,TRUE,S1,
1406,Emacs,emacs11,5,NA,Yes,3,3,3,4,TRUE,FALSE,TRUE,FALSE,TRUE,S1,
1415,Emacs,emacs11,5,NA,Yes,3,2,2,2,TRUE,FALSE,TRUE,FALSE,TRUE,S1,
1421,Emacs,emacs11,5,NA,Yes,3,3,3,3,TRUE,FALSE,FALSE,FALSE,TRUE,S1,
1422,Emacs,emacs11,5,NA,Yes,4,3,3,3,TRUE,FALSE,TRUE,FALSE,TRUE,S1,
1459,Emacs,emacs11,5,11-23,"No, because",2,2,2,2,TRUE,FALSE,FALSE,FALSE,TRUE,S1,
1512,Emacs,emacs11,5,1. It's confusing that the convention for this constant is defined/undefined while the one for all others is nonzero/zero,Yes,3,3,4,3,TRUE,FALSE,TRUE,FALSE,FALSE,S1,
1542,Emacs,emacs11,5,NA,Yes,4,4,4,4,TRUE,FALSE,TRUE,FALSE,TRUE,S1,
1547,Emacs,emacs11,5,NA,"No, because",2,2,2,2,TRUE,FALSE,TRUE,FALSE,FALSE,S1,
1560,Emacs,emacs11,5,NA,Yes,3,3,2,3,TRUE,FALSE,TRUE,FALSE,TRUE,S1,
1588,Emacs,emacs11,5,NA,Yes,3,3,3,3,TRUE,FALSE,TRUE,FALSE,TRUE,S1,
1595,Emacs,emacs11,5,NA,"No, because",3,2,2,3,TRUE,FALSE,TRUE,FALSE,TRUE,S1,
1597,Emacs,emacs11,5,21-22,Yes,4,4,3,3,TRUE,FALSE,TRUE,FALSE,TRUE,S1,
1665,Emacs,emacs11,5,NA,"No, because",3,2,2,2,TRUE,FALSE,TRUE,FALSE,TRUE,S1,
1675,Emacs,emacs11,5,NA,Yes,3,3,3,3,TRUE,FALSE,TRUE,FALSE,TRUE,S1,
1679,Emacs,emacs11,5,NA,Yes,2,2,2,2,TRUE,FALSE,TRUE,FALSE,TRUE,S1,
1687,Emacs,emacs11,5,NA,Yes,2,2,2,2,TRUE,FALSE,TRUE,FALSE,TRUE,S1,
1688,Emacs,emacs11,5,11-23,"No, because",2,1,1,1,TRUE,FALSE,FALSE,FALSE,FALSE,S1,
1704,Emacs,emacs11,5,NA,Yes,3,2,2,2,TRUE,FALSE,TRUE,FALSE,TRUE,S1,
1723,Emacs,emacs11,5,"13,18",Yes,3,3,3,3,TRUE,FALSE,FALSE,FALSE,TRUE,S1,
1726,Emacs,emacs11,5,"12-14,17-19",Yes,3,2,2,2,TRUE,FALSE,TRUE,FALSE,TRUE,S1,
1758,Emacs,emacs11,5,NA,Yes,4,4,4,4,TRUE,FALSE,FALSE,FALSE,TRUE,S1,
1767,Emacs,emacs11,5,1-46,"No, because",3,3,3,3,TRUE,FALSE,TRUE,FALSE,TRUE,S1,
1771,Emacs,emacs11,5,NA,Yes,3,2,3,3,TRUE,FALSE,TRUE,FALSE,TRUE,S1,
1775,Emacs,emacs11,5,"10,24,26,35,42,45 - opening braces should be at the end of the line before, closing braces have wrong indent",Yes,4,4,4,4,TRUE,FALSE,TRUE,FALSE,TRUE,S1,
1787,Emacs,emacs11,5,36-41,Yes,2,3,2,4,TRUE,FALSE,TRUE,FALSE,TRUE,S1,
1792,Emacs,emacs11,5,NA,Yes,3,3,3,3,TRUE,FALSE,FALSE,FALSE,FALSE,S1,
1797,Emacs,emacs11,5,NA,"No, because",4,3,3,3,TRUE,FALSE,FALSE,FALSE,TRUE,S1,
1824,Emacs,emacs11,5,NA,Yes,3,3,3,3,TRUE,FALSE,TRUE,FALSE,TRUE,S1,
1833,Emacs,emacs11,5,"1, 28, 46","No, because",3,3,3,3,TRUE,FALSE,TRUE,FALSE,TRUE,S1,
1844,Emacs,emacs11,5,21,"No, because",2,2,2,2,TRUE,FALSE,FALSE,FALSE,TRUE,S1,
1861,Emacs,emacs11,5,"13, 18, 21","No, because",3,3,3,3,TRUE,FALSE,TRUE,FALSE,FALSE,S1,
1864,Emacs,emacs11,5,12-19,"No, because",3,3,2,2,TRUE,TRUE,NA,FALSE,TRUE,S1,
1866,Emacs,emacs11,5,16-23,Yes,1,2,1,2,TRUE,FALSE,TRUE,FALSE,TRUE,S1,
1868,Emacs,emacs11,5,NA,Yes,3,3,3,3,TRUE,FALSE,TRUE,FALSE,TRUE,S1,
1878,Emacs,emacs11,5,NA,Yes,3,3,3,3,TRUE,FALSE,TRUE,FALSE,TRUE,S1,
1883,Emacs,emacs11,5,NA,"No, because",3,2,2,2,TRUE,FALSE,TRUE,FALSE,TRUE,S1,
1911,Emacs,emacs11,5,"12,14,17,19","No, because",2,1,1,1,TRUE,FALSE,TRUE,FALSE,TRUE,S1,
1923,Emacs,emacs11,5,28,Yes,3,3,2,2,TRUE,FALSE,TRUE,FALSE,TRUE,S1,
1944,Emacs,emacs11,5,NA,"No, because",3,2,2,3,TRUE,FALSE,TRUE,FALSE,FALSE,S1,
1962,Emacs,emacs11,5,NA,Yes,4,4,4,3,TRUE,FALSE,TRUE,FALSE,TRUE,S1,
1976,Emacs,emacs11,5,NA,"No, because",2,3,2,2,TRUE,FALSE,TRUE,FALSE,TRUE,S1,
1995,Emacs,emacs11,5,21,Yes,2,2,2,2,TRUE,FALSE,FALSE,FALSE,FALSE,S1,
2032,Emacs,emacs11,5,11-22,Yes,3,3,3,3,TRUE,FALSE,TRUE,FALSE,FALSE,S1,
2034,Emacs,emacs11,5,NA,Yes,4,4,3,4,TRUE,FALSE,TRUE,FALSE,TRUE,S1,
2051,Emacs,emacs11,5,NA,Yes,3,3,3,3,TRUE,FALSE,TRUE,FALSE,TRUE,S1,
2052,Emacs,emacs11,5,NA,Yes,3,2,2,2,TRUE,FALSE,TRUE,FALSE,TRUE,S1,
2053,Emacs,emacs11,5,NA,Yes,4,4,4,4,TRUE,FALSE,TRUE,FALSE,TRUE,S1,
2058,Emacs,emacs11,5,34-42,Yes,2,2,2,2,TRUE,FALSE,TRUE,FALSE,FALSE,S1,
2061,Emacs,emacs11,5,"9,34",Yes,2,2,2,2,TRUE,FALSE,TRUE,FALSE,TRUE,S1,
2062,Emacs,emacs11,5,NA,Yes,3,3,3,2,TRUE,FALSE,TRUE,FALSE,TRUE,S1,
2076,Emacs,emacs11,5,"12-15,17-22","No, because",3,2,1,2,TRUE,FALSE,TRUE,FALSE,FALSE,S1,
2079,Emacs,emacs11,5,1-46,"No, because",1,1,1,1,TRUE,FALSE,TRUE,TRUE,NA,S1,
2080,Emacs,emacs11,5,11-23,"No, because",3,3,2,3,TRUE,FALSE,FALSE,FALSE,TRUE,S1,
2082,Emacs,emacs11,5,NA,Yes,2,2,2,2,TRUE,TRUE,NA,TRUE,NA,S1,
2083,Emacs,emacs11,5,NA,Yes,3,3,3,3,TRUE,FALSE,TRUE,FALSE,FALSE,S1,
2087,Emacs,emacs11,5,NA,Yes,3,3,3,3,TRUE,FALSE,TRUE,FALSE,TRUE,S1,
2113,Emacs,emacs11,5,22,Yes,3,2,2,2,TRUE,FALSE,TRUE,FALSE,TRUE,S1,
2124,Emacs,emacs11,5,NA,Yes,2,2,2,3,TRUE,FALSE,TRUE,FALSE,FALSE,S1,
2129,Emacs,emacs11,5,NA,"No, because",3,3,3,3,TRUE,FALSE,TRUE,FALSE,FALSE,S1,
2132,Emacs,emacs11,5,11-23,"No, because",3,3,3,3,TRUE,FALSE,TRUE,FALSE,FALSE,S1,
2134,Emacs,emacs11,5,NA,"No, because",2,2,2,2,TRUE,FALSE,TRUE,FALSE,TRUE,S1,
2145,Emacs,emacs11,5,NA,Yes,4,4,4,4,TRUE,FALSE,TRUE,FALSE,TRUE,S1,
2152,Emacs,emacs11,5,NA,Yes,3,3,3,3,TRUE,FALSE,TRUE,FALSE,TRUE,S1,
2157,Emacs,emacs11,5,NA,Yes,3,3,3,3,TRUE,FALSE,TRUE,FALSE,TRUE,S1,
2158,Emacs,emacs11,5,21-22,Yes,3,4,4,4,TRUE,FALSE,TRUE,FALSE,TRUE,S1,
2176,Emacs,emacs11,5,21-22,"No, because",2,3,2,3,TRUE,FALSE,TRUE,FALSE,TRUE,S1,
2183,Emacs,emacs11,5,NA,Yes,2,2,2,2,TRUE,FALSE,TRUE,FALSE,FALSE,S1,
2186,Emacs,emacs11,5,NA,Yes,4,4,4,4,TRUE,FALSE,TRUE,FALSE,FALSE,S1,
2188,Emacs,emacs11,5,NA,Yes,3,3,3,3,TRUE,TRUE,NA,FALSE,TRUE,S1,
2189,Emacs,emacs11,5,11-23,Yes,4,4,4,4,TRUE,FALSE,TRUE,FALSE,FALSE,S1,
2197,Emacs,emacs11,5,NA,Yes,3,3,3,3,TRUE,FALSE,TRUE,FALSE,TRUE,S1,
2205,Emacs,emacs11,5,NA,"No, because",3,3,3,3,TRUE,FALSE,TRUE,FALSE,TRUE,S1,
2251,Emacs,emacs11,5,11-23,Yes,3,2,2,2,TRUE,FALSE,TRUE,FALSE,TRUE,S1,
2254,Emacs,emacs11,5,"13,18",Yes,3,3,2,3,TRUE,FALSE,TRUE,FALSE,TRUE,S1,
2255,Emacs,emacs11,5,1,Yes,3,3,3,3,TRUE,TRUE,NA,TRUE,NA,S1,
2261,Emacs,emacs11,5,NA,Yes,3,3,3,3,TRUE,FALSE,TRUE,FALSE,FALSE,S1,
2263,Emacs,emacs11,5,"13,21",Yes,3,3,2,2,TRUE,FALSE,TRUE,FALSE,TRUE,S1,
2265,Emacs,emacs11,5,NA,"No, because",1,1,1,1,TRUE,TRUE,NA,TRUE,NA,S1,
2273,Emacs,emacs11,5,NA,Yes,2,2,2,2,TRUE,FALSE,TRUE,FALSE,TRUE,S1,
2275,Emacs,emacs11,5,NA,Yes,3,3,3,3,TRUE,FALSE,TRUE,FALSE,FALSE,S1,
2285,Emacs,emacs11,5,NA,Yes,3,3,3,3,TRUE,FALSE,TRUE,FALSE,FALSE,S1,
2295,Emacs,emacs11,5,NA,Yes,4,4,4,4,TRUE,FALSE,TRUE,FALSE,TRUE,S1,
2296,Emacs,emacs11,5,NA,"No, because",3,3,3,3,TRUE,FALSE,FALSE,FALSE,FALSE,S1,
2299,Emacs,emacs11,5,11-23,"No, because",2,2,1,1,TRUE,FALSE,TRUE,FALSE,FALSE,S1,
2302,Emacs,emacs11,5,"1, 28, 46",Yes,2,2,1,2,TRUE,FALSE,TRUE,FALSE,FALSE,S1,
2309,Emacs,emacs11,5,NA,Yes,2,2,1,2,TRUE,FALSE,TRUE,FALSE,FALSE,S1,
2310,Emacs,emacs11,5,NA,Yes,3,3,3,3,TRUE,FALSE,TRUE,FALSE,TRUE,S1,
2311,Emacs,emacs11,5,11-23,Yes,2,1,2,1,TRUE,FALSE,TRUE,FALSE,FALSE,S1,
2312,Emacs,emacs11,5,11-23,"No, because",3,3,3,2,TRUE,FALSE,TRUE,FALSE,FALSE,S1,
2316,Emacs,emacs11,5,NA,Yes,2,2,2,2,TRUE,FALSE,TRUE,FALSE,TRUE,S1,
2320,Emacs,emacs11,5,NA,Yes,3,3,3,3,TRUE,FALSE,TRUE,FALSE,FALSE,S1,
2323,Emacs,emacs11,5,12-23,"No, because",2,2,1,2,TRUE,FALSE,TRUE,FALSE,TRUE,S1,
2332,Emacs,emacs11,5,NA,Yes,3,4,4,4,TRUE,FALSE,FALSE,FALSE,FALSE,S1,
2354,Emacs,emacs11,5,NA,"No, because",4,3,4,3,TRUE,FALSE,TRUE,FALSE,TRUE,S1,
2359,Emacs,emacs11,5,NA,"No, because",3,3,3,3,TRUE,FALSE,TRUE,FALSE,FALSE,S1,
2365,Emacs,emacs11,5,NA,Yes,4,3,2,3,TRUE,FALSE,TRUE,FALSE,TRUE,S1,
2372,Emacs,emacs11,5,NA,Yes,3,3,3,3,TRUE,FALSE,TRUE,FALSE,FALSE,S1,
2377,Emacs,emacs11,5,11-25,"No, because",1,1,1,1,TRUE,FALSE,TRUE,FALSE,TRUE,S1,
2379,Emacs,emacs11,5,NA,Yes,3,3,3,3,TRUE,FALSE,TRUE,FALSE,TRUE,S1,
2386,Emacs,emacs11,5,NA,"No, because",4,4,3,3,TRUE,FALSE,TRUE,FALSE,FALSE,S1,
2411,Emacs,emacs11,5,NA,Yes,3,3,3,3,TRUE,FALSE,TRUE,FALSE,TRUE,S1,
2412,Emacs,emacs11,5,NA,Yes,3,2,3,2,TRUE,FALSE,FALSE,FALSE,FALSE,S1,
2426,Emacs,emacs11,5,NA,Yes,3,4,3,3,TRUE,FALSE,TRUE,FALSE,FALSE,S1,
2428,Emacs,emacs11,5,NA,Yes,3,3,3,3,TRUE,FALSE,TRUE,FALSE,FALSE,S1,
2429,Emacs,emacs11,5,NA,Yes,3,3,3,3,TRUE,FALSE,TRUE,FALSE,TRUE,S1,
2433,Emacs,emacs11,5,"13,18","No, because",3,1,2,2,TRUE,FALSE,TRUE,FALSE,TRUE,S1,
2446,Emacs,emacs11,5,NA,Yes,3,3,2,3,TRUE,FALSE,FALSE,FALSE,TRUE,S1,
2449,Emacs,emacs11,5,"21,22",Yes,3,2,2,3,TRUE,FALSE,TRUE,FALSE,TRUE,S1,
2477,Emacs,emacs11,5,NA,Yes,3,3,3,4,TRUE,FALSE,TRUE,FALSE,TRUE,S1,
2480,Emacs,emacs11,5,NA,Yes,3,3,3,3,TRUE,FALSE,TRUE,FALSE,TRUE,S1,
2502,Emacs,emacs11,5,NA,"No, because",3,3,3,3,TRUE,FALSE,TRUE,FALSE,FALSE,S1,
2503,Emacs,emacs11,5,NA,Yes,2,3,3,3,TRUE,FALSE,TRUE,FALSE,FALSE,S1,
2521,Emacs,emacs11,5,NA,Yes,3,2,2,2,TRUE,FALSE,FALSE,FALSE,TRUE,S1,
2533,Emacs,emacs11,5,NA,Yes,3,3,3,3,TRUE,FALSE,TRUE,FALSE,TRUE,S1,
2535,Emacs,emacs11,5,NA,Yes,4,3,3,3,TRUE,FALSE,TRUE,FALSE,TRUE,S1,
2541,Emacs,emacs11,5,NA,"No, because",3,3,3,3,TRUE,FALSE,TRUE,FALSE,TRUE,S1,
2544,Emacs,emacs11,5,NA,"No, because",3,3,3,3,TRUE,FALSE,TRUE,FALSE,FALSE,S1,
2552,Emacs,emacs11,5,NA,"No, because",3,2,1,2,TRUE,FALSE,FALSE,FALSE,TRUE,S1,
2563,Emacs,emacs11,5,12-21,"No, because",3,2,2,2,TRUE,FALSE,TRUE,FALSE,TRUE,S1,
2591,Emacs,emacs11,5,NA,Yes,3,2,4,2,TRUE,FALSE,TRUE,FALSE,TRUE,S1,
2599,Emacs,emacs11,5,11-23,Yes,3,3,3,3,TRUE,FALSE,TRUE,FALSE,TRUE,S1,
2609,Emacs,emacs11,5,NA,Yes,3,2,3,2,TRUE,FALSE,TRUE,FALSE,FALSE,S1,
2610,Emacs,emacs11,5,"12-15,17-19",Yes,2,2,3,2,TRUE,FALSE,TRUE,FALSE,TRUE,S1,
2631,Emacs,emacs11,5,"none... BTW: for question 33 to be answered correctly, acl hast to !=0",Yes,4,4,4,4,TRUE,FALSE,TRUE,FALSE,TRUE,S1,
2643,Emacs,emacs11,5,NA,Yes,2,2,2,2,TRUE,TRUE,NA,TRUE,NA,S1,
2645,Emacs,emacs11,5,21-22,Yes,3,4,3,4,TRUE,FALSE,TRUE,FALSE,TRUE,S1,
2654,Emacs,emacs11,5,NA,"No, because",3,3,2,3,TRUE,FALSE,TRUE,FALSE,TRUE,S1,
2662,Emacs,emacs11,5,NA,"No, because",3,3,2,2,TRUE,FALSE,FALSE,FALSE,TRUE,S1,
2664,Emacs,emacs11,5,NA,Yes,3,3,3,3,TRUE,FALSE,TRUE,FALSE,TRUE,S1,
2666,Emacs,emacs11,5,NA,"No, because",3,3,3,4,TRUE,FALSE,TRUE,FALSE,TRUE,S1,
