,system,example,example.position,hardLine,appropriate.yn,understand,maintain,extend,detectBugs,refactored,comprehend1.idk,comprehend1.correct,comprehend2.idk,comprehend2.correct,survey,,,,,,,
194,Vim,vim13,3,1,Yes,1,1,1,1,FALSE,FALSE,FALSE,FALSE,FALSE,S2,,,,,,,
196,Vim,vim13,3,1,Yes,1,1,1,1,FALSE,FALSE,FALSE,FALSE,FALSE,S2,,,,,,,
201,Vim,vim13,3,13-24,"No, because",2,1,2,1,FALSE,FALSE,TRUE,FALSE,FALSE,S2,,,,,,,
212,Vim,vim13,3,NA,"No, because",3,3,2,3,FALSE,FALSE,FALSE,FALSE,FALSE,S2,,,,,,,
226,Vim,vim13,3,69-78,Yes,1,1,1,1,FALSE,FALSE,FALSE,FALSE,FALSE,S2,,,,,,,
234,Vim,vim13,3,14-29,"No, because",3,4,4,4,FALSE,FALSE,FALSE,FALSE,TRUE,S2,,,,,,,
254,Vim,vim13,3,69-72,"No, because",1,1,1,1,FALSE,FALSE,TRUE,FALSE,FALSE,S2,,,,,,,
255,Vim,vim13,3,11-84,"No, because",1,1,1,1,FALSE,FALSE,FALSE,FALSE,FALSE,S2,,,,,,,
265,Vim,vim13,3,NA,"No, because",3,2,2,2,FALSE,FALSE,FALSE,FALSE,TRUE,S2,,,,,,,
279,Vim,vim13,3,NA,"No, because",2,1,1,3,FALSE,FALSE,FALSE,FALSE,FALSE,S2,,,,,,,
280,Vim,vim13,3,NA,"No, because",2,2,3,3,FALSE,FALSE,TRUE,FALSE,TRUE,S2,,,,,,,
293,Vim,vim13,3,13-29,"No, because",1,1,1,1,FALSE,FALSE,TRUE,FALSE,TRUE,S2,,,,,,,
295,Vim,vim13,3,"14,49,69","No, because",2,1,1,1,FALSE,FALSE,FALSE,FALSE,FALSE,S2,,,,,,,
300,Vim,vim13,3,"14, 16, 19, 22, 24, 25, 27, 28, 30, 51, 52, 54, 56, 57","No, because",1,1,1,1,FALSE,FALSE,TRUE,FALSE,FALSE,S2,,,,,,,
304,Vim,vim13,3,19,Yes,1,2,2,1,FALSE,FALSE,FALSE,FALSE,FALSE,S2,,,,,,,
307,Vim,vim13,3,NA,Yes,2,2,2,2,FALSE,FALSE,FALSE,FALSE,FALSE,S2,,,,,,,
309,Vim,vim13,3,NA,"No, because",2,2,2,2,FALSE,FALSE,TRUE,FALSE,FALSE,S2,,,,,,,
311,Vim,vim13,3,13-39,"No, because",1,1,1,2,FALSE,FALSE,TRUE,FALSE,TRUE,S2,,,,,,,
314,Vim,vim13,3,NA,"No, because",1,1,1,1,FALSE,FALSE,FALSE,FALSE,TRUE,S2,,,,,,,
322,Vim,vim13,3,5-84,"No, because",2,2,2,2,FALSE,FALSE,FALSE,FALSE,FALSE,S2,,,,,,,
348,Vim,vim13,3,19,"No, because",2,2,2,2,FALSE,FALSE,FALSE,FALSE,FALSE,S2,,,,,,,
352,Vim,vim13,3,13-29,"No, because",1,2,1,1,FALSE,FALSE,FALSE,FALSE,FALSE,S2,,,,,,,
361,Vim,vim13,3,5-85,"No, because",1,1,1,1,FALSE,FALSE,FALSE,FALSE,FALSE,S2,,,,,,,
371,Vim,vim13,3,69-72,"No, because",3,2,2,3,FALSE,FALSE,FALSE,FALSE,FALSE,S2,,,,,,,
373,Vim,vim13,3,69-79,"No, because",1,1,1,1,FALSE,FALSE,FALSE,FALSE,FALSE,S2,,,,,,,
388,Vim,vim13,3,1-85,"No, because",1,1,1,1,FALSE,TRUE,NA,FALSE,FALSE,S2,,,,,,,
404,Vim,vim13,3,14-29,"No, because",2,2,3,2,FALSE,FALSE,FALSE,FALSE,FALSE,S2,,,,,,,
405,Vim,vim13,3,3,"No, because",1,1,1,1,FALSE,FALSE,FALSE,FALSE,FALSE,S2,,,,,,,
413,Vim,vim13,3,"13-63,11,84","No, because",2,2,2,2,FALSE,FALSE,FALSE,FALSE,FALSE,S2,,,,,,,
418,Vim,vim13,3,NA,Yes,3,3,3,3,FALSE,FALSE,FALSE,FALSE,FALSE,S2,,,,,,,
424,Vim,vim13,3,11-80,"No, because",2,2,1,1,FALSE,FALSE,FALSE,FALSE,FALSE,S2,,,,,,,
427,Vim,vim13,3,15-23,"No, because",3,2,1,1,FALSE,FALSE,FALSE,FALSE,FALSE,S2,,,,,,,
435,Vim,vim13,3,13-63,"No, because",2,1,1,2,FALSE,FALSE,FALSE,FALSE,FALSE,S2,,,,,,,
438,Vim,vim13,3,13-63,"No, because",2,2,2,2,FALSE,TRUE,NA,FALSE,TRUE,S2,,,,,,,
450,Vim,vim13,3,NA,"No, because",1,1,1,1,FALSE,TRUE,NA,TRUE,NA,S2,,,,,,,
459,Vim,vim13,3,NA,Yes,3,4,3,4,FALSE,FALSE,TRUE,FALSE,FALSE,S2,,,,,,,
465,Vim,vim13,3,13-63,"No, because",1,1,1,2,FALSE,FALSE,TRUE,FALSE,FALSE,S2,,,,,,,
467,Vim,vim13,3,NA,"No, because",1,1,1,1,FALSE,TRUE,NA,FALSE,FALSE,S2,,,,,,,
486,Vim,vim13,3,13-80,"No, because",1,1,1,1,FALSE,TRUE,NA,TRUE,NA,S2,,,,,,,
487,Vim,vim13,3,1-85,"No, because",1,1,1,1,FALSE,TRUE,NA,TRUE,NA,S2,,,,,,,
492,Vim,vim13,3,NA,Yes,4,3,3,3,FALSE,FALSE,TRUE,FALSE,TRUE,S2,,,,,,,
493,Vim,vim13,3,13-49,"No, because",2,2,2,2,FALSE,FALSE,FALSE,FALSE,FALSE,S2,,,,,,,
494,Vim,vim13,3,NA,"No, because",1,1,1,1,FALSE,FALSE,TRUE,FALSE,TRUE,S2,,,,,,,
504,Vim,vim13,3,NA,Yes,2,3,3,3,FALSE,TRUE,NA,TRUE,NA,S2,,,,,,,
537,Vim,vim13,3,13-29,Yes,2,2,1,2,FALSE,FALSE,FALSE,FALSE,FALSE,S2,,,,,,,
538,Vim,vim13,3,NA,Yes,3,2,2,2,FALSE,FALSE,FALSE,FALSE,FALSE,S2,,,,,,,
545,Vim,vim13,3,NA,"No, because",3,3,3,3,FALSE,FALSE,FALSE,FALSE,FALSE,S2,,,,,,,
546,Vim,vim13,3,NA,"No, because",3,3,2,3,FALSE,FALSE,TRUE,FALSE,TRUE,S2,,,,,,,
550,Vim,vim13,3,11-84,"No, because",1,1,1,1,FALSE,FALSE,TRUE,TRUE,NA,S2,,,,,,,
572,Vim,vim13,3,"13,14-29,49,69-72,84","No, because",1,1,1,3,FALSE,FALSE,FALSE,FALSE,FALSE,S2,,,,,,,
574,Vim,vim13,3,NA,Yes,4,4,4,4,FALSE,FALSE,TRUE,FALSE,TRUE,S2,,,,,,,
586,Vim,vim13,3,NA,"No, because",1,1,2,1,FALSE,TRUE,NA,TRUE,NA,S2,,,,,,,
588,Vim,vim13,3,5-63,"No, because",2,1,1,1,FALSE,TRUE,NA,FALSE,TRUE,S2,,,,,,,
599,Vim,vim13,3,NA,"No, because",2,1,1,1,FALSE,FALSE,TRUE,FALSE,TRUE,S2,,,,,,,
619,Vim,vim13,3,NA,"No, because",1,1,1,1,FALSE,TRUE,NA,TRUE,NA,S2,,,,,,,
624,Vim,vim13,3,5-85,"No, because",1,1,1,1,FALSE,TRUE,NA,TRUE,NA,S2,,,,,,,
631,Vim,vim13,3,13-80,"No, because", do not use preprocessor statements if there are too many of them. Just use runtime code (if in C) and make sure the compiler has everything available to eliminate the dead parts.,1,1,1,1,FALSE,FALSE,TRUE,FALSE,TRUE,S2,,,,,,
633,Vim,vim13,3,13-20,"No, because",2,1,2,2,FALSE,FALSE,TRUE,FALSE,FALSE,S2,,,,,,,
645,Vim,vim13,3,14,16,27,51,52,74,"No, because","the understanding of the code block greatly suffers from nested preprocessor directives intervened with normal ""if"" statement condition segments","avoid nested preprocessor directives, add code comments",1,1,1,1,FALSE,FALSE,FALSE,FALSE,FALSE,S2
648,Vim,vim13,3,11-79,"No, because",1,1,1,1,FALSE,FALSE,FALSE,FALSE,FALSE,S2,,,,,,,
651,Vim,vim13,3,13-29,"No, because",1,1,1,1,FALSE,FALSE,FALSE,TRUE,NA,S2,,,,,,,
656,Vim,vim13,3,13-28,"No, because",2,2,1,1,FALSE,FALSE,TRUE,FALSE,TRUE,S2,,,,,,,
658,Vim,vim13,3,13-30,"No, because",2,2,2,2,FALSE,FALSE,FALSE,FALSE,FALSE,S2,,,,,,,
684,Vim,vim13,3,NA,"No, because",1,2,1,2,FALSE,FALSE,FALSE,FALSE,FALSE,S2,,,,,,,
693,Vim,vim13,3,NA,"No, because",2,2,2,2,FALSE,FALSE,FALSE,FALSE,FALSE,S2,,,,,,,
721,Vim,vim13,3,13-39,"No, because",2,2,1,2,FALSE,FALSE,TRUE,FALSE,TRUE,S2,,,,,,,
729,Vim,vim13,3,13-49,"No, because",1,1,1,1,FALSE,TRUE,NA,TRUE,NA,S2,,,,,,,
735,Vim,vim13,3,30-48,"No, because",2,1,1,2,FALSE,FALSE,TRUE,FALSE,FALSE,S2,,,,,,,
741,Vim,vim13,3,13-49,"No, because",2,2,2,2,FALSE,FALSE,FALSE,FALSE,FALSE,S2,,,,,,,
751,Vim,vim13,3,13-38,"No, because",1,1,1,1,FALSE,FALSE,FALSE,FALSE,FALSE,S2,,,,,,,
753,Vim,vim13,3,1-74,"No, because",1,1,1,1,FALSE,TRUE,NA,TRUE,NA,S2,,,,,,,
754,Vim,vim13,3,13-39,"No, because",1,1,2,2,FALSE,TRUE,NA,TRUE,NA,S2,,,,,,,
757,Vim,vim13,3,NA,Yes,2,2,1,2,FALSE,FALSE,FALSE,FALSE,FALSE,S2,,,,,,,
762,Vim,vim13,3,69-73,"No, because",1,1,1,1,FALSE,FALSE,FALSE,FALSE,FALSE,S2,,,,,,,
774,Vim,vim13,3,13-80,"No, because",1,1,1,1,FALSE,TRUE,NA,TRUE,NA,S2,,,,,,,
780,Vim,vim13,3,NA,"No, because",1,1,1,1,FALSE,TRUE,NA,TRUE,NA,S2,,,,,,,
785,Vim,vim13,3,1-85,"No, because",2,2,2,2,FALSE,FALSE,FALSE,TRUE,NA,S2,,,,,,,
789,Vim,vim13,3,"50-63, 69-72","No, because",1,1,1,1,FALSE,FALSE,FALSE,FALSE,FALSE,S2,,,,,,,
791,Vim,vim13,3,NA,"No, because",1,1,1,1,FALSE,TRUE,NA,TRUE,NA,S2,,,,,,,
808,Vim,vim13,3,All of it,"No, because",1,1,1,1,FALSE,FALSE,FALSE,FALSE,FALSE,S2,,,,,,,
819,Vim,vim13,3,NA,"No, because",1,1,1,1,FALSE,TRUE,NA,TRUE,NA,S2,,,,,,,
831,Vim,vim13,3,All,"No, because",1,1,1,1,FALSE,TRUE,NA,TRUE,NA,S2,,,,,,,
838,Vim,vim13,3,NA,"No, because",2,1,2,1,FALSE,FALSE,FALSE,FALSE,FALSE,S2,,,,,,,
839,Vim,vim13,3,69-72 - many parenthesis,"No, because",1,1,1,2,FALSE,FALSE,FALSE,FALSE,FALSE,S2,,,,,,,
859,Vim,vim13,3,13-29,Yes,2,2,1,2,FALSE,FALSE,FALSE,FALSE,FALSE,S2,,,,,,,
868,Vim,vim13,3,11-84,"No, because",1,1,1,1,FALSE,FALSE,FALSE,FALSE,FALSE,S2,,,,,,,
936,Vim,vim13,3,NA,Yes,3,2,3,2,FALSE,FALSE,FALSE,FALSE,FALSE,S2,,,,,,,
938,Vim,vim13,3,NA,"No, because",3,3,4,2,FALSE,TRUE,NA,TRUE,NA,S2,,,,,,,
941,Vim,vim13,3,NA,Yes,2,2,2,3,FALSE,FALSE,FALSE,FALSE,FALSE,S2,,,,,,,
943,Vim,vim13,3,13-63,"No, because",1,1,1,1,FALSE,FALSE,FALSE,FALSE,FALSE,S2,,,,,,,
944,Vim,vim13,3,NA,Yes,1,1,1,1,FALSE,FALSE,TRUE,FALSE,FALSE,S2,,,,,,,
966,Vim,vim13,3,13-49,"No, because",2,2,2,3,FALSE,FALSE,TRUE,FALSE,TRUE,S2,,,,,,,
979,Vim,vim13,3,NA,Yes,2,2,2,2,FALSE,FALSE,TRUE,FALSE,FALSE,S2,,,,,,,
987,Vim,vim13,3,14-29,"No, because",2,1,2,1,FALSE,FALSE,TRUE,FALSE,FALSE,S2,,,,,,,
1006,Vim,vim13,3,all,"No, because",1,1,1,1,FALSE,FALSE,TRUE,TRUE,NA,S2,,,,,,,
1037,Vim,vim13,3,19,"No, because",2,1,2,1,FALSE,FALSE,TRUE,FALSE,FALSE,S2,,,,,,,
1050,Vim,vim13,3,NA,Yes,2,2,2,2,FALSE,FALSE,FALSE,FALSE,FALSE,S2,,,,,,,
1067,Vim,vim13,3,all of them.,"No, because",1,1,1,1,FALSE,FALSE,FALSE,FALSE,FALSE,S2,,,,,,,
1070,Vim,vim13,3,69-73,"No, because",1,1,1,1,FALSE,FALSE,FALSE,FALSE,TRUE,S2,,,,,,,
1072,Vim,vim13,3,NA,Yes,3,3,3,3,FALSE,FALSE,TRUE,TRUE,NA,S2,,,,,,,
1080,Vim,vim13,3,14,"No, because",1,2,1,2,FALSE,FALSE,FALSE,FALSE,FALSE,S2,,,,,,,
1092,Vim,vim13,3,NA,Yes,2,2,2,2,FALSE,FALSE,FALSE,FALSE,FALSE,S2,,,,,,,
1094,Vim,vim13,3,18-20,"No, because",1,1,1,1,FALSE,FALSE,FALSE,TRUE,NA,S2,,,,,,,
1095,Vim,vim13,3,"69-72,76","No, because",2,2,2,3,FALSE,FALSE,TRUE,FALSE,FALSE,S2,,,,,,,
1140,Vim,vim13,3,lines 13-39 are generally hard to read,"No, because",2,2,2,2,FALSE,TRUE,NA,TRUE,NA,S2,,,,,,,
1155,Vim,vim13,3,NA,Yes,2,2,2,2,FALSE,FALSE,TRUE,FALSE,FALSE,S2,,,,,,,
1165,Vim,vim13,3,13-29,"No, because",1,1,1,2,FALSE,FALSE,FALSE,FALSE,FALSE,S2,,,,,,,
1172,Vim,vim13,3,11-63,"No, because",1,1,1,1,FALSE,FALSE,FALSE,FALSE,FALSE,S2,,,,,,,
1176,Vim,vim13,3,5-80,"No, because",1,1,1,2,FALSE,FALSE,FALSE,FALSE,FALSE,S2,,,,,,,
1215,Vim,vim13,3,NA,"No, because",2,2,2,2,FALSE,FALSE,FALSE,FALSE,FALSE,S2,,,,,,,
1217,Vim,vim13,3,69-72,Yes,2,1,1,1,FALSE,FALSE,FALSE,FALSE,FALSE,S2,,,,,,,
1230,Vim,vim13,3,pretty much all of them,"No, because",2,1,2,1,FALSE,FALSE,TRUE,FALSE,FALSE,S2,,,,,,,
1232,Vim,vim13,3,"69, 70, 71,72",Yes,3,3,3,3,FALSE,FALSE,FALSE,FALSE,FALSE,S2,,,,,,,
1239,Vim,vim13,3,13-80,"No, because",1,1,1,1,FALSE,TRUE,NA,FALSE,TRUE,S2,,,,,,,
1241,Vim,vim13,3,13-29,"No, because",1,1,1,2,FALSE,FALSE,FALSE,FALSE,FALSE,S2,,,,,,,
1252,Vim,vim13,3,5-63,"No, because",1,1,1,1,FALSE,TRUE,NA,TRUE,NA,S2,,,,,,,
1255,Vim,vim13,3,68-79,"No, because",2,2,2,2,FALSE,FALSE,FALSE,FALSE,FALSE,S2,,,,,,,
1272,Vim,vim13,3,18-24,"No, because",1,1,1,1,FALSE,FALSE,FALSE,FALSE,FALSE,S2,,,,,,,
1300,Vim,vim13,3,15-23,"No, because",2,2,2,2,FALSE,FALSE,TRUE,FALSE,TRUE,S2,,,,,,,
1301,Vim,vim13,3,13-23,"No, because",2,1,2,1,FALSE,FALSE,FALSE,FALSE,FALSE,S2,,,,,,,
1306,Vim,vim13,3,NA,"No, because",2,2,2,2,FALSE,FALSE,TRUE,FALSE,FALSE,S2,,,,,,,
1320,Vim,vim13,3,4-80,"No, because",1,1,1,1,FALSE,FALSE,TRUE,FALSE,TRUE,S2,,,,,,,
1325,Vim,vim13,3,14-29,"No, because",3,2,2,2,FALSE,FALSE,FALSE,FALSE,TRUE,S2,,,,,,,
1326,Vim,vim13,3,NA,"No, because",1,1,1,1,FALSE,FALSE,FALSE,FALSE,FALSE,S2,,,,,,,
1329,Vim,vim13,3,NA,"No, because",1,1,1,1,FALSE,TRUE,NA,TRUE,NA,S2,,,,,,,
1330,Vim,vim13,3,69-72,"No, because",2,2,2,2,FALSE,FALSE,TRUE,FALSE,FALSE,S2,,,,,,,
1334,Vim,vim13,3,NA,"No, because",2,2,2,2,FALSE,FALSE,FALSE,FALSE,FALSE,S2,,,,,,,
1342,Vim,vim13,3,NA,Yes,2,2,2,3,FALSE,FALSE,FALSE,FALSE,FALSE,S2,,,,,,,
1343,Vim,vim13,3,1-85,"No, because",1,1,1,1,FALSE,TRUE,NA,FALSE,FALSE,S2,,,,,,,
1344,Vim,vim13,3,NA,Yes,2,2,3,1,FALSE,FALSE,TRUE,FALSE,TRUE,S2,,,,,,,
1359,Vim,vim13,3,NA,Yes,2,2,2,2,FALSE,FALSE,FALSE,FALSE,FALSE,S2,,,,,,,
1360,Vim,vim13,3,1-85,"No, because",1,1,1,1,FALSE,TRUE,NA,TRUE,NA,S2,,,,,,,
1365,Vim,vim13,3,13-63,Yes,2,2,2,2,FALSE,FALSE,FALSE,FALSE,FALSE,S2,,,,,,,
1367,Vim,vim13,3,64-80,"No, because",2,2,2,2,FALSE,FALSE,TRUE,FALSE,FALSE,S2,,,,,,,
1369,Vim,vim13,3,0,"No, because",1,1,1,1,FALSE,TRUE,NA,TRUE,NA,S2,,,,,,,
1376,Vim,vim13,3,NA,"No, because",1,1,1,1,FALSE,TRUE,NA,TRUE,NA,S2,,,,,,,
1380,Vim,vim13,3,69-72,Yes,3,3,2,3,FALSE,FALSE,FALSE,FALSE,FALSE,S2,,,,,,,
1387,Vim,vim13,3,"13-30,50-55,68-80","No, because",2,2,2,2,FALSE,FALSE,TRUE,FALSE,TRUE,S2,,,,,,,
1391,Vim,vim13,3,1-100,"No, because",1,1,1,1,FALSE,TRUE,NA,TRUE,NA,S2,,,,,,,
1393,Vim,vim13,3,NA,Yes,1,1,1,1,FALSE,TRUE,NA,TRUE,NA,S2,,,,,,,
1395,Vim,vim13,3,NA,"No, because",2,2,2,2,FALSE,TRUE,NA,TRUE,NA,S2,,,,,,,
1401,Vim,vim13,3,13-28,"No, because",2,2,1,2,FALSE,FALSE,TRUE,FALSE,FALSE,S2,,,,,,,
1417,Vim,vim13,3,NA,"No, because",3,3,3,3,FALSE,FALSE,TRUE,FALSE,FALSE,S2,,,,,,,
1430,Vim,vim13,3,NA,Yes,2,2,2,2,FALSE,FALSE,FALSE,FALSE,FALSE,S2,,,,,,,
1448,Vim,vim13,3,"14-29, 49, 51-56","No, because",2,2,2,3,FALSE,FALSE,FALSE,FALSE,FALSE,S2,,,,,,,
1455,Vim,vim13,3,"It is very difficult to check if it depends on char_avail, as the tab number is set very low, indent is not large enough - of course, most editors have helpers for that.","No, because",1,1,1,1,FALSE,FALSE,FALSE,FALSE,FALSE,S2,,,,,,,
1507,Vim,vim13,3,NA,"No, because",2,1,2,2,FALSE,FALSE,TRUE,FALSE,FALSE,S2,,,,,,,
1510,Vim,vim13,3,"14-29, 69-73, 74-78","No, because",2,1,1,1,FALSE,FALSE,FALSE,FALSE,FALSE,S2,,,,,,,
1537,Vim,vim13,3,13-29,"No, because",2,2,1,1,FALSE,FALSE,TRUE,FALSE,TRUE,S2,,,,,,,
1631,Vim,vim13,3,NA,Yes,2,2,2,3,FALSE,FALSE,TRUE,FALSE,TRUE,S2,,,,,,,
1651,Vim,vim13,3,NA,Yes,3,3,3,3,FALSE,FALSE,TRUE,FALSE,FALSE,S2,,,,,,,
1670,Vim,vim13,3,"13-29,50-56","No, because",1,1,1,1,FALSE,FALSE,FALSE,FALSE,TRUE,S2,,,,,,,
1694,Vim,vim13,3,NA,"No, because",1,1,2,1,FALSE,FALSE,FALSE,FALSE,FALSE,S2,,,,,,,
1711,Vim,vim13,3,NA,Yes,2,2,2,2,FALSE,FALSE,FALSE,FALSE,FALSE,S2,,,,,,,
1715,Vim,vim13,3,"11-63, 68-80","No, because",1,1,1,1,FALSE,FALSE,FALSE,FALSE,FALSE,S2,,,,,,,
1717,Vim,vim13,3,NA,"No, because",1,1,1,1,FALSE,TRUE,NA,FALSE,TRUE,S2,,,,,,,
1720,Vim,vim13,3,69,Yes,2,2,2,2,FALSE,TRUE,NA,TRUE,NA,S2,,,,,,,
1721,Vim,vim13,3,NA,"No, because",2,1,1,1,FALSE,FALSE,FALSE,FALSE,FALSE,S2,,,,,,,
1731,Vim,vim13,3,14-25,"No, because",3,2,2,2,FALSE,FALSE,TRUE,FALSE,TRUE,S2,,,,,,,
1745,Vim,vim13,3,13-55,"No, because",2,2,1,1,FALSE,FALSE,FALSE,FALSE,FALSE,S2,,,,,,,
1772,Vim,vim13,3,13-29,"No, because",2,2,2,2,FALSE,FALSE,FALSE,FALSE,FALSE,S2,,,,,,,
1788,Vim,vim13,3,NA,"No, because",3,2,2,2,FALSE,FALSE,FALSE,FALSE,FALSE,S2,,,,,,,
1796,Vim,vim13,3,13-49,"No, because",2,2,2,2,FALSE,FALSE,FALSE,FALSE,FALSE,S2,,,,,,,
1802,Vim,vim13,3,NA,Yes,4,4,4,4,FALSE,FALSE,FALSE,FALSE,TRUE,S2,,,,,,,
1815,Vim,vim13,3,5-80,"No, because",1,1,1,1,FALSE,FALSE,TRUE,FALSE,FALSE,S2,,,,,,,
1816,Vim,vim13,3,10-40,"No, because",1,1,1,1,FALSE,FALSE,TRUE,TRUE,NA,S2,,,,,,,
1818,Vim,vim13,3,NA,"No, because",1,1,1,1,FALSE,TRUE,NA,TRUE,NA,S2,,,,,,,
1836,Vim,vim13,3,13-80,"No, because",1,1,1,1,FALSE,FALSE,FALSE,TRUE,NA,S2,,,,,,,
1843,Vim,vim13,3,14-29,"No, because",1,1,1,1,FALSE,FALSE,FALSE,FALSE,FALSE,S2,,,,,,,
1869,Vim,vim13,3,13-63,"No, because",2,1,1,1,FALSE,FALSE,FALSE,FALSE,FALSE,S2,,,,,,,
1877,Vim,vim13,3,NA,Yes,2,2,1,2,FALSE,FALSE,FALSE,FALSE,FALSE,S2,,,,,,,
1886,Vim,vim13,3,13-29,"No, because",2,1,2,2,FALSE,FALSE,FALSE,FALSE,FALSE,S2,,,,,,,
1913,Vim,vim13,3,1-85,Yes,1,1,1,1,FALSE,FALSE,TRUE,FALSE,FALSE,S2,,,,,,,
1919,Vim,vim13,3,NA,Yes,2,2,2,3,FALSE,FALSE,TRUE,FALSE,FALSE,S2,,,,,,,
1930,Vim,vim13,3,3-84,"No, because",1,1,1,1,FALSE,FALSE,TRUE,FALSE,FALSE,S2,,,,,,,
1938,Vim,vim13,3,11-85,"No, because",1,1,1,1,FALSE,TRUE,NA,TRUE,NA,S2,,,,,,,
1950,Vim,vim13,3,NA,"No, because",2,1,1,2,FALSE,FALSE,TRUE,FALSE,FALSE,S2,,,,,,,
1953,Vim,vim13,3,NA,"No, because",1,1,1,1,FALSE,FALSE,TRUE,FALSE,FALSE,S2,,,,,,,
1969,Vim,vim13,3,69-72,Yes,2,2,2,2,FALSE,FALSE,TRUE,FALSE,FALSE,S2,,,,,,,
1977,Vim,vim13,3,13-63,"No, because",1,1,1,1,FALSE,FALSE,TRUE,FALSE,TRUE,S2,,,,,,,
1979,Vim,vim13,3,NA,"No, because",2,2,2,2,FALSE,FALSE,FALSE,FALSE,TRUE,S2,,,,,,,
2005,Vim,vim13,3,13-49,"No, because",2,1,1,1,FALSE,FALSE,FALSE,FALSE,FALSE,S2,,,,,,,
2007,Vim,vim13,3,5-84,"No, because",1,1,1,1,FALSE,FALSE,FALSE,FALSE,FALSE,S2,,,,,,,
2011,Vim,vim13,3,13-24,"No, because",2,2,1,2,FALSE,FALSE,FALSE,FALSE,FALSE,S2,,,,,,,
2056,Vim,vim13,3,1-85,"No, because",1,1,1,1,FALSE,TRUE,NA,TRUE,NA,S2,,,,,,,
2074,Vim,vim13,3,NA,Yes,3,3,2,3,FALSE,FALSE,TRUE,FALSE,FALSE,S2,,,,,,,
2081,Vim,vim13,3,13-46,"No, because",2,2,2,2,FALSE,FALSE,TRUE,FALSE,FALSE,S2,,,,,,,
2086,Vim,vim13,3,NA,Yes,3,3,2,2,FALSE,FALSE,FALSE,FALSE,FALSE,S2,,,,,,,
2091,Vim,vim13,3,1-85,"No, because",1,1,1,1,FALSE,TRUE,NA,TRUE,NA,S2,,,,,,,
2093,Vim,vim13,3,13-29,"No, because",3,2,2,2,FALSE,FALSE,TRUE,FALSE,TRUE,S2,,,,,,,
2094,Vim,vim13,3,1-85,"No, because",1,1,1,1,FALSE,FALSE,FALSE,FALSE,FALSE,S2,,,,,,,
2111,Vim,vim13,3,NA,Yes,3,3,3,3,FALSE,FALSE,TRUE,FALSE,FALSE,S2,,,,,,,
2133,Vim,vim13,3,1-85,"No, because",2,1,2,2,FALSE,FALSE,TRUE,FALSE,FALSE,S2,,,,,,,
2156,Vim,vim13,3,13–24,"No, because",2,2,2,2,FALSE,FALSE,FALSE,FALSE,FALSE,S2,,,,,,,
2185,Vim,vim13,3,5-84,"No, because",2,1,2,1,FALSE,FALSE,FALSE,FALSE,FALSE,S2,,,,,,,
2190,Vim,vim13,3,NA,Yes,3,4,3,4,FALSE,FALSE,FALSE,FALSE,FALSE,S2,,,,,,,
2195,Vim,vim13,3,All of them,"No, because",1,1,1,1,FALSE,TRUE,NA,TRUE,NA,S2,,,,,,,
2198,Vim,vim13,3,13-63,Yes,1,2,1,2,FALSE,FALSE,FALSE,FALSE,FALSE,S2,,,,,,,
2215,Vim,vim13,3,69-72,Yes,2,2,2,2,FALSE,FALSE,TRUE,FALSE,TRUE,S2,,,,,,,
2219,Vim,vim13,3,NA,"No, because",2,2,2,2,FALSE,FALSE,TRUE,FALSE,FALSE,S2,,,,,,,
2220,Vim,vim13,3,NA,"No, because",1,1,1,1,FALSE,FALSE,FALSE,FALSE,FALSE,S2,,,,,,,
2226,Vim,vim13,3,NA,"No, because",1,1,1,1,FALSE,FALSE,FALSE,FALSE,FALSE,S2,,,,,,,
2232,Vim,vim13,3,69-72,"No, because",2,2,2,2,FALSE,FALSE,FALSE,FALSE,FALSE,S2,,,,,,,
2235,Vim,vim13,3,13-28,"No, because",1,1,1,2,FALSE,FALSE,TRUE,FALSE,TRUE,S2,,,,,,,
2248,Vim,vim13,3,NA,"No, because",1,1,1,1,FALSE,FALSE,TRUE,FALSE,FALSE,S2,,,,,,,
2249,Vim,vim13,3,69-72,Yes,2,1,1,2,FALSE,FALSE,TRUE,FALSE,TRUE,S2,,,,,,,
2252,Vim,vim13,3,"68, 80","No, because",2,1,1,1,FALSE,FALSE,FALSE,FALSE,FALSE,S2,,,,,,,
2272,Vim,vim13,3,13-38,"No, because",1,1,2,2,FALSE,FALSE,TRUE,FALSE,FALSE,S2,,,,,,,
2278,Vim,vim13,3,5-80,"No, because",1,2,1,1,FALSE,TRUE,NA,TRUE,NA,S2,,,,,,,
2279,Vim,vim13,3,13-30,"No, because",1,1,1,3,FALSE,FALSE,FALSE,FALSE,FALSE,S2,,,,,,,
2282,Vim,vim13,3,all,"No, because",1,1,1,1,FALSE,TRUE,NA,TRUE,NA,S2,,,,,,,
2283,Vim,vim13,3,"14-29,50-55","No, because",2,2,2,2,FALSE,FALSE,FALSE,FALSE,TRUE,S2,,,,,,,
2290,Vim,vim13,3,3,Yes,3,3,3,3,FALSE,FALSE,FALSE,FALSE,FALSE,S2,,,,,,,
2298,Vim,vim13,3,1-85,"No, because",2,2,2,2,FALSE,FALSE,FALSE,FALSE,FALSE,S2,,,,,,,
2300,Vim,vim13,3,NA,"No, because",1,1,1,1,FALSE,TRUE,NA,TRUE,NA,S2,,,,,,,
2301,Vim,vim13,3,13-20,"No, because",1,1,1,1,FALSE,FALSE,TRUE,FALSE,FALSE,S2,,,,,,,
2304,Vim,vim13,3,14-30,Yes,2,2,2,2,FALSE,FALSE,FALSE,FALSE,FALSE,S2,,,,,,,
2305,Vim,vim13,3,13-33,"No, because",2,2,1,1,FALSE,FALSE,FALSE,FALSE,FALSE,S2,,,,,,,
2307,Vim,vim13,3,13-28,"No, because",1,1,1,1,FALSE,FALSE,FALSE,FALSE,TRUE,S2,,,,,,,
2313,Vim,vim13,3,1-63,"No, because",1,1,1,1,FALSE,TRUE,NA,TRUE,NA,S2,,,,,,,
2314,Vim,vim13,3,NA,Yes,3,2,2,3,FALSE,FALSE,FALSE,FALSE,FALSE,S2,,,,,,,
2321,Vim,vim13,3,NA,"No, because",2,2,2,2,FALSE,FALSE,TRUE,FALSE,FALSE,S2,,,,,,,
2326,Vim,vim13,3,NA,"No, because",2,2,2,1,FALSE,FALSE,FALSE,FALSE,FALSE,S2,,,,,,,
2334,Vim,vim13,3,5-80,"No, because",1,1,1,1,FALSE,FALSE,TRUE,FALSE,FALSE,S2,,,,,,,
2341,Vim,vim13,3,"69-72, the phrasing of #21 is also difficult to comprehend as it doesn't reference need_cursor_line_redraw or  conceal_cursor_line().","No, because",1,1,1,1,FALSE,FALSE,FALSE,FALSE,FALSE,S2,,,,,,,
2345,Vim,vim13,3,13-26,"No, because",1,2,2,2,FALSE,FALSE,FALSE,FALSE,FALSE,S2,,,,,,,
2349,Vim,vim13,3,"13-29, 69-72","No, because",2,2,2,2,FALSE,FALSE,FALSE,FALSE,FALSE,S2,,,,,,,
2351,Vim,vim13,3,11-48,Yes,2,2,2,2,FALSE,FALSE,TRUE,FALSE,TRUE,S2,,,,,,,
2364,Vim,vim13,3,All.,"No, because",1,1,1,1,FALSE,TRUE,NA,TRUE,NA,S2,,,,,,,
2384,Vim,vim13,3,11-67,"No, because",1,1,1,1,FALSE,FALSE,FALSE,FALSE,TRUE,S2,,,,,,,
2395,Vim,vim13,3,1-85,"No, because",1,1,1,1,FALSE,FALSE,FALSE,FALSE,FALSE,S2,,,,,,,
2407,Vim,vim13,3,NA,Yes,3,4,3,4,FALSE,FALSE,FALSE,FALSE,FALSE,S2,,,,,,,
2432,Vim,vim13,3,13-28,"No, because",1,1,1,1,FALSE,FALSE,FALSE,FALSE,FALSE,S2,,,,,,,
2437,Vim,vim13,3,"13-49,69-72","No, because",2,1,1,1,FALSE,FALSE,TRUE,FALSE,TRUE,S2,,,,,,,
2447,Vim,vim13,3,13-63,"No, because",1,1,1,1,FALSE,FALSE,TRUE,FALSE,TRUE,S2,,,,,,,
2455,Vim,vim13,3,11-30,"No, because",1,1,1,1,FALSE,FALSE,FALSE,FALSE,TRUE,S2,,,,,,,
2475,Vim,vim13,3,13-63,"No, because",1,1,1,1,FALSE,FALSE,FALSE,FALSE,FALSE,S2,,,,,,,
2481,Vim,vim13,3,NA,Yes,3,2,3,2,FALSE,FALSE,FALSE,FALSE,FALSE,S2,,,,,,,
2500,Vim,vim13,3,14-48,"No, because",1,1,1,1,FALSE,FALSE,FALSE,FALSE,FALSE,S2,,,,,,,
2510,Vim,vim13,3,This code is just not worth my time,"No, because",1,1,1,1,FALSE,TRUE,NA,TRUE,NA,S2,,,,,,,
2519,Vim,vim13,3,13-50,"No, because",1,1,1,1,FALSE,FALSE,FALSE,FALSE,FALSE,S2,,,,,,,
2522,Vim,vim13,3,NA,"No, because",2,1,1,2,FALSE,FALSE,TRUE,FALSE,FALSE,S2,,,,,,,
2523,Vim,vim13,3,"63,84","No, because",1,1,1,1,FALSE,FALSE,TRUE,FALSE,FALSE,S2,,,,,,,
2527,Vim,vim13,3,NA,Yes,2,2,2,2,FALSE,FALSE,FALSE,FALSE,FALSE,S2,,,,,,,
2536,Vim,vim13,3,NA,Yes,3,3,3,3,FALSE,FALSE,FALSE,FALSE,TRUE,S2,,,,,,,
2537,Vim,vim13,3,13-28,"No, because",2,2,2,2,FALSE,FALSE,FALSE,FALSE,FALSE,S2,,,,,,,
2551,Vim,vim13,3,NA,"No, because",2,1,1,1,FALSE,FALSE,FALSE,FALSE,FALSE,S2,,,,,,,
2562,Vim,vim13,3,15-38,"No, because",3,2,1,2,FALSE,FALSE,TRUE,FALSE,FALSE,S2,,,,,,,
2566,Vim,vim13,3,69-72,"No, because",1,1,1,1,FALSE,FALSE,FALSE,FALSE,FALSE,S2,,,,,,,
2574,Vim,vim13,3,"68,80 (whitespace error caused interpretation confusion)",Yes,2,2,1,2,FALSE,FALSE,TRUE,FALSE,FALSE,S2,,,,,,,
2578,Vim,vim13,3,"13-29,69-72",Yes,1,1,1,1,FALSE,FALSE,FALSE,FALSE,FALSE,S2,,,,,,,
2580,Vim,vim13,3,"13-31,69-72","No, because",2,1,1,1,FALSE,FALSE,FALSE,FALSE,FALSE,S2,,,,,,,
2587,Vim,vim13,3,NA,Yes,2,3,3,3,FALSE,FALSE,TRUE,FALSE,TRUE,S2,,,,,,,
2589,Vim,vim13,3,14-29,"No, because",1,1,1,3,FALSE,FALSE,TRUE,FALSE,FALSE,S2,,,,,,,
2592,Vim,vim13,3,NA,Yes,2,2,2,2,FALSE,FALSE,FALSE,FALSE,FALSE,S2,,,,,,,
2597,Vim,vim13,3,15-28,Yes,3,2,2,2,FALSE,FALSE,FALSE,FALSE,FALSE,S2,,,,,,,
2614,Vim,vim13,3,NA,Yes,2,1,3,1,FALSE,TRUE,NA,FALSE,TRUE,S2,,,,,,,
2617,Vim,vim13,3,13-49,Yes,1,1,1,1,FALSE,FALSE,TRUE,FALSE,FALSE,S2,,,,,,,
2619,Vim,vim13,3,13-80,"No, because",1,1,1,1,FALSE,FALSE,TRUE,FALSE,FALSE,S2,,,,,,,
2635,Vim,vim13,3,NA,Yes,3,3,4,4,FALSE,FALSE,FALSE,FALSE,FALSE,S2,,,,,,,
2636,Vim,vim13,3,70-72,Yes,2,2,2,2,FALSE,FALSE,FALSE,FALSE,FALSE,S2,,,,,,,
195,Vim,vim13,3,1,Yes,1,1,1,1,TRUE,FALSE,FALSE,FALSE,FALSE,S1,,,,,,,
229,Vim,vim13,3,1-83,"No, because",1,1,1,1,TRUE,TRUE,NA,TRUE,NA,S1,,,,,,,
240,Vim,vim13,3,NA,"No, because",2,2,2,2,TRUE,FALSE,FALSE,FALSE,FALSE,S1,,,,,,,
277,Vim,vim13,3,"oh, hell no.","No, because",1,1,1,1,TRUE,TRUE,NA,TRUE,NA,S1,,,,,,,
301,Vim,vim13,3,"13,17","No, because",2,1,2,2,TRUE,FALSE,TRUE,FALSE,FALSE,S1,,,,,,,
306,Vim,vim13,3,NA,"No, because",2,1,1,1,TRUE,FALSE,TRUE,FALSE,FALSE,S1,,,,,,,
320,Vim,vim13,3,NA,Yes,2,2,2,2,TRUE,FALSE,FALSE,FALSE,FALSE,S1,,,,,,,
321,Vim,vim13,3,NA,Yes,2,2,2,2,TRUE,FALSE,FALSE,FALSE,FALSE,S1,,,,,,,
341,Vim,vim13,3,NA,Yes,2,2,2,2,TRUE,FALSE,FALSE,FALSE,FALSE,S1,,,,,,,
346,Vim,vim13,3,NA,"No, because",2,1,1,2,TRUE,FALSE,TRUE,FALSE,FALSE,S1,,,,,,,
350,Vim,vim13,3,66,Yes,1,1,1,1,TRUE,FALSE,FALSE,FALSE,FALSE,S1,,,,,,,
366,Vim,vim13,3,NA,Yes,1,1,1,1,TRUE,FALSE,TRUE,FALSE,TRUE,S1,,,,,,,
378,Vim,vim13,3,13-48,"No, because",1,1,1,1,TRUE,FALSE,FALSE,FALSE,FALSE,S1,,,,,,,
389,Vim,vim13,3,"67-70,12,82",Yes,2,2,1,2,TRUE,FALSE,FALSE,FALSE,FALSE,S1,,,,,,,
399,Vim,vim13,3,62-70,"No, because",3,3,2,3,TRUE,FALSE,TRUE,FALSE,TRUE,S1,,,,,,,
401,Vim,vim13,3,67-70,"No, because",3,1,1,1,TRUE,FALSE,TRUE,FALSE,TRUE,S1,,,,,,,
407,Vim,vim13,3,NA,"No, because",2,2,1,1,TRUE,FALSE,FALSE,FALSE,TRUE,S1,,,,,,,
410,Vim,vim13,3,76,Yes,2,2,2,3,TRUE,FALSE,FALSE,FALSE,FALSE,S1,,,,,,,
415,Vim,vim13,3,NA,"No, because",2,2,1,2,TRUE,FALSE,TRUE,FALSE,TRUE,S1,,,,,,,
422,Vim,vim13,3,NA,"No, because",2,2,2,2,TRUE,FALSE,FALSE,FALSE,FALSE,S1,,,,,,,
425,Vim,vim13,3,12-26,Yes,2,1,1,1,TRUE,FALSE,FALSE,FALSE,FALSE,S1,,,,,,,
430,Vim,vim13,3,NA,Yes,3,2,2,2,TRUE,FALSE,FALSE,FALSE,FALSE,S1,,,,,,,
437,Vim,vim13,3,1-83,"No, because",1,1,1,1,TRUE,FALSE,TRUE,FALSE,FALSE,S1,,,,,,,
461,Vim,vim13,3,NA,Yes,3,3,2,2,TRUE,FALSE,FALSE,TRUE,NA,S1,,,,,,,
463,Vim,vim13,3,NA,"No, because",1,1,1,1,TRUE,TRUE,NA,FALSE,TRUE,S1,,,,,,,
480,Vim,vim13,3,67-71,Yes,3,3,2,3,TRUE,FALSE,FALSE,FALSE,FALSE,S1,,,,,,,
495,Vim,vim13,3,49-72,"No, because",2,1,1,2,TRUE,FALSE,FALSE,FALSE,FALSE,S1,,,,,,,
502,Vim,vim13,3,NA,Yes,3,3,2,3,TRUE,FALSE,FALSE,FALSE,FALSE,S1,,,,,,,
506,Vim,vim13,3,55555,"No, because",1,2,4,3,TRUE,TRUE,NA,TRUE,NA,S1,,,,,,,
509,Vim,vim13,3,13-44,"No, because",2,2,1,1,TRUE,FALSE,FALSE,FALSE,FALSE,S1,,,,,,,
518,Vim,vim13,3,NA,Yes,3,3,2,2,TRUE,FALSE,FALSE,FALSE,FALSE,S1,,,,,,,
531,Vim,vim13,3,13-45,"No, because",2,1,1,1,TRUE,FALSE,FALSE,FALSE,FALSE,S1,,,,,,,
539,Vim,vim13,3,13-78,"No, because",2,2,2,2,TRUE,FALSE,TRUE,FALSE,FALSE,S1,,,,,,,
554,Vim,vim13,3,NA,Yes,3,2,2,2,TRUE,FALSE,FALSE,FALSE,FALSE,S1,,,,,,,
559,Vim,vim13,3,NA,"No, because",1,1,1,1,TRUE,FALSE,FALSE,FALSE,FALSE,S1,,,,,,,
564,Vim,vim13,3,NA,Yes,2,2,2,2,TRUE,FALSE,FALSE,FALSE,FALSE,S1,,,,,,,
590,Vim,vim13,3,1-83,"No, because",1,1,1,1,TRUE,TRUE,NA,FALSE,FALSE,S1,,,,,,,
592,Vim,vim13,3,50,"No, because",1,1,1,1,TRUE,FALSE,TRUE,FALSE,TRUE,S1,,,,,,,
593,Vim,vim13,3,NA,Yes,2,2,2,2,TRUE,FALSE,FALSE,FALSE,TRUE,S1,,,,,,,
598,Vim,vim13,3,67-70,"No, because",2,2,2,2,TRUE,FALSE,FALSE,FALSE,FALSE,S1,,,,,,,
601,Vim,vim13,3,NA,"No, because",2,2,2,2,TRUE,FALSE,TRUE,FALSE,FALSE,S1,,,,,,,
615,Vim,vim13,3,NA,"No, because",1,1,1,1,TRUE,FALSE,FALSE,TRUE,NA,S1,,,,,,,
626,Vim,vim13,3,1-83,"No, because",1,1,1,2,TRUE,FALSE,TRUE,TRUE,NA,S1,,,,,,,
655,Vim,vim13,3,5-78,"No, because",1,1,1,1,TRUE,FALSE,TRUE,FALSE,TRUE,S1,,,,,,,
661,Vim,vim13,3,NA,"No, because",2,2,2,2,TRUE,FALSE,FALSE,FALSE,FALSE,S1,,,,,,,
664,Vim,vim13,3,14-47,"No, because",2,2,1,1,TRUE,FALSE,FALSE,FALSE,TRUE,S1,,,,,,,
672,Vim,vim13,3,67-77,"No, because",2,1,1,1,TRUE,FALSE,TRUE,FALSE,FALSE,S1,,,,,,,
689,Vim,vim13,3,NA,Yes,3,3,3,3,TRUE,FALSE,FALSE,FALSE,TRUE,S1,,,,,,,
690,Vim,vim13,3,29-32,Yes,1,1,1,1,TRUE,FALSE,FALSE,FALSE,FALSE,S1,,,,,,,
696,Vim,vim13,3,NA,Yes,4,4,4,4,TRUE,FALSE,FALSE,FALSE,FALSE,S1,,,,,,,
699,Vim,vim13,3,1-83,"No, because",1,1,1,1,TRUE,FALSE,FALSE,FALSE,TRUE,S1,,,,,,,
701,Vim,vim13,3,67-70,"No, because",2,1,1,1,TRUE,FALSE,FALSE,FALSE,FALSE,S1,,,,,,,
702,Vim,vim13,3,most of the code,"No, because",1,1,1,1,TRUE,FALSE,FALSE,FALSE,FALSE,S1,,,,,,,
706,Vim,vim13,3,NA,Yes,4,4,4,4,TRUE,FALSE,FALSE,FALSE,FALSE,S1,,,,,,,
709,Vim,vim13,3,5-78,"No, because",1,1,1,1,TRUE,FALSE,FALSE,FALSE,FALSE,S1,,,,,,,
710,Vim,vim13,3,NA,Yes,2,2,2,2,TRUE,FALSE,FALSE,FALSE,FALSE,S1,,,,,,,
732,Vim,vim13,3,NA,Yes,2,2,2,2,TRUE,FALSE,TRUE,FALSE,TRUE,S1,,,,,,,
746,Vim,vim13,3,NA,Yes,3,2,2,2,TRUE,FALSE,TRUE,FALSE,TRUE,S1,,,,,,,
747,Vim,vim13,3,NA,"No, because",1,1,1,1,TRUE,TRUE,NA,FALSE,FALSE,S1,,,,,,,
748,Vim,vim13,3,NA,"No, because",2,1,1,1,TRUE,FALSE,TRUE,FALSE,TRUE,S1,,,,,,,
750,Vim,vim13,3,NA,"No, because",1,1,1,1,TRUE,FALSE,TRUE,TRUE,NA,S1,,,,,,,
758,Vim,vim13,3,NA,"No, because",2,1,1,1,TRUE,FALSE,TRUE,FALSE,TRUE,S1,,,,,,,
770,Vim,vim13,3,1-83,"No, because",1,1,2,2,TRUE,FALSE,TRUE,TRUE,NA,S1,,,,,,,
772,Vim,vim13,3,1-83,"No, because",1,1,1,1,TRUE,FALSE,FALSE,FALSE,FALSE,S1,,,,,,,
781,Vim,vim13,3,67-70,Yes,2,2,1,1,TRUE,FALSE,FALSE,FALSE,FALSE,S1,,,,,,,
798,Vim,vim13,3,NA,Yes,3,2,2,2,TRUE,FALSE,TRUE,FALSE,TRUE,S1,,,,,,,
800,Vim,vim13,3,NA,Yes,3,2,3,2,TRUE,FALSE,FALSE,FALSE,FALSE,S1,,,,,,,
805,Vim,vim13,3,67-70,Yes,1,1,2,1,TRUE,FALSE,FALSE,FALSE,FALSE,S1,,,,,,,
820,Vim,vim13,3,13-81,"No, because",1,1,1,1,TRUE,FALSE,TRUE,FALSE,FALSE,S1,,,,,,,
824,Vim,vim13,3,NA,Yes,2,3,2,3,TRUE,FALSE,TRUE,FALSE,TRUE,S1,,,,,,,
827,Vim,vim13,3,67-70,Yes,3,2,2,3,TRUE,FALSE,FALSE,FALSE,FALSE,S1,,,,,,,
829,Vim,vim13,3,NA,"No, because",1,2,2,1,TRUE,FALSE,FALSE,FALSE,FALSE,S1,,,,,,,
842,Vim,vim13,3,NA,Yes,3,3,2,3,TRUE,FALSE,FALSE,FALSE,FALSE,S1,,,,,,,
843,Vim,vim13,3,48,"No, because",2,2,2,2,TRUE,FALSE,FALSE,FALSE,TRUE,S1,,,,,,,
848,Vim,vim13,3,The whole snippet is quite hard to understand.,"No, because",1,1,1,1,TRUE,FALSE,FALSE,FALSE,FALSE,S1,,,,,,,
871,Vim,vim13,3,68-69,"No, because",2,2,2,3,TRUE,FALSE,TRUE,FALSE,FALSE,S1,,,,,,,
949,Vim,vim13,3,11-71,"No, because",1,1,1,1,TRUE,FALSE,FALSE,FALSE,FALSE,S1,,,,,,,
955,Vim,vim13,3,"50,68","No, because",2,2,1,1,TRUE,FALSE,FALSE,FALSE,TRUE,S1,,,,,,,
975,Vim,vim13,3,68-70,Yes,3,3,3,3,TRUE,FALSE,FALSE,FALSE,FALSE,S1,,,,,,,
978,Vim,vim13,3,NA,Yes,2,2,1,1,TRUE,FALSE,FALSE,FALSE,FALSE,S1,,,,,,,
981,Vim,vim13,3,NA,Yes,3,3,3,3,TRUE,FALSE,TRUE,FALSE,TRUE,S1,,,,,,,
986,Vim,vim13,3,NA,Yes,3,3,3,3,TRUE,FALSE,FALSE,FALSE,FALSE,S1,,,,,,,
990,Vim,vim13,3,13-48,Yes,2,1,1,1,TRUE,FALSE,FALSE,FALSE,FALSE,S1,,,,,,,
993,Vim,vim13,3,NA,Yes,2,2,2,2,TRUE,FALSE,TRUE,FALSE,TRUE,S1,,,,,,,
998,Vim,vim13,3,"17-26, 67-70","No, because",1,1,1,1,TRUE,FALSE,TRUE,FALSE,FALSE,S1,,,,,,,
1020,Vim,vim13,3,1-83,"No, because",1,1,1,1,TRUE,FALSE,FALSE,FALSE,FALSE,S1,,,,,,,
1022,Vim,vim13,3,13-48,"No, because",2,1,1,1,TRUE,FALSE,TRUE,FALSE,FALSE,S1,,,,,,,
1038,Vim,vim13,3,1-83,"No, because",2,2,1,2,TRUE,FALSE,FALSE,FALSE,FALSE,S1,,,,,,,
1043,Vim,vim13,3,67-75,"No, because",2,2,1,1,TRUE,FALSE,FALSE,FALSE,FALSE,S1,,,,,,,
1059,Vim,vim13,3,17-26,"No, because",3,2,2,3,TRUE,FALSE,FALSE,FALSE,FALSE,S1,,,,,,,
1081,Vim,vim13,3,Question 20 is ambiguous,Yes,3,3,3,3,TRUE,FALSE,FALSE,FALSE,FALSE,S1,,,,,,,
1090,Vim,vim13,3,3,Yes,3,3,3,3,TRUE,FALSE,FALSE,FALSE,FALSE,S1,,,,,,,
1100,Vim,vim13,3,13-44,"No, because",2,2,1,2,TRUE,FALSE,TRUE,FALSE,FALSE,S1,,,,,,,
1101,Vim,vim13,3,50,Yes,2,3,2,3,TRUE,FALSE,FALSE,FALSE,FALSE,S1,,,,,,,
1110,Vim,vim13,3,67-70,"No, because",2,1,1,1,TRUE,FALSE,FALSE,FALSE,FALSE,S1,,,,,,,
1111,Vim,vim13,3,67-76,"No, because",2,1,2,1,TRUE,FALSE,FALSE,FALSE,FALSE,S1,,,,,,,
1118,Vim,vim13,3,1-83,"No, because",1,2,2,1,TRUE,FALSE,FALSE,FALSE,FALSE,S1,,,,,,,
1137,Vim,vim13,3,"48, 67-70, ","No, because",1,1,1,1,TRUE,FALSE,FALSE,FALSE,FALSE,S1,,,,,,,
1159,Vim,vim13,3,1-83,"No, because",2,1,1,1,TRUE,FALSE,FALSE,FALSE,FALSE,S1,,,,,,,
1169,Vim,vim13,3,NA,"No, because",2,3,2,3,TRUE,FALSE,FALSE,FALSE,FALSE,S1,,,,,,,
1171,Vim,vim13,3,NA,"No, because",1,1,1,2,TRUE,FALSE,FALSE,FALSE,FALSE,S1,,,,,,,
1173,Vim,vim13,3,50,"No, because",3,1,1,1,TRUE,FALSE,TRUE,FALSE,FALSE,S1,,,,,,,
1181,Vim,vim13,3,13-48,"No, because",1,1,1,1,TRUE,FALSE,TRUE,FALSE,FALSE,S1,,,,,,,
1200,Vim,vim13,3,5-78,"No, because",1,1,1,1,TRUE,TRUE,NA,TRUE,NA,S1,,,,,,,
1226,Vim,vim13,3,1-83,"No, because",),1,1,1,1,TRUE,FALSE,FALSE,FALSE,TRUE,S1,,,,,,
1227,Vim,vim13,3,NA,"No, because",2,2,2,2,TRUE,FALSE,TRUE,FALSE,TRUE,S1,,,,,,,
1234,Vim,vim13,3,67-70,"No, because",2,2,2,2,TRUE,FALSE,FALSE,FALSE,FALSE,S1,,,,,,,
1240,Vim,vim13,3,67-70,"No, because",1,1,1,1,TRUE,FALSE,FALSE,FALSE,FALSE,S1,,,,,,,
1242,Vim,vim13,3,5-78,"No, because",1,1,1,1,TRUE,FALSE,TRUE,FALSE,FALSE,S1,,,,,,,
1246,Vim,vim13,3,1-83,"No, because",2,2,2,2,TRUE,FALSE,TRUE,FALSE,FALSE,S1,,,,,,,
1251,Vim,vim13,3,NA,"No, because",2,2,2,3,TRUE,FALSE,FALSE,FALSE,FALSE,S1,,,,,,,
1256,Vim,vim13,3,NA,"No, because", compile and link them conditionally.,1,1,1,2,TRUE,TRUE,NA,TRUE,NA,S1,,,,,,
1261,Vim,vim13,3,NA,"No, because",1,1,1,1,TRUE,FALSE,FALSE,FALSE,FALSE,S1,,,,,,,
1268,Vim,vim13,3,NA,"No, because",1,1,1,3,TRUE,FALSE,FALSE,FALSE,FALSE,S1,,,,,,,
1270,Vim,vim13,3,2-82,Yes,1,1,1,1,TRUE,FALSE,FALSE,FALSE,FALSE,S1,,,,,,,
1280,Vim,vim13,3,1-83,"No, because",2,2,1,1,TRUE,FALSE,FALSE,FALSE,FALSE,S1,,,,,,,
1285,Vim,vim13,3,68-69,Yes,2,2,2,2,TRUE,FALSE,FALSE,FALSE,FALSE,S1,,,,,,,
1303,Vim,vim13,3,NA,Yes,2,3,2,3,TRUE,FALSE,FALSE,FALSE,FALSE,S1,,,,,,,
1309,Vim,vim13,3,"16-27, 67-70","No, because",2,2,2,2,TRUE,FALSE,TRUE,FALSE,TRUE,S1,,,,,,,
1314,Vim,vim13,3,"16-26,49-83","No, because",1,2,1,1,TRUE,FALSE,FALSE,FALSE,FALSE,S1,,,,,,,
1322,Vim,vim13,3,67-70,Yes,2,3,2,3,TRUE,FALSE,TRUE,FALSE,TRUE,S1,,,,,,,
1324,Vim,vim13,3,13-37,"No, because",1,2,1,1,TRUE,FALSE,TRUE,FALSE,FALSE,S1,,,,,,,
1335,Vim,vim13,3,NA,Yes,2,2,1,2,TRUE,FALSE,FALSE,FALSE,FALSE,S1,,,,,,,
1345,Vim,vim13,3,"13-45,66-78","No, because",2,2,2,2,TRUE,FALSE,FALSE,FALSE,FALSE,S1,,,,,,,
1352,Vim,vim13,3,67-70,"No, because",1,2,1,1,TRUE,TRUE,NA,FALSE,FALSE,S1,,,,,,,
1355,Vim,vim13,3,13-78,Yes,2,2,2,2,TRUE,FALSE,FALSE,FALSE,FALSE,S1,,,,,,,
1357,Vim,vim13,3,all except 16-27,"No, because",1,1,1,2,TRUE,FALSE,FALSE,FALSE,FALSE,S1,,,,,,,
1373,Vim,vim13,3,NA,Yes,2,2,2,2,TRUE,FALSE,FALSE,FALSE,TRUE,S1,,,,,,,
1385,Vim,vim13,3,1-83,"No, because",2,1,2,1,TRUE,FALSE,FALSE,FALSE,TRUE,S1,,,,,,,
1390,Vim,vim13,3,"76, 1-83","No, because",2,1,1,1,TRUE,FALSE,FALSE,FALSE,FALSE,S1,,,,,,,
1406,Vim,vim13,3,NA,Yes,3,2,2,3,TRUE,FALSE,TRUE,FALSE,FALSE,S1,,,,,,,
1415,Vim,vim13,3,5-80,"No, because",1,1,1,1,TRUE,FALSE,FALSE,FALSE,FALSE,S1,,,,,,,
1421,Vim,vim13,3,NA,Yes,2,2,2,2,TRUE,FALSE,FALSE,FALSE,TRUE,S1,,,,,,,
1422,Vim,vim13,3,NA,Yes,1,2,2,2,TRUE,TRUE,NA,FALSE,FALSE,S1,,,,,,,
1459,Vim,vim13,3,5-82,"No, because",1,1,1,1,TRUE,FALSE,FALSE,FALSE,FALSE,S1,,,,,,,
1512,Vim,vim13,3,NA,Yes,2,3,4,3,TRUE,FALSE,TRUE,FALSE,FALSE,S1,,,,,,,
1542,Vim,vim13,3,NA,Yes,3,3,3,3,TRUE,FALSE,FALSE,FALSE,FALSE,S1,,,,,,,
1547,Vim,vim13,3,49-53,"No, because",1,1,1,1,TRUE,FALSE,TRUE,FALSE,FALSE,S1,,,,,,,
1560,Vim,vim13,3,NA,"No, because",2,1,1,1,TRUE,FALSE,FALSE,FALSE,FALSE,S1,,,,,,,
1588,Vim,vim13,3,NA,"No, because",1,1,1,1,TRUE,FALSE,FALSE,FALSE,FALSE,S1,,,,,,,
1595,Vim,vim13,3,67-71,"No, because",2,2,2,2,TRUE,FALSE,TRUE,FALSE,FALSE,S1,,,,,,,
1597,Vim,vim13,3,66-77,"No, because",1,1,1,1,TRUE,FALSE,TRUE,FALSE,FALSE,S1,,,,,,,
1665,Vim,vim13,3,NA,"No, because",3,2,2,2,TRUE,FALSE,FALSE,FALSE,FALSE,S1,,,,,,,
1675,Vim,vim13,3,1-61,"No, because",2,2,1,2,TRUE,FALSE,FALSE,FALSE,FALSE,S1,,,,,,,
1679,Vim,vim13,3,13-44,Yes,2,2,2,2,TRUE,FALSE,FALSE,FALSE,FALSE,S1,,,,,,,
1687,Vim,vim13,3,NA,"No, because",2,1,1,1,TRUE,FALSE,FALSE,FALSE,FALSE,S1,,,,,,,
1688,Vim,vim13,3,1-78,"No, because",1,1,1,1,TRUE,TRUE,NA,FALSE,FALSE,S1,,,,,,,
1704,Vim,vim13,3,NA,"No, because",2,1,1,1,TRUE,FALSE,FALSE,FALSE,FALSE,S1,,,,,,,
1723,Vim,vim13,3,NA,"No, because",1,1,1,1,TRUE,FALSE,TRUE,FALSE,FALSE,S1,,,,,,,
1726,Vim,vim13,3,NA,Yes,3,2,1,2,TRUE,FALSE,TRUE,FALSE,FALSE,S1,,,,,,,
1758,Vim,vim13,3,NA,"No, because",1,1,1,1,TRUE,TRUE,NA,TRUE,NA,S1,,,,,,,
1767,Vim,vim13,3,"11-48,67-71","No, because",1,1,1,1,TRUE,FALSE,FALSE,FALSE,FALSE,S1,,,,,,,
1771,Vim,vim13,3,NA,"No, because",2,2,2,2,TRUE,FALSE,TRUE,FALSE,FALSE,S1,,,,,,,
1775,Vim,vim13,3,"11: should be ""if (char_avail ()) return;"", opening braces should be at the same line of if/else, closing braces should indent",Yes,2,2,1,2,TRUE,FALSE,FALSE,FALSE,FALSE,S1,,,,,,,
1787,Vim,vim13,3,72,"No, because",1,2,1,2,TRUE,TRUE,NA,FALSE,FALSE,S1,,,,,,,
1792,Vim,vim13,3,NA,Yes,3,3,2,3,TRUE,FALSE,TRUE,FALSE,TRUE,S1,,,,,,,
1797,Vim,vim13,3,5-78,"No, because",1,1,1,1,TRUE,TRUE,NA,FALSE,FALSE,S1,,,,,,,
1824,Vim,vim13,3,NA,Yes,3,3,3,3,TRUE,FALSE,TRUE,FALSE,FALSE,S1,,,,,,,
1833,Vim,vim13,3,NA,"No, because",2,1,1,1,TRUE,FALSE,TRUE,FALSE,FALSE,S1,,,,,,,
1844,Vim,vim13,3,"frankly, I didn't even try to understand this function. Waste of time.","No, because",1,1,1,1,TRUE,TRUE,NA,TRUE,NA,S1,,,,,,,
1861,Vim,vim13,3,5-78,"No, because",1,1,1,1,TRUE,TRUE,NA,FALSE,FALSE,S1,,,,,,,
1864,Vim,vim13,3,13-78,"No, because",3,2,1,2,TRUE,TRUE,NA,TRUE,NA,S1,,,,,,,
1866,Vim,vim13,3,66,Yes,1,1,1,1,TRUE,FALSE,FALSE,FALSE,TRUE,S1,,,,,,,
1868,Vim,vim13,3,13-48,"No, because",2,2,2,2,TRUE,FALSE,FALSE,FALSE,FALSE,S1,,,,,,,
1878,Vim,vim13,3,5-78,"No, because",Seperate functions.,1,1,1,1,TRUE,TRUE,NA,TRUE,NA,S1,,,,,,
1883,Vim,vim13,3,most,"No, because",1,1,1,1,TRUE,FALSE,TRUE,FALSE,FALSE,S1,,,,,,,
1911,Vim,vim13,3,13-78,"No, because",1,1,1,1,TRUE,FALSE,FALSE,TRUE,NA,S1,,,,,,,
1923,Vim,vim13,3,NA,Yes,2,2,2,3,TRUE,FALSE,FALSE,FALSE,FALSE,S1,,,,,,,
1944,Vim,vim13,3,NA,"No, because",3,2,2,2,TRUE,FALSE,TRUE,FALSE,TRUE,S1,,,,,,,
1962,Vim,vim13,3,"30-31, 62-63","No, because",2,1,1,1,TRUE,FALSE,FALSE,FALSE,FALSE,S1,,,,,,,
1976,Vim,vim13,3,NA,"No, because",2,2,2,2,TRUE,FALSE,FALSE,FALSE,FALSE,S1,,,,,,,
1995,Vim,vim13,3,67,"No, because",1,1,1,1,TRUE,FALSE,TRUE,FALSE,FALSE,S1,,,,,,,
2032,Vim,vim13,3,67-76,"No, because",1,1,1,1,TRUE,FALSE,FALSE,FALSE,FALSE,S1,,,,,,,
2034,Vim,vim13,3,NA,"No, because",3,3,2,3,TRUE,FALSE,TRUE,FALSE,FALSE,S1,,,,,,,
2051,Vim,vim13,3,67-69,Yes,3,3,3,3,TRUE,FALSE,TRUE,FALSE,TRUE,S1,,,,,,,
2052,Vim,vim13,3,NA,Yes,2,1,1,1,TRUE,FALSE,FALSE,FALSE,FALSE,S1,,,,,,,
2053,Vim,vim13,3,NA,Yes,2,2,2,3,TRUE,FALSE,FALSE,FALSE,FALSE,S1,,,,,,,
2058,Vim,vim13,3,67-70,"No, because",2,2,2,2,TRUE,FALSE,FALSE,FALSE,FALSE,S1,,,,,,,
2061,Vim,vim13,3,3,"No, because",1,1,1,1,TRUE,FALSE,FALSE,FALSE,FALSE,S1,,,,,,,
2062,Vim,vim13,3,NA,Yes,2,2,2,2,TRUE,FALSE,TRUE,FALSE,FALSE,S1,,,,,,,
2076,Vim,vim13,3,11-81,"No, because",1,1,1,1,TRUE,TRUE,NA,TRUE,NA,S1,,,,,,,
2079,Vim,vim13,3,1-83,"No, because",1,1,1,1,TRUE,FALSE,TRUE,FALSE,FALSE,S1,,,,,,,
2080,Vim,vim13,3,49-53,"No, because",1,1,1,2,TRUE,FALSE,FALSE,FALSE,FALSE,S1,,,,,,,
2082,Vim,vim13,3,NA,Yes,2,2,2,2,TRUE,TRUE,NA,TRUE,NA,S1,,,,,,,
2083,Vim,vim13,3,NA,Yes,2,2,2,2,TRUE,FALSE,FALSE,FALSE,TRUE,S1,,,,,,,
2087,Vim,vim13,3,67-77,"No, because",1,1,1,1,TRUE,FALSE,FALSE,FALSE,FALSE,S1,,,,,,,
2113,Vim,vim13,3,"72,73",Yes,2,1,1,1,TRUE,FALSE,FALSE,FALSE,TRUE,S1,,,,,,,
2124,Vim,vim13,3,NA,"No, because",2,2,2,3,TRUE,FALSE,TRUE,FALSE,FALSE,S1,,,,,,,
2129,Vim,vim13,3,NA,Yes,2,2,1,2,TRUE,FALSE,TRUE,FALSE,FALSE,S1,,,,,,,
2132,Vim,vim13,3,13-48,"No, because",1,1,1,1,TRUE,FALSE,TRUE,FALSE,FALSE,S1,,,,,,,
2134,Vim,vim13,3,NA,"No, because",2,2,2,2,TRUE,FALSE,TRUE,FALSE,FALSE,S1,,,,,,,
2145,Vim,vim13,3,NA,Yes,2,2,3,3,TRUE,FALSE,FALSE,FALSE,FALSE,S1,,,,,,,
2152,Vim,vim13,3,NA,Yes,2,2,2,3,TRUE,FALSE,FALSE,FALSE,FALSE,S1,,,,,,,
2157,Vim,vim13,3,1-83,"No, because",1,1,1,1,TRUE,TRUE,NA,TRUE,NA,S1,,,,,,,
2158,Vim,vim13,3,"13, 29-32","No, because",2,2,1,1,TRUE,FALSE,TRUE,FALSE,TRUE,S1,,,,,,,
2176,Vim,vim13,3,1-83,"No, because",1,2,1,2,TRUE,FALSE,TRUE,FALSE,TRUE,S1,,,,,,,
2183,Vim,vim13,3,all of them :(,"No, because",1,1,1,1,TRUE,FALSE,FALSE,FALSE,FALSE,S1,,,,,,,
2186,Vim,vim13,3,NA,Yes,3,3,2,3,TRUE,FALSE,TRUE,FALSE,FALSE,S1,,,,,,,
2188,Vim,vim13,3,NA,"No, because",2,1,2,1,TRUE,FALSE,FALSE,FALSE,FALSE,S1,,,,,,,
2189,Vim,vim13,3,67-70,"No, because",1,1,1,1,TRUE,FALSE,FALSE,FALSE,FALSE,S1,,,,,,,
2197,Vim,vim13,3,49-65,Yes,2,2,2,1,TRUE,FALSE,TRUE,FALSE,TRUE,S1,,,,,,,
2205,Vim,vim13,3,NA,"No, because",1,1,1,1,TRUE,FALSE,TRUE,FALSE,TRUE,S1,,,,,,,
2251,Vim,vim13,3,50,"No, because",1,1,1,1,TRUE,FALSE,FALSE,FALSE,FALSE,S1,,,,,,,
2254,Vim,vim13,3,"3,",Yes,2,1,1,1,TRUE,FALSE,FALSE,FALSE,FALSE,S1,,,,,,,
2255,Vim,vim13,3,NA,Yes,3,3,3,3,TRUE,TRUE,NA,TRUE,NA,S1,,,,,,,
2261,Vim,vim13,3,NA,Yes,2,2,2,2,TRUE,FALSE,FALSE,FALSE,FALSE,S1,,,,,,,
2263,Vim,vim13,3,67-75,"No, because",2,2,2,1,TRUE,FALSE,FALSE,FALSE,FALSE,S1,,,,,,,
2265,Vim,vim13,3,1-83,"No, because",1,1,1,1,TRUE,FALSE,TRUE,FALSE,TRUE,S1,,,,,,,
2273,Vim,vim13,3,NA,Yes,1,1,1,1,TRUE,FALSE,FALSE,FALSE,FALSE,S1,,,,,,,
2275,Vim,vim13,3,NA,Yes,3,3,3,3,TRUE,FALSE,FALSE,FALSE,FALSE,S1,,,,,,,
2285,Vim,vim13,3,"Unclear, impossible to answer",Yes,2,2,2,3,TRUE,FALSE,FALSE,FALSE,FALSE,S1,,,,,,,
2295,Vim,vim13,3,NA,Yes,4,3,3,3,TRUE,FALSE,FALSE,FALSE,FALSE,S1,,,,,,,
2296,Vim,vim13,3,13-48,"No, because",1,1,1,1,TRUE,TRUE,NA,TRUE,NA,S1,,,,,,,
2299,Vim,vim13,3,13-78,"No, because",1,1,1,1,TRUE,FALSE,FALSE,FALSE,FALSE,S1,,,,,,,
2302,Vim,vim13,3,11-82,"No, because",1,1,1,1,TRUE,TRUE,NA,TRUE,NA,S1,,,,,,,
2309,Vim,vim13,3,67-77,"No, because",2,1,1,1,TRUE,FALSE,FALSE,FALSE,FALSE,S1,,,,,,,
2310,Vim,vim13,3,NA,"No, because",1,1,1,1,TRUE,FALSE,TRUE,FALSE,TRUE,S1,,,,,,,
2311,Vim,vim13,3,13-48,"No, because",1,1,1,1,TRUE,FALSE,FALSE,FALSE,FALSE,S1,,,,,,,
2312,Vim,vim13,3,1-83,"No, because",1,1,1,1,TRUE,TRUE,NA,TRUE,NA,S1,,,,,,,
2316,Vim,vim13,3,NA,Yes,2,2,2,2,TRUE,FALSE,TRUE,FALSE,TRUE,S1,,,,,,,
2320,Vim,vim13,3,13-61,"No, because",1,1,2,2,TRUE,FALSE,TRUE,FALSE,FALSE,S1,,,,,,,
2323,Vim,vim13,3,1-83,"No, because",1,2,2,2,TRUE,FALSE,FALSE,FALSE,FALSE,S1,,,,,,,
2332,Vim,vim13,3,70-74,"No, because",2,1,1,1,TRUE,FALSE,FALSE,FALSE,FALSE,S1,,,,,,,
2354,Vim,vim13,3,NA,"No, because",3,3,2,3,TRUE,FALSE,TRUE,FALSE,FALSE,S1,,,,,,,
2359,Vim,vim13,3,NA,Yes,3,3,3,3,TRUE,FALSE,FALSE,FALSE,FALSE,S1,,,,,,,
2365,Vim,vim13,3,NA,"No, because",2,1,2,2,TRUE,FALSE,TRUE,FALSE,FALSE,S1,,,,,,,
2372,Vim,vim13,3,3,"No, because",2,2,2,2,TRUE,FALSE,FALSE,FALSE,TRUE,S1,,,,,,,
2377,Vim,vim13,3,67-70,"No, because",2,1,1,1,TRUE,FALSE,TRUE,FALSE,FALSE,S1,,,,,,,
2379,Vim,vim13,3,NA,"No, because",2,1,1,1,TRUE,FALSE,FALSE,FALSE,FALSE,S1,,,,,,,
2386,Vim,vim13,3,NA,"No, because",4,2,1,2,TRUE,FALSE,FALSE,FALSE,FALSE,S1,,,,,,,
2411,Vim,vim13,3,50,"No, because",3,3,2,3,TRUE,FALSE,FALSE,FALSE,FALSE,S1,,,,,,,
2412,Vim,vim13,3,67,Yes,2,1,3,3,TRUE,FALSE,FALSE,FALSE,FALSE,S1,,,,,,,
2426,Vim,vim13,3,"49-54,67-70","No, because",1,2,1,1,TRUE,FALSE,FALSE,FALSE,FALSE,S1,,,,,,,
2428,Vim,vim13,3,NA,Yes,1,1,1,1,TRUE,FALSE,FALSE,FALSE,TRUE,S1,,,,,,,
2429,Vim,vim13,3,1-83,"No, because",1,1,1,1,TRUE,FALSE,FALSE,FALSE,FALSE,S1,,,,,,,
2433,Vim,vim13,3,"16-26,67-72","No, because",2,2,1,2,TRUE,FALSE,TRUE,FALSE,FALSE,S1,,,,,,,
2446,Vim,vim13,3,NA,"No, because",2,1,1,2,TRUE,FALSE,TRUE,FALSE,TRUE,S1,,,,,,,
2449,Vim,vim13,3,67-70,Yes,3,2,2,3,TRUE,FALSE,TRUE,FALSE,TRUE,S1,,,,,,,
2477,Vim,vim13,3,67-70,"No, because",1,2,2,3,TRUE,FALSE,FALSE,FALSE,FALSE,S1,,,,,,,
2480,Vim,vim13,3,68-70,"No, because",2,1,1,1,TRUE,FALSE,FALSE,FALSE,FALSE,S1,,,,,,,
2502,Vim,vim13,3,50,"No, because",3,3,2,3,TRUE,FALSE,FALSE,FALSE,FALSE,S1,,,,,,,
2503,Vim,vim13,3,NA,"No, because",2,2,2,2,TRUE,FALSE,FALSE,FALSE,FALSE,S1,,,,,,,
2521,Vim,vim13,3,72,Yes,3,3,2,2,TRUE,FALSE,FALSE,FALSE,FALSE,S1,,,,,,,
2533,Vim,vim13,3,NA,"No, because",2,2,2,2,TRUE,FALSE,FALSE,FALSE,FALSE,S1,,,,,,,
2535,Vim,vim13,3,16-26,"No, because",1,1,1,1,TRUE,FALSE,FALSE,FALSE,FALSE,S1,,,,,,,
2541,Vim,vim13,3,67-70,"No, because",2,2,2,2,TRUE,FALSE,FALSE,FALSE,FALSE,S1,,,,,,,
2544,Vim,vim13,3,67-71,Yes,2,2,2,2,TRUE,FALSE,FALSE,FALSE,FALSE,S1,,,,,,,
2552,Vim,vim13,3,NA,"No, because",2,1,1,1,TRUE,FALSE,FALSE,FALSE,FALSE,S1,,,,,,,
2563,Vim,vim13,3,"1-83,66,78","No, because",1,1,1,2,TRUE,FALSE,TRUE,FALSE,FALSE,S1,,,,,,,
2591,Vim,vim13,3,66-78,"No, because",1,1,2,3,TRUE,FALSE,TRUE,FALSE,FALSE,S1,,,,,,,
2599,Vim,vim13,3,NA,"No, because",1,1,1,1,TRUE,FALSE,FALSE,FALSE,FALSE,S1,,,,,,,
2609,Vim,vim13,3,NA,"No, because",1,1,1,1,TRUE,FALSE,FALSE,FALSE,FALSE,S1,,,,,,,
2610,Vim,vim13,3,NA,"No, because",3,2,3,2,TRUE,FALSE,FALSE,FALSE,FALSE,S1,,,,,,,
2631,Vim,vim13,3,14-26,Yes,4,4,4,4,TRUE,FALSE,TRUE,FALSE,TRUE,S1,,,,,,,
2643,Vim,vim13,3,NA,Yes,2,2,2,2,TRUE,TRUE,NA,TRUE,NA,S1,,,,,,,
2645,Vim,vim13,3,70,Yes,3,2,2,3,TRUE,FALSE,TRUE,FALSE,FALSE,S1,,,,,,,
2654,Vim,vim13,3,1-83,"No, because",1,1,1,2,TRUE,FALSE,FALSE,FALSE,FALSE,S1,,,,,,,
2662,Vim,vim13,3,NA,"No, because",1,1,1,1,TRUE,FALSE,FALSE,FALSE,FALSE,S1,,,,,,,
2664,Vim,vim13,3,67-73,"No, because",2,1,1,1,TRUE,FALSE,TRUE,FALSE,FALSE,S1,,,,,,,
2666,Vim,vim13,3,16-48,"No, because",2,2,2,4,TRUE,FALSE,FALSE,FALSE,FALSE,S1,,,,,,,
