correct,Assessment,rating
0.83,Initial,1
0.58,Initial,0.7
0.94,Initial,0.9
0.76,Initial,1
0.96,Initial,0.7
0.84,Initial,0.8
0.69,Initial,0.8
0.76,Initial,0.7
0.87,Initial,0.9
0.81,Initial,0.9
0.82,Initial,0.8
0.87,Initial,0.85
0.79,Initial,0.9
0.72,Initial,0.8
0.74,Initial,0.6
0.78,Initial,0.33
0.73,Initial,0.9
0.83,Final,0.85
0.58,Final,0.75
0.94,Final,0.7
0.76,Final,1
0.96,Final,0.7
0.84,Final,0.8
0.69,Final,0.8
0.76,Final,0.7
0.87,Final,0.85
0.81,Final,0.8
0.82,Final,0.8
0.87,Final,0.75
0.79,Final,0.7
0.72,Final,0.8
0.74,Final,0.5
0.78,Final,0.33
0.73,Final,0.7
