time,level,correct
390,File,1
390,File,1
178,File,1
178,File,1
418,File,1
13,File,1
13,File,1
213,File,1
245,File,1
215,File,1
8,File,1
48,File,1
47,File,1
3,File,1
68,File,1
465,File,1
3,File,1
4,File,1
27,File,1
10,File,1
242,File,0.333333333
83,File,1
204,File,1
218,File,1
362,File,1
70,File,1
196,File,0.666666667
193,File,1
19,File,1
15,File,1
2,File,1
48,File,0.666666667
54,File,1
56,File,1
156,File,1
156,File,1
156,File,1
20,File,0.666666667
20,File,1
20,File,1
972,File,1
980,File,1
972,File,1
1085,File,1
1258,File,1
1258,File,1
390,Method,0.666666667
390,Method,0.666666667
178,Method,0.666666667
178,Method,0.333333333
418,Method,0
13,Method,0.666666667
13,Method,0.666666667
213,Method,1
245,Method,0.333333333
215,Method,0.333333333
8,Method,0.333333333
48,Method,1
47,Method,1
3,Method,1
68,Method,0.666666667
465,Method,1
3,Method,1
4,Method,0.666666667
27,Method,0.333333333
10,Method,0.333333333
242,Method,0.666666667
83,Method,0.333333333
204,Method,1
218,Method,1
362,Method,0.666666667
70,Method,1
196,Method,0
193,Method,1
19,Method,0.333333333
15,Method,1
2,Method,1
48,Method,1
54,Method,0.666666667
56,Method,0.333333333
156,Method,0.666666667
156,Method,1
156,Method,0
20,Method,1
20,Method,0.666666667
20,Method,0.666666667
972,Method,1
980,Method,0
972,Method,0
1085,Method,0.333333333
1258,Method,0.666666667
1258,Method,1
390,Overall,0.833333333
390,Overall,0.833333333
178,Overall,0.833333333
178,Overall,0.666666667
418,Overall,0.5
13,Overall,0.833333333
13,Overall,0.833333333
213,Overall,1
245,Overall,0.666666667
215,Overall,0.666666667
8,Overall,0.666666667
48,Overall,1
47,Overall,1
3,Overall,1
68,Overall,0.833333333
465,Overall,1
3,Overall,1
4,Overall,0.833333333
27,Overall,0.666666667
10,Overall,0.666666667
242,Overall,0.5
83,Overall,0.666666667
204,Overall,1
218,Overall,1
362,Overall,0.833333333
70,Overall,1
196,Overall,0.333333333
193,Overall,1
19,Overall,0.666666667
15,Overall,1
2,Overall,1
48,Overall,0.833333333
54,Overall,0.833333333
56,Overall,0.666666667
156,Overall,0.833333333
156,Overall,1
156,Overall,0.5
20,Overall,0.833333333
20,Overall,0.833333333
20,Overall,0.833333333
972,Overall,1
980,Overall,0.5
972,Overall,0.5
1085,Overall,0.666666667
1258,Overall,0.833333333
1258,Overall,1
