Aspect,Class,NormRating
Importance,Architecture,1
Importance,Code,0.95
Importance,Code,0.9
Importance,Architecture,0.85
Importance,Code,0.8
Importance,Code,0.75
Importance,Code,0.7
Importance,Code,0.65
Importance,Code,0.6
Importance,Architecture,0.55
Importance,Code,0.5
Importance,Code,0.45
Importance,Code,0.4
Importance,Meta,0.35
Importance,Code,0.3
Importance,Meta,0.25
Importance,Meta,0.2
Importance,Meta,0.15
Importance,Meta,0.1
Importance,Meta,0.05
Importance,Meta,0
Importance,Code,1
Importance,Architecture,0.928571428571429
Importance,Architecture,0.857142857142857
Importance,Architecture,0.785714285714286
Importance,Architecture,0.714285714285714
Importance,Architecture,0.642857142857143
Importance,Architecture,0.571428571428571
Importance,Architecture,0.5
Importance,Architecture,0.428571428571429
Importance,Architecture,0.357142857142857
Importance,Code,0.285714285714286
Importance,Architecture,0.214285714285714
Importance,Architecture,0.142857142857143
Importance,Meta,0.071428571428571
Importance,Meta,0
Importance,Code,1
Importance,Meta,0.9
Importance,Code,0.8
Importance,Meta,0.7
Importance,Code,0.6
Importance,Meta,0.5
Importance,Meta,0.4
Importance,Meta,0.3
Importance,Meta,0.2
Importance,Meta,0.1
Importance,Meta,0
Importance,Meta,1
Importance,Architecture,0.958333333333333
Importance,Meta,0.916666666666667
Importance,Meta,0.875
Importance,Meta,0.833333333333333
Importance,Meta,0.791666666666667
Importance,Meta,0.75
Importance,Meta,0.708333333333333
Importance,Meta,0.666666666666667
Importance,Code,0.625
Importance,Meta,0.583333333333333
Importance,Code,0.541666666666667
Importance,Meta,0.5
Importance,Meta,0.458333333333333
Importance,Meta,0.416666666666667
Importance,Meta,0.375
Importance,Meta,0.333333333333333
Importance,Meta,0.291666666666667
Importance,Meta,0.25
Importance,Meta,0.208333333333333
Importance,Meta,0.166666666666667
Importance,Meta,0.125
Importance,Meta,0.083333333333333
Importance,Meta,0.041666666666667
Importance,Meta,0
Difficulty,Architecture,1
Difficulty,Architecture,0.909090909090909
Difficulty,Code,0.818181818181818
Difficulty,Architecture,0.727272727272727
Difficulty,Code,0.636363636363636
Difficulty,Code,0.545454545454545
Difficulty,Code,0.454545454545455
Difficulty,Code,0.363636363636364
Difficulty,Architecture,0.272727272727273
Difficulty,Architecture,0.181818181818182
Difficulty,Code,0.090909090909091
Difficulty,Architecture,0
Difficulty,Architecture,1
Difficulty,Architecture,0.928571428571429
Difficulty,Architecture,0.857142857142857
Difficulty,Architecture,0.785714285714286
Difficulty,Architecture,0.714285714285714
Difficulty,Architecture,0.642857142857143
Difficulty,Architecture,0.571428571428571
Difficulty,Architecture,0.5
Difficulty,Architecture,0.428571428571429
Difficulty,Architecture,0.357142857142857
Difficulty,Code,0.285714285714286
Difficulty,Architecture,0.214285714285714
Difficulty,Meta,0.142857142857143
Difficulty,Meta,0.071428571428571
Difficulty,Code,0
