type,question,info,val
Architecture,1,Correctness,0.794117647
Architecture,2,Correctness,0.911764706
Architecture,3,Correctness,0.823529412
Architecture,4,Correctness,0.941176471
Architecture,5,Correctness,0.84375
Architecture,6,Correctness,0.794117647
Architecture,1,Importance,1
Architecture,2,Importance,0.647058824
Architecture,3,Importance,0.676470588
Architecture,4,Importance,0.911764706
Architecture,5,Importance,0.53125
Architecture,6,Importance,0.411764706
Meta,1,Correctness,0.470588235
Meta,2,Correctness,0.941176471
Meta,3,Correctness,0.970588235
Meta,4,Correctness,0.764705882
Meta,5,Correctness,0.970588235
Meta,6,Correctness,0.323529412
Meta,1,Importance,0.088235294
Meta,2,Importance,0.588235294
Meta,3,Importance,0.411764706
Meta,4,Importance,0.294117647
Meta,5,Importance,0.588235294
Meta,6,Importance,0.147058824
Code,1,Correctness,0.960784314
Code,2,Correctness,0.901960784
Code,3,Correctness,0.960784314
Code,4,Correctness,0.578431373
Code,5,Correctness,0.637254902
Code,6,Correctness,0.725490196
Code,1,Importance,0.941176471
Code,2,Importance,0.705882353
Code,3,Importance,0.735294118
Code,4,Importance,0.058823529
Code,5,Importance,0.088235294
Code,6,Importance,0.264705882
