,Erdem,1998,ASE,Sillito,2006,FSE,Ko,2007,ICSE,Fritz,2010,ICSE,LaToza,2010,ICSE,LaToza,2010,PLATEAU,Tao,2012,FSE,,Kubelka,2014,PLATEAU,Novais,2014,VEM,Smith,2015,ESEC/FSE,Al-Nayeem,2017,ICST,Sharma,2017,CHASE
Scope,,Identification,,,Identification,,,Identification,Rating,,Identification,,,,Rating,,Identification,,,Identification,Rating (2),,,Identification,,,,Rating,,Identification,,,Identification,,,,Rating
Study Type,,Newsgroup analysis,,,Observation,,,Obersvation,Survey,,Interviews,,,,Survey,,Survey,,,Survey,Survey,,,Think aloud,,,,Survey,,Think aloud,,,Survey,,,,Survey
Subjects,,-,,,25,,,17,42,,11,,,,460,,179,,,33,180,,,6,,,,42,,10,,,194,,,,27
Questions,,60,,,44,,,21,,,78,,,,12,,94,,,24,15,,,7,,,,11,,559,,,37,,,,25
Comments,,,,,,,,,Rated importance,,"Only 46 listed in the paper, website not available",,,,Rated difficulty to answer,,,,,Only 8 listed in paper,Rated difficulty to answer and importance,,,Newly identified questions (replicates Sillito 08 and Ko 07),,,,"Selected the data as sum of Software Devleopers or Both (Figure 4), rated the relevance/importance",,"Only 78 are listed as examples in the paper, website not available",,,,,,,Rated importance
Questions and categories/ratings,,,,,,,,,,,,,,,,,,,,,,,,,,,,,,,,,,,,,
,IS,Does it exist?,,FINDING,Which type represents this domain concept or this UI element or action?,,WRITING CODE,What data structures or functions can be used to implement this behavior?,0.61,WHO IS WORKING ON WHAT,Who is working on what?,,,"What are the implications of this change? (e.g., what might break)",1,DEBUGGING,How did this runtime state occur?,,,Can this change be broken into smaller discreet changes?,,,,Where is the method defined in the type hierarchy?,,,What is the impact of a change in the source code?,42,PREVENTING AND UNDERSTANDING ATTACKS,Is this a real vulnerability?,,ENVIRONMENT CHANGE,Is my server running out of resources?,,BUILD,What caused this build to break?,1
,,Does it have inputs?,,,Where in the code is the text in this error message or UI element?,,,How do I use this data structure of function?,0.71,,What are they [coworkers] working on right now?,,,How does application behavior vary in these different situations that might occur?,2,,What runtime state changed when this executed?,,,Is this change a (major) design/architectural change?,,,,What are the correct argument names of this method?,,,Which module has been recently modified?,36,,What are the possible attacks that could occur?,,,"Is my server shut down, restarted, or failing?",,,What were the most recent changes to the test that caused build failure?,8
,,Does it have outputs?,,,Where is there any code involved in the implementation of this behavior?,,,How can I coordinate this code with this other data structure or function?,0.75,,How much work [have] people done?,,,Could this method call potentially be slow in some situation I need to consider?,3,,Where was this variable last changed?,,,How does this change affect the code base’s stability and maintainability?,,,,Which abstract methods should be implemented to this type?,,,Which module has undergone more changes?,25,,Why is this a vulnerability?,,,Is any upstream service or dependent component (of my system) changed?,,,What has changed between two builds and by whom?,14
,,Does it have structure?,,,Is there a precedent or exemplar for this?,,SUBMITTING A CHANGE,Did I make any mistakes in my new code?,0.59,,"Who changed this [code], focused on person?",,,"To move this functionality (e.g., lines of code, methods, files) to here, what else needs to be moved?",4,,How is this object different from that object?,,,How does this change affect the program’s performance?,,,,What method implementation corresponds to my question?,,,When a change occurred in the source code?,31,,How can I prevent this attack?,,,Is there any network change?,,,When do I have to commit next?,16
,,Does it do anything?,,,"Is there an entity named something like this in that unit (for example in a project, package or class)?",,,Did I follow my team’s conventions?,0.41,,Who to assign a code review to? / Who has the knowledge to do the code review?,,,Is this method call now redundant or unnecessary in this situation?,5,,Why didn’t this happen?,,,How does this change affect end user experience?,,,,What is the variable’s type or what is the method’s return type?,,,Who has changed a module?,25,,How can I replicate an attack to exploit this vulnerability?,,,Are there OS-level changes on my servers?,,,Who caused this build to break?,17
,,Is it used?,,BUILDING,What are the parts of this type?,,,Which changes are part of this submission?,0.61,,What have people been working on?,,,"Across this path of calls or set of classes, where should functionality for this case be inserted?",6,,How do I debug this bug in this environment?,,,Is this change safe given the current phase in product lifecycle?,,,,Is this entity or feature tested?,,,Who has more impact in a given module?,15,,What is the problem (potential attack)?,,MONITORING DATA,Is there any latency spike in my system?,,,Who changed the test case which caused this build to fail?,21
,,Does it have a goal?,,,Which types is this type a part of?,,TRIAGING BUGS,Is this a legitimate problem?,0.49,,Which code reviews have been assigned to which person?,,,"When investigating some application feature or functionality, how is it implemented?",7,,In what circumstances does this bug occur?,,,Does this change introduce security bugs by over/under encoding?,,,,Do the test cases pass?,,,How much work has someone performed in some module?,8,UNDERSTANDING ALTERNATIVE FIXES AND APPROACHES,Does the alternative function the same as what I’m currently using?,,,Is there any alert related to my system?,,CODE/PEOPLE,Which other file changes affect the code that I am working on currently?,2
,,Does it have requirements?,,,Where does this type fit in the type hierarchy?,,,How difficult will this problem be to fix?,0.41,CHANGES TO THE CODE,What is the evolution of the code?,,,In what situations is this method called?,8,,Which team’s component caused this bug?,,,Which documentation is linked to this code change?,,,,,,,Where particular person has worked?,12,,What are the alternatives for fixing this?,,,Is there any alerting condition change?,,,Who is working on the same file as I am?,3
,,Does it satisfy anything?,,,Does this type have any siblings in the type hierarchy?,,,Is the problem worth fixing?,0.44,,Why were they [these changes] introduced?,,,What is the correct way to use or access this data structure?,9,IMPLEMENTING,"How do I implement this, given this constraint?",,,,,,,,,,"For a given module, what are the changes that affected it?",34,,Are there other considerations to make when using the alternative(s)?,,,What does the latency timeseries data look like?,,,Who is working on code that depends-on/uses the classes I am going to change?,4
,,Does it have context?,,,Where is this field declared in the type hierarchy?,,REPRODUCING A FAILURE,What does the failure look like?,0.88,,Who made a particular change and why?,,,How is control getting (from that method) to this method?,10,,Which function or object should I pick?,,,,Importance,Difficulty,,,,,What was the reason behind the changes made in a given module?,29,,How does my code compare to the alternative code in the example I found?,,,Is there any correlation between monitoring data from different sources?,,,Who changed a particular file?,18
,WHAT,What is it?,,,Who implements this interface or these abstract methods?,,,In what situations does this failure occur?,0.8,,What classes has my team been working on?,,,What parts of this data structure are accessed in this code?,11,,What’s the best design for implementing this?,,REASONING AND ASSESSING THE CHANGES,What is the rationale behind this code change?,1,15,,,,,How was the process of changing a module?,27,,Why should I use this alternative method/approach to fix the vul-nerability?,,SOURCE CODE,Is there any new user of this piece of code?,,,Who is working on what (classes/files)?,22
,,What are the inputs?,,,Where is this method called or type referenced?,,UNDERSTANDING EXECUTION BEHAVIOR,What code could have caused this behavior?,0.73,,What are the changes on newly resolved work items related to me?,,,How are instances of these classes or data structures created and assembled?,12,POLICIES,What is the policy for doing this?,,,Is this change complete? Did it miss any place that should also be changed at the same time?,5,4,,,,,,,ASSESSING THE APPLICATION OF THE FIX,Will the notification go away when I apply this fix?,,,Is there any new release containing my code?,,,Which file are my co-workers working on right now?,23
,,What are its outputs?,,,When during the execution is this method called?,,,What’s statically related to this code?,0.66,,Who is working on the same classes as I am and for which work item?,,,,,,Is this the correct policy for doing this?,,,Is this change correct? Does it work as expected?,2,10,,,,,,,,How do I use this fix in my code?,,,Is there any new code I need to pay attention to?,,,Who originally created the code file I am going to change?,25
,,What is its structure?,,,Where are instances of this class created?,,,What code caused this program state?,0.9,,What has changed between two builds [and] who has changed it?,,,,,,How is the allocation lifetime of this object maintained?,,,"Does this change introduce poor design, or break the current design? How?",4,8,,,,,,,,How do I fix this vulnerability?,,BINARY,Is my running binary failing or crashing?,,GUIDANCE,Whom to talk to if you are having problems with a third party code/library?,5
,,What does it do?,,,Where is this variable or data structure being accessed?,,REASONING ABOUT DESIGN,What is the purpose of this code?,0.56,,Who has made changes to my classes?,,,,,RATIONALE,Why was it done this way?,,,Does this change introduce code clones? How?,13,5,,,,,,,,How hard is it to apply a fix to this code?,,,Is there any resource utilization change in my running binaries?,,,Whom to talk to regarding a particular project code file?,7
,,What uses it?,,,What data can we access from this object?,,,What is the program supposed to do?,0.93,,Who is using that API [that I am about to change]?,,,,,,Why wasn’t it done this other way?,,,How does this change alter the program’s dynamic behavior?,10,3,,,,,,,,Is there a quick fix for automatically applying a fix?,,,What server binary version has been deployed?,,,Which sites/documents/kx-reference do I refer regarding a topic/coding problem?,11
,,What is its goal?,,,What does the declaration or definition of this look like?,,,Why was this code implemented this way?,0.61,,Who created the API [that I am about to change]?,,,,,,"Was this intentional, accidental, or a hack?",,EXPLORING THE CONTEXT AND IMPACT OF THE CHANGE,Who references the changed classes/methods/fields?,9,12,,,,,,,,Will the code work the same after I apply the fix?,,,Are there any errors in the log?,,,What trainings are available regarding a topic/problem I am facing?,15
,,What does it require?,,,What are the arguments to this function?,,,What are the implications of this change?,0.85,,Who owns this piece of code? / Who modified it the latest?,,,,,,How did this ever work?,,,How does the caller method adapt to the change of its callees?,11,11,,,,,,,,What other changes do I need to make to apply this fix?,,,What is the running status of my binary?,,QUALITY,How many new quality issues did I inject/cause?,6
,,What does it satisfy?,,,What are the values of these arguments at runtime?,,MAINTAINING AWARENESS,How have resources I depend on changed?,0.41,,Who owns this piece of code? / Who modified it most?,,,,,HISTORY,"When, how, by whom, and why was this code changed or inserted?",,,Does this change break any code elsewhere? How?,3,2,,,,,,,RELATIONSHIP BETWEEN VULNERABILITIES,Are all the vulnerabilities related in my code?,,,Should this binary be re-built?,,,How frequently do I imporve code quality?,9
,,What is its context?,,,What data is being modified in this code?,,,What have my coworkers been doing?,0.17,,Who to talk to if you have to work with packages you haven’t worked with?,,,,,,What else changed when this code was changed or inserted?,,,Are there any other places that need similar changes?,6,1,,,,,,,,Does this other piece code have the same vulnerability as the code I’m working with?,,CONFIGURATION,Is there any relevant conﬁguration change?,,,What are hidden (correlated) code issues that may be affecting quality?,10
,HOW,How does it work?,,UNDERSTANDING,How are instances of these types created and assembled?,,,What information was relevant to my task?,0.59,,What classes have been changed?,,,,,,How has it changed over time?,,,Which test cases should be run to verify this change?,7,9,,,,,,,LOCATING INFORMATION,Where is this used in the code?,,,Is there any conﬁguration change to build ﬁle?,,TEST,What are hidden (correlated) code issues that may be affecting test coverage?,12
,,How are the inputs processed?,,,How are these types or objects related? (whole-part),,,,,,[Which] API has changed (to see which methods are not supported any more)?,,,,,,Has this code always been this way?,,,Is any additional test case needed to cover this change?,8,7,,,,,,,,Where are other similar pieces of code?,,DOCUMENTATION,Are there any links to solve my problem?,,,How much test coverage did I increase/decrease?,13
,,How are the outpust processed?,,,"How is this feature or concern (object ownership, UI control, etc) implemented?",,,,,,What’s the most popular class? [Which class has been changed most?] ,,,,,,What recent changes have been made?,,,Which part of the change may cause the test case(s) to fail?,12,6,,,,,,,,Where is this method defined?,,,Are there any tools I can use?,,,How frequently do I imporve test coverage?,19
,,How is it structured?,,,What in this structure distinguishes these cases?,,,,,,Which other code that I worked on uses this code pattern / utility function?,,,,,,Have changes in another branch been integrated into this branch?,,EVALUATING THE CHANGE HISTORY,Is this changed location a hotspot for past changes? How many times has this location been changed?,15,14,,,,,,,CONTROL FLOW AND CALL INFORMATION,Where is the method being called?,,,Are there any tips for doing X?,,,Who changed a test case I owned/originally created?,20
,,How does it do it?,,,What is the behavior these types provide together and how is it distributed over the types?,,,,,,Which code has recently changed that is related to me?,,,,,IMPLICATIONS,"What are the implications of this change for API clients, security, concurrency, performance, platforms, tests, or obfuscation?",,,Is this changed location a hotspot for past bug-fixes? How many times has this location been fixed?,14,13,,,,,,,,How can I get calling information?,,,Is there a centralized place to ﬁnd all data?,,,Who owns/originally-created a test case?,24
,,How is it used?,,,What is the “correct” way to use or access this data structure?,,,,,,How do recently delivered changes affect changes that I am working on?,,,,,REFACTORING,Is there functionality or code that could be refactored?,,,,,,,,,,,,,Who can call this?,,BUGS,Are there any bugs related to this bug?,,,,
,,How does the goal arise?,,,How does this data structure look at runtime?,,,,,,What code is related to a change?,,,,,,Is the existing design a good design?,,,,,,,,,,,,,Are all calls coming from the same class?,,,Which bugs should I work on?,,,,
,,How can the requirements be met?,,,How can data be passed to (or accessed at) this point in the code?,,,,,WORK ITEM PROGRESS,What is the recent activity on a plan item?,,,,,,Is it possible to refactor this?,,,,,,,,,,,,,What gets called when this method gets called?,,,Are there any new bugs related to my binaries?,,,,
,,How are the conditions satisfied?,,,How is control getting (from here to) here?,,,,,,Which features and functions have been changing?,,,,,,How can I refactor this without breaking existing users?,,,,,,,,,,,,DATA STORAGE AND FLOW,Where does this information/data go?,,PEOPLE,What do other people’s dashboards look like?,,,,
,,How does it interact with its context?,,,Why isn’t control reaching this point in the code?,,,,,,Has progress been made on blockers (blocking work items) in your milestone?,,,,,,Should I refactor this?,,,,,,,,,,,,,Where is the data coming from?,,,Who may know more about this issue?,,,,
,WHY,Why is it necessary?,,,Which execution path is being taken in this case?,,,,,,Is progress (changes) being made on plan items?,,,,,,Are the benefits of this refactoring worth the time investment?,,,,,,,,,,,,,How is data put into this variable?,,,Who is working on similar issues?,,,,
,,Why are the inputs necessary?,,,Under what circumstances is this method called or exception thrown?,,,,,BROKEN BUILDS,What caused this build to break?,,,,,TESTING,Is this code correct?,,,,,,,,,,,,,Does data from this method/code travel to the database?,,,Are there any dependent people on leave?,,,,
,,Why are the outputs necessary?,,,What parts of this data structure are accessed in this code?,,,,,,(Which change caused the stack trace?) Who caused this build to break?,,,,,,How can I test this code or functionality?,,,,,,,,,,,,,How do I find where the information travels?,,,Who are the oncall engineers for this component?,,,,
,,Why is it structured?,,QUESTIONS,How does the system behavior vary over these types or cases?,,,,,,(Who owns the broken tests?) Who changed the test case most recently that caused the build to fail?,,,,,,Is this tested?,,,,,,,,,,,,,How does the information change as it travels through the programs?,,EMAIL,Which emails are the most relevant ones to X?,,,,
,,Why does it do it?,,,What are the differences between these files or types?,,,,,,Which changes caused the tests to fail and thus the build to break?,,,,,,Is the test or code responsible for this test failure?,,,,,,,,,,,,CODE BACKGROUND AND FUNCTIONALITY,What does this code do?,,,"How to ﬁnd emails (e.g., announcements) from certain groups?",,,,
,,Why is it used?,,,"What is the difference between these similar parts of the code (e.g., between sets of methods)?",,,,,TEST CASES,Who owns a test case? (Who resolved the last work item that fixed the test case?) ,,,,,,"Is the documentation wrong, or is the code wrong?",,,,,,,,,,,,,Why was this code written this way?,,TESTS,Which tests are becoming ﬂaky?,,,,
,,Why is the goal necessary?,,,What is the mapping between these UI types and these model types?,,,,,,How do test cases relate to packages/classes?,,,,,BUILDING AND BRANCHING,Should I branch or code against the main branch?,,,,,,,,,,,,,Why is this code needed?,,OTHER,"Is there any external event (e.g., FIFA word cup) that may affect my system workload?",,,,
,,Why are the requirements necessary?,,,Where should this branch be inserted or how should this case be handled?,,,,,REFERENCES ON THE WEB,Which API has changed (check on web site)?,,,,,,How can I move this code to this branch?,,,,,,,,,,,,,Who wrote this code?,,,,,,,
,,Why are the satisfied conditions necessary?,,,Where in the UI should this functionality be added?,,,,,,[Is an entry] in newsgroup forum addressed to me because of the class mentioned?,,,,,,What do I need to include to build this?,,,,,,,,,,,,,Is this library code?,,,,,,,
,,Why is the context necessary?,,,To move this feature into this code what else needs to be moved?,,,,,,What is coming up next week [for my team]?,,,,,,What includes are unnecessary?,,,,,,,,,,,,,How much effort was put into this code?,,,,,,,
,WHEN,When does it exist?,,,How can we know this object has been created and initialized correctly?,,,,,,[What is my team doing?] What am I supposed to work on [plan on wiki]?,,,,,,How do I build this without doing a full build?,,,,,,,,,,,,APPLICATION CONTEXT AND USAGE,What is the context of this vulnerability/code?,,,,,,,
,,When are the inputs provided?,,,What will be (or has been) the direct impact of this change?,,,,,OTHER QUESTIONS,How is the team organized?,,,,,,Why did the build break?,,,,,,,,,,,,,Is this code used to test the program/functionality?,,,,,,,
,,When is the output received?,,,What will be the total impact of this change?,,,,,,Who has made changes to [a] defect?,,,,,,Which preprocessor definitions were active when this was built?,,,,,,,,,,,,,What is the method/variable used for in the program?,,,,,,,
,,When is it structured?,,,Will this completely solve the problem or provide the enhancement?,,,,,,Who has made comments in defect?,,,,,TEAMMATES,Who is the owner or expert for this code?,,,,,,,,,,,,,Will usage of this method change?,,,,,,,
,,When does it work?,,,,,,,,,[What is] the collaboration tree around a feature?,,,,,,How do I convince my teammates to do this the “right way”?,,,,,,,,,,,,,Is the method/variable ever being used?,,,,,,,
,,When is it used?,,,,,,,,,Which conversations in work items have I been mentioned?,,,,,,Did my teammates do this?,,,,,,,,,,,,END USER INTERACTION,Is there input coming from the user?,,,,,,,
,,When does the goal arise?,,,,,,,,,,,,,,INTENT AND IMPLEMENTATION,What is the intent of this code?,,,,,,,,,,,,,Does the user have access to this code?,,,,,,,
,,When doe the requirements arise?,,,,,,,,,,,,,,,What does this do in this case?,,,,,,,,,,,,,Does user input get validated/sanitized?,,,,,,,
,,When does the post conditions arise?,,,,,,,,,,,,,,,How does it implement this behavior?,,,,,,,,,,,,DEVELOPER PLANNING AND SELF REFLECTION,Do I understand?,,,,,,,
,,When is the context ready?,,,,,,,,,,,,,,METHOD PROPERTIES,How big is this code?,,,,,,,,,,,,,What should I do first?,,,,,,,
,WHERE,Where does it exist?,,,,,,,,,,,,,,,How overloaded are the parameters to this function?,,,,,,,,,,,,,What was that again?,,,,,,,
,,Where are the inputs?,,,,,,,,,,,,,,LOCATION,Where is this functionality implemented?,,,,,,,,,,,,,Is this worth my time?,,,,,,,
,,Where are the outputs?,,,,,,,,,,,,,,,Is this functionality already implemented?,,,,,,,,,,,,,Why do I care?,,,,,,,
,,Where is it structured?,,,,,,,,,,,,,,,Where is this defined?,,,,,,,,,,,,,Have I seen this before?,,,,,,,
,,Where does it work?,,,,,,,,,,,,,,PERFORMANCE,"What is the performance of this code on a large, real dataset?",,,,,,,,,,,,,Where am I in the code?,,,,,,,
,,Where is it used?,,,,,,,,,,,,,,,Which part of this code takes the most time?,,,,,,,,,,,,UNDERSTANDING CONCEPTS,What is this concept?,,,,,,,
,,Where does the goal arise?,,,,,,,,,,,,,,,Can this method have high stack consumption from recursion?,,,,,,,,,,,,,How does this concept work?,,,,,,,
,,Where are the requirements?,,,,,,,,,,,,,,,How big is this in memory?,,,,,,,,,,,,,What is the term for this concept?,,,,,,,
,,Where are the post conditions?,,,,,,,,,,,,,,,How many of these objects get created?,,,,,,,,,,,,CONFIRMING EXPECTATIONS,Is this doing what I expect it to?,,,,,,,
,,Where is the context?,,,,,,,,,,,,,,CONCURRENCY,What threads reach this code or data structure?,,,,,,,,,,,,RESOURCES AND DOCUMENTATION,Can my team members/resources provide me with more information?,,,,,,,
,,,,,,,,,,,,,,,,,Is this class or method thread-safe?,,,,,,,,,,,,,Where can I get more information?,,,,,,,
,,,,,,,,,,,,,,,,,What members of this class does this lock protect?,,,,,,,,,,,,,What information is in the documentation?,,,,,,,
,,,,,,,,,,,,,,,,CONTRACTS,What assumptions about preconditions does this code make?,,,,,,,,,,,,,How do resources prevent or resolve this?,,,,,,,
,,,,,,,,,,,,,,,,,What assumptions about pre/post conditions can be made?,,,,,,,,,,,,,Is this a reliable/trusted resource?,,,,,,,
,,,,,,,,,,,,,,,,,What exceptions or errors can this method generate?,,,,,,,,,,,,,What type of information does this resource link me to?,,,,,,,
,,,,,,,,,,,,,,,,,What are the constraints on or normal values of this variable?,,,,,,,,,,,,UNDERSTANDING AND INTERACTING WITH TOOLS,Why is the tool complaining?,,,,,,,
,,,,,,,,,,,,,,,,,What is the correct order for calling these methods or initializing these objects?,,,,,,,,,,,,,Can I verify the information the tool provides?,,,,,,,
,,,,,,,,,,,,,,,,,What is responsible for updating this field?,,,,,,,,,,,,,What is the tool’s confidence?,,,,,,,
,,,,,,,,,,,,,,,,CONTROL FLOW,In what situations or user scenarios is this called?,,,,,,,,,,,,,What is the tool output telling me?,,,,,,,
,,,,,,,,,,,,,,,,,What parameter values does each situation pass to this method?,,,,,,,,,,,,,What tool do I need for this?,,,,,,,
,,,,,,,,,,,,,,,,,What parameter values could lead to this case?,,,,,,,,,,,,,How can I annotate that these strings have been escaped and the tool should ignore the warning?,,,,,,,
,,,,,,,,,,,,,,,,,What are the possible actual methods called by dynamic dispatch here?,,,,,,,,,,,,VULNERABILITY SEVERITY AND RANKING,How serious is this vulnerability?,,,,,,,
,,,,,,,,,,,,,,,,,How do calls flow across process boundaries?,,,,,,,,,,,,,How do the rankings compare?,,,,,,,
,,,,,,,,,,,,,,,,,How many recursive calls happen during this operation?,,,,,,,,,,,,,What do the vulnerability rankings mean?,,,,,,,
,,,,,,,,,,,,,,,,,"Is this method or code path called frequently, or is it dead?",,,,,,,,,,,,,Are all these vulnerabilities the same severity?,,,,,,,
,,,,,,,,,,,,,,,,,What throws this exception?,,,,,,,,,,,,NOTIFICATION TEXT,What does the notification text say?,,,,,,,
,,,,,,,,,,,,,,,,,What is catching this exception?,,,,,,,,,,,,,What is the relationship between the notification text and the code?,,,,,,,
,,,,,,,,,,,,,,,,DEPENDENCIES,What depends on this code or design decision?,,,,,,,,,,,,,What code caused this notification to appear?,,,,,,,
,,,,,,,,,,,,,,,,,What does this code depend on?,,,,,,,,,,,,,,,,,,,,
,,,,,,,,,,,,,,,,DATA FLOW,What is the original source of this data?,,,,,,,,,,,,,,,,,,,,
,,,,,,,,,,,,,,,,,What code directly or indirectly uses this data?,,,,,,,,,,,,,,,,,,,,
,,,,,,,,,,,,,,,,,Where is the data referenced by this variable modified?,,,,,,,,,,,,,,,,,,,,
,,,,,,,,,,,,,,,,,Where can this global variable be changed?,,,,,,,,,,,,,,,,,,,,
,,,,,,,,,,,,,,,,,Where is this data structure used for this purpose?,,,,,,,,,,,,,,,,,,,,
,,,,,,,,,,,,,,,,,What parts of this data structure are modified by this code?,,,,,,,,,,,,,,,,,,,,
,,,,,,,,,,,,,,,,,What resources is this code using?,,,,,,,,,,,,,,,,,,,,
,,,,,,,,,,,,,,,,TYPE RELATIONSHIPS,"What are the composition, ownership, or usage relationships of this type?",,,,,,,,,,,,,,,,,,,,
,,,,,,,,,,,,,,,,,What is this type’s type hierarchy?,,,,,,,,,,,,,,,,,,,,
,,,,,,,,,,,,,,,,,What implements this interface?,,,,,,,,,,,,,,,,,,,,
,,,,,,,,,,,,,,,,,Where is this method overridden?,,,,,,,,,,,,,,,,,,,,
,,,,,,,,,,,,,,,,ARCHITECTURE,How does this code interact with libraries?,,,,,,,,,,,,,,,,,,,,
,,,,,,,,,,,,,,,,,What is the architecture of the code base?,,,,,,,,,,,,,,,,,,,,
,,,,,,,,,,,,,,,,,How is this functionality organized into layers?,,,,,,,,,,,,,,,,,,,,
,,,,,,,,,,,,,,,,,Is our API understandable and flexible?,,,,,,,,,,,,,,,,,,,,
