2007,ICSE,,2010,ICSE,,2012,FSE,,2014,VEM,,2017,CHASE,
Identification,Rating,,,Rating,,Identification,Rating (2),,,Rating,,,Rating,
Observation,Survey,,,Survey,,Survey,Survey,,,Survey,,,Survey,
17,42,,,460,,33,180,,,42,,,27,
21,,,,12,,24,15,,,11,,,25,
,Rated importance,,,Rated difficulty to answer,,Only 8 listed in paper,Rated difficulty to answer and importance,,,"Selected the data as sum of Software Devleopers or Both (Figure 4), rated the relevance/importance",,,Rated importance,
,,,,,,,,,,,,,,
What is the program supposed to do?,0.93,Architecture,"What are the implications of this change? (e.g., what might break)",1,Architecture,,Importance,,What is the impact of a change in the source code?,42,Code,What caused this build to break?,1,Meta
What code caused this program state?,0.9,Code,How does application behavior vary in these different situations that might occur?,2,Architecture,What is the rationale behind this code change?,1,Code,Which module has been recently modified?,36,Meta,Which other file changes affect the code that I am working on currently?,2,Architecture
What does the failure look like?,0.88,Code,Could this method call potentially be slow in some situation I need to consider?,3,Code,Is this change correct? Does it work as expected?,2,Architecture,"For a given module, what are the changes that affected it?",34,Code,Who is working on the same file as I am?,3,Meta
What are the implications of this change?,0.85,Architecture,"To move this functionality (e.g., lines of code, methods, files) to here, what else needs to be moved?",4,Architecture,Does this change break any code elsewhere? How?,3,Architecture,When a change occurred in the source code?,31,Meta,Who is working on code that depends-on/uses the classes I am going to change?,4,Meta
In what situations does this failure occur?,0.8,Code,Is this method call now redundant or unnecessary in this situation?,5,Code,"Does this change introduce poor design, or break the current design? How?",4,Architecture,What was the reason behind the changes made in a given module?,29,Code,Whom to talk to if you are having problems with a third party code/library?,5,Meta
How can I coordinate this code with this other data structure or function?,0.75,Code,"Across this path of calls or set of classes, where should functionality for this case be inserted?",6,Code,Is this change complete? Did it miss any place that should also be changed at the same time?,5,Architecture,How was the process of changing a module?,27,Meta,How many new quality issues did I inject/cause?,6,Meta
What code could have caused this behavior?,0.73,Code,"When investigating some application feature or functionality, how is it implemented?",7,Code,Are there any other places that need similar changes?,6,Architecture,Which module has undergone more changes?,25,Meta,Whom to talk to regarding a particular project code file?,7,Meta
How do I use this data structure of function?,0.71,Code,In what situations is this method called?,8,Code,Which test cases should be run to verify this change?,7,Architecture,Who has changed a module?,25,Meta,What were the most recent changes to the test that caused build failure?,8,Meta
What’s statically related to this code?,0.66,Code,What is the correct way to use or access this data structure?,9,Architecture,Is any additional test case needed to cover this change?,8,Architecture,Who has more impact in a given module?,15,Meta,How frequently do I imporve code quality?,9,Meta
What data structures or functions can be used to implement this behavior?,0.61,Architecture,How is control getting (from that method) to this method?,10,Architecture,Who references the changed classes/methods/fields?,9,Architecture,Where particular person has worked?,12,Meta,What are hidden (correlated) code issues that may be affecting quality?,10,Code
Which changes are part of this submission?,0.61,Code,What parts of this data structure are accessed in this code?,11,Code,How does this change alter the program’s dynamic behavior?,10,Architecture,How much work has someone performed in some module?,8,Meta,Which sites/documents/kx-reference do I refer regarding a topic/coding problem?,11,Meta
Why was this code implemented this way?,0.61,Code,How are instances of these classes or data structures created and assembled?,12,Architecture,How does the caller method adapt to the change of its callees?,11,Code,,,,What are hidden (correlated) code issues that may be affecting test coverage?,12,Code
Did I make any mistakes in my new code?,0.59,Code,,,,Which part of the change may cause the test case(s) to fail?,12,Architecture,,,,How much test coverage did I increase/decrease?,13,Meta
What information was relevant to my task?,0.59,Meta,,,,Does this change introduce code clones? How?,13,Architecture,,,,What has changed between two builds and by whom?,14,Meta
What is the purpose of this code?,0.56,Code,,,,Is this changed location a hotspot for past bug-fixes? How many times has this location been fixed?,14,Meta,,,,What trainings are available regarding a topic/problem I am facing?,15,Meta
Is this a legitimate problem?,0.49,Meta,,,,Is this changed location a hotspot for past changes? How many times has this location been changed?,15,Meta,,,,When do I have to commit next?,16,Meta
Is the problem worth fixing?,0.44,Meta,,,,,,,,,,Who caused this build to break?,17,Meta
Did I follow my team’s conventions?,0.41,Meta,,,,,Difficulty,,,,,Who changed a particular file?,18,Meta
How difficult will this problem be to fix?,0.41,Meta,,,,Are there any other places that need similar changes?,1,Architecture,,,,How frequently do I imporve test coverage?,19,Meta
How have resources I depend on changed?,0.41,Meta,,,,Does this change break any code elsewhere? How?,2,Architecture,,,,Who changed a test case I owned/originally created?,20,Meta
What have my coworkers been doing?,0.17,Meta,,,,How does this change alter the program’s dynamic behavior?,3,Architecture,,,,Who changed the test case which caused this build to fail?,21,Meta
,,,,,,Is this change complete? Did it miss any place that should also be changed at the same time?,4,Architecture,,,,Who is working on what (classes/files)?,22,Meta
,,,,,,Does this change introduce code clones? How?,5,Architecture,,,,Which file are my co-workers working on right now?,23,Meta
,,,,,,Which part of the change may cause the test case(s) to fail?,6,Architecture,,,,Who owns/originally-created a test case?,24,Meta
,,,,,,Is any additional test case needed to cover this change?,7,Architecture,,,,Who originally created the code file I am going to change?,25,Meta
,,,,,,"Does this change introduce poor design, or break the current design? How?",8,Architecture,,,,,,
,,,,,,Which test cases should be run to verify this change?,9,Architecture,,,,,,
,,,,,,Is this change correct? Does it work as expected?,10,Architecture,,,,,,
,,,,,,How does the caller method adapt to the change of its callees?,11,Code,,,,,,
,,,,,,Who references the changed classes/methods/fields?,12,Architecture,,,,,,
,,,,,,Is this changed location a hotspot for past bug-fixes? How many times has this location been fixed?,13,Meta,,,,,,
,,,,,,Is this changed location a hotspot for past changes? How many times has this location been changed?,14,Meta,,,,,,
,,,,,,What is the rationale behind this code change?,15,Code,,,,,,
