(Which change caused the stack trace?) Who caused this build to break?,Code,Change,Testing,
(Who owns the broken tests?) Who changed the test case most recently that caused the build to fail?,Meta,Change,Testing,People
[Is an entry] in newsgroup forum addressed to me because of the class mentioned?,Meta,Information,,
[What is my team doing?] What am I supposed to work on [plan on wiki]?,Meta,People,,
[What is] the collaboration tree around a feature?,Meta,People,,
[Which] API has changed (to see which methods are not supported any more)?,Architecture,Change,API,
"Across this path of calls or set of classes, where should functionality for this case be inserted?",Code,Structure,,
Are all calls coming from the same class?,Architecture,Structure,,
Are all the vulnerabilities related in my code?,Architecture,Testing,,
Are all these vulnerabilities the same severity?,Architecture,Testing,,
Are the benefits of this refactoring worth the time investment?,Code,Information,,
Are there any bugs related to this bug?,Architecture,Testing,,
Are there any dependent people on leave?,Meta,People,,
Are there any errors in the log?,Meta,Testing,,
Are there any links to solve my problem?,Meta,Information,,
Are there any new bugs related to my binaries?,Architecture,Testing,,
Are there any other places that need similar changes?,Architecture,Structure,Change,
Are there any tips for doing X?,Meta,Information,,
Are there any tools I can use?,Meta,Information,,
Are there OS-level changes on my servers?,Architecture,Structure,,
Are there other considerations to make when using the alternative(s)?,Architecture,Change,,
Can I verify the information the tool provides?,Meta,Information,,
Can my team members/resources provide me with more information?,Meta,People,Information,
Can this change be broken into smaller discreet changes?,Meta,Change,,
Can this method have high stack consumption from recursion?,Code,Behavior,,
Could this method call potentially be slow in some situation I need to consider?,Code,Behavior,,
Did I follow my team’s conventions?,Meta,Information,,
Did I make any mistakes in my new code?,Code,Testing,,
Did my teammates do this?,Meta,People,,
Do I understand?,Meta,Information,,
Do the test cases pass?,Architecture,Testing,,
Does data from this method/code travel to the database?,Architecture,MVC,,
Does the alternative function the same as what I’m currently using?,Code,Behavior,,
Does the user have access to this code?,Architecture,MVC,,
Does this change break any code elsewhere? How?,Architecture,Change,Testing,
Does this change introduce code clones? How?,Architecture,Change,,
"Does this change introduce poor design, or break the current design? How?",Architecture,Change,Testing,
Does this change introduce security bugs by over/under encoding?,Architecture,Change,Testing,
Does this other piece code have the same vulnerability as the code I’m working with?,Code,Testing,,
Does this type have any siblings in the type hierarchy?,Architecture,Structure,,
Does user input get validated/sanitized?,Code,MVC,,
"For a given module, what are the changes that affected it?",Code,Change,,
Has progress been made on blockers (blocking work items) in your milestone?,Meta,Change,,
Has this code always been this way?,Code,Change,,
Have changes in another branch been integrated into this branch?,Meta,Change,,
Have I seen this before?,Meta,Information,,
How are instances of these classes or data structures created and assembled?,Architecture,Structure,,
How are instances of these types created and assembled?,Code,Structure,,
How are these types or objects related? (whole-part),Architecture,Structure,,
How big is this code?,Code,Structure,,
How big is this in memory?,Code,Behavior,,
How can data be passed to (or accessed at) this point in the code?,Code,MVC,,
How can I annotate that these strings have been escaped and the tool should ignore the warning?,Meta,Information,,
How can I coordinate this code with this other data structure or function?,Code,MVC,,
How can I get calling information?,Architecture,Information,,
How can I move this code to this branch?,Meta,Information,,
How can I prevent this attack?,Architecture,Testing,,
How can I refactor this without breaking existing users?,Code,Structure,,
How can I replicate an attack to exploit this vulnerability?,Architecture,Testing,,
How can I test this code or functionality?,Code,Testing,,
How can we know this object has been created and initialized correctly?,Code,Testing,,
How did this ever work?,Code,Intent,,
How did this runtime state occur?,Code,Behavior,,
How difficult will this problem be to fix?,Meta,Testing,,
How do calls flow across process boundaries?,Architecture,Behavior,,
How do I build this without doing a full build?,Meta,Information,,
How do I convince my teammates to do this the “right way”?,Meta,People,Information,Conventions
How do I debug this bug in this environment?,Meta,Testing,,
How do I find where the information travels?,Architecture,Behavior,,
How do I fix this vulnerability?,Architecture,Testing,,
"How do I implement this, given this constraint?",Code,Structure,,
How do I use this data structure of function?,Code,MVC,,
How do I use this fix in my code?,Code,Testing,,
How do recently delivered changes affect changes that I am working on?,Meta,Change,,
How do resources prevent or resolve this?,Architecture,Structure,,
How do test cases relate to packages/classes?,Architecture,Structure,Testing,
How do the rankings compare?,Meta,Testing,,
How does application behavior vary in these different situations that might occur?,Architecture,Behavior,,
How does it implement this behavior?,Code,Behavior,,
How does my code compare to the alternative code in the example I found?,Code,Behavior,,
How does the caller method adapt to the change of its callees?,Code,Behavior,,
How does the information change as it travels through the programs?,Architecture,Behavior,,
How does the system behavior vary over these types or cases?,Architecture,Behavior,,
How does this change affect end user experience?,Architecture,Change,MVC,
How does this change affect the code base’s stability and maintainability?,Architecture,Change,,
How does this change affect the program’s performance?,Architecture,Change,Behavior,
How does this change alter the program’s dynamic behavior?,Architecture,Change,Behavior,
How does this code interact with libraries?,Architecture,Behavior,API,
How does this concept work?,Meta,Information,,
How does this data structure look at runtime?,Code,Behavior,,
How frequently do I imporve code quality?,Meta,Change,People,Structure
How frequently do I imporve test coverage?,Meta,Change,People,Testing
How hard is it to apply a fix to this code?,Code,Testing,,
How has it changed over time?,Meta,Change,,
How have resources I depend on changed?,Meta,Change,,
How is control getting (from here to) here?,Architecture,MVC,,
How is control getting (from that method) to this method?,Architecture,MVC,,
How is data put into this variable?,Architecture,MVC,,
How is the allocation lifetime of this object maintained?,Code,Behavior,,
How is the team organized?,Meta,People,,
"How is this feature or concern (object ownership, UI control, etc) implemented?",Code,Intent,,
How is this functionality organized into layers?,Architecture,Structure,,
How is this object different from that object?,Code,Structure,,
How many new quality issues did I inject/cause?,Meta,Change,People,Testing
How many of these objects get created?,Code,Behavior,,
How many recursive calls happen during this operation?,Code,Behavior,,
How much effort was put into this code?,Meta,People,,
How much test coverage did I increase/decrease?,Meta,Change,Testing,
How much work [have] people done?,Meta,People,,
How much work has someone performed in some module?,Meta,People,,
How overloaded are the parameters to this function?,Code,Structure,,
How serious is this vulnerability?,Meta,Testing,,
"How to ﬁnd emails (e.g., announcements) from certain groups?",Meta,Information,,
How was the process of changing a module?,Meta,Change,Convetions,
In what circumstances does this bug occur?,Code,Testing,,
In what situations does this failure occur?,Code,Testing,,
In what situations is this method called?,Code,Behavior,,
In what situations or user scenarios is this called?,Architecture,Behavior,,
Is any additional test case needed to cover this change?,Architecture,Testing,Change,
Is any upstream service or dependent component (of my system) changed?,Meta,Change,,
Is it possible to refactor this?,Code,Structure,,
Is my running binary failing or crashing?,Architecture,Testing,,
Is my server running out of resources?,Architecture,Testing,,
"Is my server shut down, restarted, or failing?",Architecture,Testing,,
Is our API understandable and flexible?,Architecture,Information,API,
Is progress (changes) being made on plan items?,Meta,Change,,
"Is the documentation wrong, or is the code wrong?",Code,Information,,
Is the existing design a good design?,Architecture,Structure,,
Is the method/variable ever being used?,Architecture,Behavior,,
Is the problem worth fixing?,Meta,Testing,,
Is the test or code responsible for this test failure?,Code,Testing,,
Is there a centralized place to ﬁnd all data?,Meta,Information,,
Is there a precedent or exemplar for this?,Architecture,Information,,
Is there a quick fix for automatically applying a fix?,Meta,Testing,,
"Is there an entity named something like this in that unit (for example in a project, package or class)?",Architecture,Structure,,
Is there any alert related to my system?,Meta,Testing,,
Is there any alerting condition change?,Meta,Testing,,
Is there any conﬁguration change to build ﬁle?,Architecture,Change,,
Is there any correlation between monitoring data from different sources?,Meta,Testing,,
"Is there any external event (e.g., FIFA word cup) that may affect my system workload?",Meta,Testing,,
Is there any latency spike in my system?,Meta,Testing,,
Is there any network change?,Meta,Testing,,
Is there any new code I need to pay attention to?,Meta,Change,,
Is there any new release containing my code?,Meta,Information,,
Is there any new user of this piece of code?,Meta,People,,
Is there any relevant conﬁguration change?,Meta,Change,Configuration,
Is there any resource utilization change in my running binaries?,Meta,Change,,
Is there functionality or code that could be refactored?,Code,Structure,,
Is there input coming from the user?,Architecture,MVC,,
Is this a legitimate problem?,Meta,Testing,,
Is this a real vulnerability?,Architecture,Testing,,
Is this a reliable/trusted resource?,Meta,Information,,
Is this change a (major) design/architectural change?,Architecture,Change,,
Is this change complete? Did it miss any place that should also be changed at the same time?,Architecture,Change,,
Is this change correct? Does it work as expected?,Architecture,Change,Behavior,
Is this change safe given the current phase in product lifecycle?,Architecture,Change,,
Is this changed location a hotspot for past bug-fixes? How many times has this location been fixed?,Meta,Change,,
Is this changed location a hotspot for past changes? How many times has this location been changed?,Meta,Change,,
Is this class or method thread-safe?,Code,Structure,,
Is this code correct?,Code,Testing,,
Is this code used to test the program/functionality?,Code,Testing,,
Is this doing what I expect it to?,Code,Intent,Behavior,
Is this entity or feature tested?,Architecture,Testing,,
Is this functionality already implemented?,Architecture,Structure,,
Is this library code?,Code,Structure,API,
Is this method call now redundant or unnecessary in this situation?,Code,Structure,,
"Is this method or code path called frequently, or is it dead?",Architecture,Behavior,,
Is this tested?,Meta,Testing,,
Is this the correct policy for doing this?,Meta,Information,,
Is this worth my time?,Meta,Information,,
Should I branch or code against the main branch?,Meta,Information,,
Should I refactor this?,Code,Structure,,
Should this binary be re-built?,Meta,Testing,,
To move this feature into this code what else needs to be moved?,Architecture,Structure,,
"To move this functionality (e.g., lines of code, methods, files) to here, what else needs to be moved?",Architecture,Structure,,
Under what circumstances is this method called or exception thrown?,Code,Behavior,,
"Was this intentional, accidental, or a hack?",Code,Intent,,
What are hidden (correlated) code issues that may be affecting quality?,Code,Testing,,
What are hidden (correlated) code issues that may be affecting test coverage?,Code,Testing,,
What are the alternatives for fixing this?,Architecture,Testing,,
What are the arguments to this function?,Code,Structure,,
What are the changes on newly resolved work items related to me?,Meta,Change,,
"What are the composition, ownership, or usage relationships of this type?",Code,Structure,,
What are the constraints on or normal values of this variable?,Architecture,Behavior,,
What are the correct argument names of this method?,Code,Structure,,
What are the differences between these files or types?,Architecture,Structure,,
"What are the implications of this change for API clients, security, concurrency, performance, platforms, tests, or obfuscation?",Meta,Change,API,
What are the implications of this change?,Architecture,Change,,
"What are the implications of this change? (e.g., what might break)",Architecture,Change,,
What are the parts of this type?,Architecture,Structure,,
What are the possible actual methods called by dynamic dispatch here?,Code,Behavior,,
What are the possible attacks that could occur?,Architecture,Testing,,
What are the values of these arguments at runtime?,Code,Behavior,,
What are they [coworkers] working on right now?,Meta,People,,
What assumptions about pre/post conditions can be made?,Code,Testing,,
What assumptions about preconditions does this code make?,Code,Testing,,
What caused this build to break?,Meta,Testing,,
What classes has my team been working on?,Meta,People,,
What classes have been changed?,Meta,Change,,
What code caused this notification to appear?,Code,Behavior,,
What code caused this program state?,Code,Behavior,,
What code could have caused this behavior?,Code,Behavior,,
What code directly or indirectly uses this data?,Architecture,MVC,,
What code is related to a change?,Meta,Change,,
What data can we access from this object?,Code,MVC,,
What data is being modified in this code?,Code,MVC,,
What data structures or functions can be used to implement this behavior?,Architecture,MVC,,
What depends on this code or design decision?,Code,Structure,,
What do I need to include to build this?,Meta,Information,,
What do other people’s dashboards look like?,Meta,Information,,
What do the vulnerability rankings mean?,Meta,Testing,,
What does the declaration or definition of this look like?,Code,Structure,,
What does the failure look like?,Code,Testing,,
What does the latency timeseries data look like?,Meta,Testing,,
What does the notification text say?,Meta,Information,,
What does this code depend on?,Code,Structure,,
What does this code do?,Code,Intent,,
What does this do in this case?,Code,Behavior,,
What else changed when this code was changed or inserted?,Meta,Change,,
What exceptions or errors can this method generate?,Code,Testing,,
What gets called when this method gets called?,Architecture,Structure,,
What has changed between two builds [and] who has changed it?,Meta,Change,People,
What has changed between two builds and by whom?,Meta,Change,People,
What have my coworkers been doing?,Meta,People,,
What have people been working on?,Meta,People,,
What implements this interface?,Architecture,Structure,,
What in this structure distinguishes these cases?,Architecture,Structure,,
What includes are unnecessary?,Code,Structure,,
What information is in the documentation?,Meta,Information,,
What information was relevant to my task?,Meta,Information,,
What is catching this exception?,Code,Testing,,
What is coming up next week [for my team]?,Meta,People,,
What is responsible for updating this field?,Architecture,Behavior,,
What is the “correct” way to use or access this data structure?,Code,MVC,,
What is the architecture of the code base?,Architecture,Structure,,
What is the behavior these types provide together and how is it distributed over the types?,Architecture,Behavior,Structure,
What is the context of this vulnerability/code?,Architecture,Testing,,
What is the correct order for calling these methods or initializing these objects?,Code,Structure,,
What is the correct way to use or access this data structure?,Architecture,MVC,,
"What is the difference between these similar parts of the code (e.g., between sets of methods)?",Code,Structure,,
What is the evolution of the code?,Meta,Change,,
What is the impact of a change in the source code?,Code,Change,,
What is the intent of this code?,Code,Intent,,
What is the mapping between these UI types and these model types?,Architecture,MVC,,
What is the method/variable used for in the program?,Architecture,Intent,,
What is the original source of this data?,Architecture,MVC,,
"What is the performance of this code on a large, real dataset?",Code,Behavior,,
What is the policy for doing this?,Meta,Information,,
What is the problem (potential attack)?,Architecture,Testing,,
What is the program supposed to do?,Architecture,Intent,,
What is the purpose of this code?,Code,Intent,,
What is the rationale behind this code change?,Code,Intent,Change,
What is the recent activity on a plan item?,Meta,Change,,
What is the relationship between the notification text and the code?,Architecture,Structure,,
What is the running status of my binary?,Meta,Testing,,
What is the term for this concept?,Meta,Information,,
What is the tool output telling me?,Meta,Information,,
What is the tool’s confidence?,Meta,Information,,
What is the variable’s type or what is the method’s return type?,Code,Structure,,
What is this concept?,Meta,Information,,
What is this type’s type hierarchy?,Architecture,Structure,,
What members of this class does this lock protect?,Code,Structure,,
What method implementation corresponds to my question?,Architecture,Structure,,
What other changes do I need to make to apply this fix?,Architecture,Testing,Change,
What parameter values could lead to this case?,Code,Behavior,,
What parameter values does each situation pass to this method?,Code,Behavior,,
What parts of this data structure are accessed in this code?,Code,MVC,,
What parts of this data structure are modified by this code?,Code,MVC,,
What recent changes have been made?,Meta,Change,,
What resources is this code using?,Code,Structure,,
What runtime state changed when this executed?,Code,Behavior,,
What server binary version has been deployed?,Meta,Information,,
What should I do first?,Meta,Information,,
What threads reach this code or data structure?,Code,MVC,,
What throws this exception?,Code,Testing,,
What tool do I need for this?,Meta,Information,,
What trainings are available regarding a topic/problem I am facing?,Meta,Information,,
What type of information does this resource link me to?,Meta,Information,,
What was that again?,Meta,Information,,
What was the reason behind the changes made in a given module?,Code,Intent,Change,
What were the most recent changes to the test that caused build failure?,Meta,Change,Testing,
What will be (or has been) the direct impact of this change?,Architecture,Change,,
What will be the total impact of this change?,Architecture,Change,,
What’s statically related to this code?,Code,Structure,,
What’s the best design for implementing this?,Architecture,Structure,,
What’s the most popular class? [Which class has been changed most?],Architecture,Change,Structure,
When a change occurred in the source code?,Meta,Change,,
When do I have to commit next?,Meta,Change,,
When during the execution is this method called?,Architecture,Behavior,,
"When investigating some application feature or functionality, how is it implemented?",Code,Intent,,
"When, how, by whom, and why was this code changed or inserted?",Code,Change,People,
Where am I in the code?,Code,Information,,
Where are instances of this class created?,Architecture,Structure,,
Where are other similar pieces of code?,Architecture,Structure,,
Where can I get more information?,Meta,Information,,
Where can this global variable be changed?,Architecture,MVC,,
Where does this information/data go?,Architecture,MVC,,
Where does this type fit in the type hierarchy?,Architecture,Structure,,
Where in the code is the text in this error message or UI element?,Architecture,MVC,,
Where in the UI should this functionality be added?,Architecture,MVC,,
Where is the data coming from?,Architecture,MVC,,
Where is the data referenced by this variable modified?,Architecture,MVC,,
Where is the method being called?,Architecture,Structure,,
Where is the method defined in the type hierarchy?,Architecture,Structure,,
Where is there any code involved in the implementation of this behavior?,Architecture,Structure,,
Where is this data structure used for this purpose?,Architecture,MVC,Intent,
Where is this defined?,Architecture,Structure,,
Where is this field declared in the type hierarchy?,Architecture,Structure,,
Where is this functionality implemented?,Architecture,Structure,,
Where is this method called or type referenced?,Architecture,Structure,,
Where is this method defined?,Architecture,Structure,,
Where is this method overridden?,Architecture,Structure,,
Where is this used in the code?,Architecture,Structure,,
Where is this variable or data structure being accessed?,Architecture,MVC,,
Where particular person has worked?,Meta,People,,
Where should this branch be inserted or how should this case be handled?,Architecture,Structure,,
Where was this variable last changed?,Code,Behavior,,
Which abstract methods should be implemented to this type?,Architecture,Structure,,
Which API has changed (check on web site)?,Meta,Change,API,
Which bugs should I work on?,Meta,Testing,,
Which changes are part of this submission?,Code,Change,,
Which changes caused the tests to fail and thus the build to break?,Code,Change,Testing,
Which code has recently changed that is related to me?,Meta,Change,,
Which code reviews have been assigned to which person?,Meta,People,,
Which conversations in work items have I been mentioned?,Meta,Information,,
Which documentation is linked to this code change?,Code,Information,,
Which emails are the most relevant ones to X?,Meta,Information,,
Which execution path is being taken in this case?,Architecture,Behavior,Structure,
Which features and functions have been changing?,Meta,Change,,
Which file are my co-workers working on right now?,Meta,People,,
Which function or object should I pick?,Architecture,Structure,,
Which module has been recently modified?,Meta,Change,,
Which module has undergone more changes?,Meta,Change,,
Which other code that I worked on uses this code pattern / utility function?,Architecture,Structure,,
Which other file changes affect the code that I am working on currently?,Architecture,Structure,,
Which part of the change may cause the test case(s) to fail?,Architecture,Change,Testing,
Which part of this code takes the most time?,Code,Behavior,,
Which preprocessor definitions were active when this was built?,Code,Information,Configuration,
Which sites/documents/kx-reference do I refer regarding a topic/coding problem?,Meta,Information,,
Which team’s component caused this bug?,Architecture,Testing,,
Which test cases should be run to verify this change?,Architecture,Testing,Change,
Which tests are becoming ﬂaky?,Meta,Testing,,
Which type represents this domain concept or this UI element or action?,Architecture,MVC,,
Which types is this type a part of?,Architecture,Structure,,
Who are the oncall engineers for this component?,Architecture,People,,
Who can call this?,Architecture,Structure,,
Who caused this build to break?,Meta,Testing,,
Who changed a particular file?,Meta,Change,,
Who changed a test case I owned/originally created?,Meta,Change,People,Testing
Who changed the test case which caused this build to fail?,Meta,Change,People,Testing
"Who changed this [code], focused on person?",Code,People,,
Who created the API [that I am about to change]?,Architecture,People,API,
Who has changed a module?,Meta,People,Change,
Who has made changes to [a] defect?,Meta,People,Change,Testing
Who has made changes to my classes?,Meta,People,,
Who has made comments in defect?,Meta,People,Testing,
Who has more impact in a given module?,Meta,People,,
Who implements this interface or these abstract methods?,Architecture,Structure,,
Who is the owner or expert for this code?,Code,People,,
Who is using that API [that I am about to change]?,Architecture,People,API,
Who is working on code that depends-on/uses the classes I am going to change?,Meta,People,,
Who is working on similar issues?,Meta,People,,
Who is working on the same classes as I am and for which work item?,Meta,People,,
Who is working on the same file as I am?,Meta,People,,
Who is working on what (classes/files)?,Meta,People,,
Who is working on what?,Meta,People,,
Who made a particular change and why?,Meta,People,Change,Intent
Who may know more about this issue?,Meta,People,Information,
Who originally created the code file I am going to change?,Meta,People,,
Who owns a test case? (Who resolved the last work item that fixed the test case?) ,Meta,People,Testing,
Who owns this piece of code? / Who modified it most?,Meta,People,,
Who owns this piece of code? / Who modified it the latest?,Meta,People,,
Who owns/originally-created a test case?,Meta,People,Testing,
Who references the changed classes/methods/fields?,Architecture,Structure,Change,
Who to assign a code review to? / Who has the knowledge to do the code review?,Meta,People,,
Who to talk to if you have to work with packages you haven’t worked with?,Meta,People,,
Who wrote this code?,Meta,People,,
Whom to talk to if you are having problems with a third party code/library?,Meta,People,Information,API
Whom to talk to regarding a particular project code file?,Meta,People,,
Why did the build break?,Meta,Testing,,
Why didn’t this happen?,Code,Testing,,
Why do I care?,Meta,Information,,
Why is the tool complaining?,Meta,Information,,
Why is this a vulnerability?,Meta,Testing,,
Why is this code needed?,Code,Intent,,
Why isn’t control reaching this point in the code?,Architecture,MVC,,
Why should I use this alternative method/approach to fix the vulnerability?,Architecture,Testing,,
Why was it done this way?,Code,Intent,,
Why was this code implemented this way?,Code,Intent,,
Why was this code written this way?,Code,Intent,,
Why wasn’t it done this other way?,Code,Intent,,
Why were they [these changes] introduced?,Meta,Intent,Change,
Will the code work the same after I apply the fix?,Code,Behavior,Testing,
Will the notification go away when I apply this fix?,Meta,Testing,,
Will this completely solve the problem or provide the enhancement?,Architecture,Change,,
Will usage of this method change?,Architecture,Change,Structure,
Does it exist?,General,,,
Does it have inputs?,General,,,
Does it have outputs?,General,,,
Does it have structure?,General,,,
Does it do anything?,General,,,
Is it used?,General,,,
Does it have a goal?,General,,,
Does it have requirements?,General,,,
Does it satisfy anything?,General,,,
Does it have context?,General,,,
What is it?,General,,,
What are the inputs?,General,,,
What are its outputs?,General,,,
What is its structure?,General,,,
What does it do?,General,,,
What uses it?,General,,,
What is its goal?,General,,,
What does it require?,General,,,
What does it satisfy?,General,,,
What is its context?,General,,,
How does it work?,General,,,
How are the inputs processed?,General,,,
How are the outpust processed?,General,,,
How is it structured?,General,,,
How does it do it?,General,,,
How is it used?,General,,,
How does the goal arise?,General,,,
How can the requirements be met?,General,,,
How are the conditions satisfied?,General,,,
How does it interact with its context?,General,,,
Why is it necessary?,General,,,
Why are the inputs necessary?,General,,,
Why are the outputs necessary?,General,,,
Why is it structured?,General,,,
Why does it do it?,General,,,
Why is it used?,General,,,
Why is the goal necessary?,General,,,
Why are the requirements necessary?,General,,,
Why are the satisfied conditions necessary?,General,,,
Why is the context necessary?,General,,,
When does it exist?,General,,,
When are the inputs provided?,General,,,
When is the output received?,General,,,
When is it structured?,General,,,
When does it work?,General,,,
When is it used?,General,,,
When does the goal arise?,General,,,
When doe the requirements arise?,General,,,
When does the post conditions arise?,General,,,
When is the context ready?,General,,,
Where does it exist?,General,,,
Where are the inputs?,General,,,
Where are the outputs?,General,,,
Where is it structured?,General,,,
Where does it work?,General,,,
Where is it used?,General,,,
Where does the goal arise?,General,,,
Where are the requirements?,General,,,
Where are the post conditions?,General,,,
Where is the context?,General,,,
,456,,,
