Theme,Classes,Questions
General,How,10
General,Is,10
General,What,10
General,When,10
General,Where,10
General,Why,10
Comprehension,Building on Those Points,15
Comprehension,Finding Initial Focus Points,5
Comprehension,Questions Over Groups of Subgraphs,11
Comprehension,Understanding a Subgraph,13
Comprehension,Evaluating the Change History,2
Comprehension,Exploring the Context and Impact of the Change,7
Comprehension,Reasoning and Assessing the Changes,6
Other,Other,1
Other,Other Questions,5
Testing,Reproducing a Failure,2
Testing,Triaging Bugs,3
Testing,Broken Builds,4
Testing,Test Cases,2
Testing,Debugging,8
Testing,Testing,5
Testing,Assessing the Application of the Fix,7
Testing,Relationship Between Vulnerabilities,2
Testing,Understanding Alternative Fixes and Approaches,5
Testing,Binary,6
Testing,Bugs,3
Testing,Environment Change,5
Testing,Monitoring Data,5
Testing,Tests,1
Testing,Build,6
Testing,Quality,3
Testing,Test,5
Architecture,Reasoning about Design,4
Architecture,Architecture,4
Architecture,Dependencies,2
Architecture,Location,3
Architecture,Type Relationships,4
Architecture,Preventing and Understanding Attacks,6
Architecture,Control Flow,9
Architecture,Data Flow,7
Architecture,Control Flow and Call Information,5
Architecture,Data Storage and Flow,6
Meta,Maintaining Awareness,3
Meta,References on the Web,4
Meta,Who is Working on What,7
Meta,Work Item Progress,4
Meta,History,6
Meta,Implications,1
Meta,Policies,3
Meta,Rationale,4
Meta,Teammates,3
Meta,Developer Planning and Self Reflection,7
Meta,End User Interaction,3
Meta,Locating Information,3
Meta,Resources and Documentation,6
Meta,Understanding and Interacting with Tools,6
Meta,Understanding Concepts,3
Meta,Vulnerability Severity and Ranking,4
Meta,Configuration,2
Meta,Documentation,4
Meta,Email,2
Meta,People,5
Meta,Source Code,3
Meta,Code/People,7
Meta,Guidance,4
Meta,Application Context and Usage,5
Code,Submitting a Change,3
Code,Understanding Execution Behavior,3
Code,Writing Code,3
Code,Changes to the Code,20
Code,Building and Branching,7
Code,Concurrency,3
Code,Contracts,6
Code,Implementing,3
Code,Intent and Implementation,3
Code,Method Properties,2
Code,Performance,5
Code,Refactoring,6
Code,Code Background and Functionality,6
Code,Confirming Expectations,1
Code,Notification Text,3
