Participant,Architecture Model #Number of corrections during session,"Character of corrections (refinements, e.g. additions of classes or relationships vs. corrections, e.g. substitution/removal)",Final architecture considered correct after looking at the system again?,System specific?,Points
ID1,4,Refinements/Corrections,yes,yes,0.5
ID2,4,Refinements,"yes, but names partially not remembered",yes,1
ID3,1,Refinements,yes,yes,1
ID4,1,Refinements,yes,yes,1
ID5,3,Refinements,yes,yes,1
ID6,0,,yes,"half (Client, Server, DB - but with many annotations)",0.5
ID7,0,,yes,no (Model-View-Controller),0
ID8,1,Refinements,yes,yes,1
ID9,2,Refinements,yes,yes,1
ID10,0,,yes,"no (Tree, no names)",0
ID11,1,Refinements,yes,yes,1
ID12,3,Refinements,yes,yes,1
ID13,1,Refinements/Corrections,yes,yes,0.5
ID14,1,Refinements,yes,yes,1
ID15,1,Refinements,yes,yes,1
ID16,1,Refinements,yes,yes,1
ID17,1,Refinements,yes,yes,1
