Participant,ID1,ID2,ID3,ID4,ID5,ID6,ID7,ID8,ID9,ID10,ID11,ID12,ID13,ID14,ID15,ID16,ID17
Can you draw a simple/abstract architecture of your system?,1,1,1,1,1,1,1,1,1,1,1,1,1,1,1,1,1
"Is a database functionality implemented in the system? If so, can you exemplify a corresponding file?",0.5,1,1,1,1,1,1,1,0,1,0,1,0,0.5,0,0,1
"Is a user interface implemented in the system? If so, can you exemplify a corresponding file?",0,1,1,1,1,1,1,1,0,0,1,1,0,0.5,0,1,1
Can you name a file that acts as the main controller of the system?,1,1,1,1,1,1,1,1,1,1,0,1,1,1,1,0.5,1
On which other functionalities does the file ____________________ rely?,1,0.5,1,0,0,1,0,1,0,1,0,0,1,0,,1,1
Can you exemplify a specific file/functionality you implemented by using a library?,0,0,1,0,0,1,0,1,1,1,0,1,1,0,0,0,0
,,,,,,,,,,,,,,,,,
When project life-cycle has the file __________________ last been changed?,0,1,0,0,0,0,0,0,0,0.5,0,0,0,0,0,0,0
"Can you exemplify a file which has recently been changed and the reason why (e.g., last 2-3 commits)?",0,1,0.5,1,0,1,1,1,0,1,1,0,1,1,0.5,0,0
Can you point out an old file that has especially rarely/often been changed?,0.5,1,1,0,0,0,0,0,0,0.5,1,1,1,1,0,0,0
How old is this file in the project life-cycle and how often has it been changed since the creation?,1,0,0.5,0,0,0,0,0,1,0.5,0,0,1,0,0,0,1
Who is the owner of file ____________________?,1,1,1,1,1,0,0,1,1,1,1,0,1,0,0,0,0
How big is the file ___________________?,0,0,0.5,0,0,0,0,0,1,0,0,0,0,0,0,0,1
,,,,,,,,,,,,,,,,,
What is the intent of the code in the file?,1,1,1,1,1,1,0.5,1,1,1,1,1,1,1,1,0.5,1
Is there a code smell in the code of file?,0.5,1,1,1,1,1,1,0,0,1,0,1,0,0.5,1,1,1
Which data (in data object or database) is modified by the class?,1,0,1,1,0,1,1,1,1,0,1,1,1,0,1,1,0.5
Which parameters does the following method need?,0,0,0,0,0,0,0,0,0,0,0,0,0,0,0.5,0,0.5
What type of data is returned by this method?,0,0,0,0,0,0,0,0,0,0,0,0,0,0,0.5,0,1
Which errors/exceptions can the method throw?,0,1,1,0,0,0,0,0,1,0,0,0,0,0,1,0.5,0
