Participant,What do you consider/reflect about when making a self-assessment of your familiarity?,Additional remarks,Comments made during self-assessment,Codes:,General structure/ architecture,Subject of past work,Educated guessing,"Effort/ ""Pain""",Identified lacks during answering questions,Comparison to other systems,Intent of program,Speed ,Details,Team responsibilities,Errors
,,,,,8,5,4,4,4,3,3,2,2,1,1
ID1,,"better architecture knowledge through iterations
ownership became clearer",,,x,,,,x,,,,,,
ID2,"Architecture (-> high level structure)
Recall/remember modifications
imagine IDE screen (code details based on file be seeing it)-> improves memory recall",code details difficult to remember,,,x,x,,,,,,,x,,
ID3,"Architecture/code
gut feeling",,,,x,,x,,,,,,,,
ID4,"How fast to start modifying it again 
spot errors",,,,,,,,,,,x,,,
ID5,just self-evaluated,,,,,,x,,,,,,,,
ID6,system structure -> ability to know parts and their locations (on more abstract level),,,,x,,,,,,,,,,
ID7,"architectural knowledge
own changes",,,,x,x,,,,,,,,,
ID8,"purpose/intent of code/program
pitfalls in coding (performance issues)",,,,,,,x,,,x,,,,
ID9,"compared to other projects
effort put into project
own contributions
->updates dependent on questions",,,,,x,,x,x,x,,,,,
ID10,"rule of thumb
memory on efforts (""experienced pain"")",,,,,,x,x,,,,,,,
ID11,knowledge about general structure (workflow),,,,x,,,,,,,,,,x
ID12,"split of team/responsibilities, reworks, on what worked, 
questions showed lacks of knowledge
introduced now developer",,,,,x,,x,x,,,,,x,
ID13,"knowledge about file existence and their purposes /intents
package structure, derive code purposes, filenames",,,,x,,,,,,x,,,,
ID14,"compared to moment of best knowledge
tendencies of questions performance for updates",,,,,,,,,x,,x,,,
ID15,"try remember the architecture, interaction between structures, for each file: a) how is it working, b) what structures does it contain, c) what does it do?, d) how did I implement it?",was difficult,,,x,x,,,,,x,,,,
ID16,How much I can recollect from memory,,"Whether or not I remember specific details of the implementation
I don't remember the details, but if I was to read it I would understand it very quickly
Compare to system I am currently developing",,,,,,,x,,,x,,
ID17,"quick ""I know the code"" (gut feeling)
second round after metadata- >""I don't remember exactly which code is there""",,"Varies a lot depending on age
Once you look at it it comes back, normally you don't have to remember",,,,x,,x,,,,,,
