Participant,Research/ Industry/ Personal,Domain,Programming Language,Size in LoC,Developers,
ID1,Academia,Document Parser,Java,small,2,
ID2,Academia,Model Editor,Java,small,3,
ID3,Academia,Security Analysis,Java,small,1,
ID4,Academia,DB Reinforcement Learning ,Python,<10k,4,
ID5,Academia,Static Code Analysis,Java,<10k,1,
ID6,Industry,DB Web-Service,"JavaScript, PHP",>10k,2,
ID7,Industry,Web-Service,PHP,>100k,1,
ID8,Academia,IDE,Java,>100k,ca. 50 (active 6),
ID9,Academia,DB Index structure,C++,>100k,3,
ID10,Academia,Static Code Analysis,Java,<10k,1,
ID11,Industry,Android App,Java,>10k,1,
ID12,Industry,ERP,C#,>100k,6,
ID13,Academia,Static Analysis,Java,<10k,1,
ID14,Academia,Service / Web Shop,Ruby,small,1,
ID15,Open Source,Geometry Processing,Rust,<10k,1,
ID16,Industry,Static Code Analysis Tool,OCAML,<10k,2,
ID17,Open Source,Traceability Management Tool,Java,<10k,5 active (+ here and there others),
